Workbook

Sheet Odometro-Kilometraje
A1: Control Contador Kilometraje de Trenes
B2: 45689 | C2: 45690 | D2: 45691 | E2: 45692 | F2: 45693 | G2: 45694 | H2: 45695 | I2: 45696 | J2: 45697 | K2: 45698 | L2: 45699 | M2: 45700 | N2: 45701 | O2: 45702 | P2: 45703 | Q2: 45704 | R2: 45705 | S2: 45706 | T2: 45707 | U2: 45708 | V2: 45709 | W2: 45710 | X2: 45711 | Y2: 45712 | Z2: 45713 | AA2: 45714 | AB2: 45715 | AC2: 45716
B3: Contador | C3: Contador | D3: Contador | E3: Contador | F3: Contador | G3: Contador | H3: Contador | I3: Contador | J3: Contador | K3: Contador | L3: Contador | M3: Contador | N3: Contador | O3: Contador | P3: Contador | Q3: Contador | R3: Contador | S3: Contador | T3: Contador | U3: Contador | V3: Contador | W3: Contador | X3: Contador | Y3: Contador | Z3: Contador | AA3: Contador | AB3: Contador | AC3: Contador
A4: Tren | B4: Odómetro | C4: Odómetro | D4: Odómetro | E4: Odómetro | F4: Odómetro | G4: Odómetro | H4: Odómetro | I4: Odómetro | J4: Odómetro | K4: Odómetro | L4: Odómetro | M4: Odómetro | N4: Odómetro | O4: Odómetro | P4: Odómetro | Q4: Odómetro | R4: Odómetro | S4: Odómetro | T4: Odómetro | U4: Odómetro | V4: Odómetro | W4: Odómetro | X4: Odómetro | Y4: Odómetro | Z4: Odómetro | AA4: Odómetro | AB4: Odómetro | AC4: Odómetro
A5: M01 | B5: 1980652 | C5: 1980652 | D5: 1980843 | E5: 1980845 | F5: 1981012 | G5: 1981615 | H5: 1982175 | I5: 1982691 | J5: 1983036 | K5: 1983231 | L5: 1983740 | M5: 1984190 | N5: 1984271 | O5: 1984409 | P5: 1984409 | Q5: 1984409 | R5: 1984412 | S5: 1984611 | T5: 1985128 | U5: 1985563 | V5: 1985875 | W5: 1985875 | X5: 1985875 | Y5: 1986461 | Z5: 1986482 | AA5: 1986673 | AB5: 1986924 | AC5: 1987509
A6: M02 | B6: 1968063 | C6: 1968169 | D6: 1968715 | E6: 1968893 | F6: 1969045 | G6: 1969236 | H6: 1969427 | I6: 1969427 | J6: 1969427 | K6: 1970015 | L6: 1970577 | M6: 1970771 | N6: 1971358 | O6: 1971919 | P6: 1971962 | Q6: 1972439 | R6: 1973000 | S6: 1973152 | T6: 1973404 | U6: 1973602 | V6: 1973629 | W6: 1973629 | X6: 1973629 | Y6: 1973629 | Z6: 1973629 | AA6: 1973629 | AB6: 1973650 | AC6: 1973652
A7: M03 | B7: 2032577 | C7: 2033095 | D7: 2033613 | E7: 2034217 | F7: 2034217 | G7: 2034498 | H7: 2034590 | I7: 2035109 | J7: 2035456 | K7: 2036017 | L7: 2036080 | M7: 2036212 | N7: 2036463 | O7: 2036622 | P7: 2037186 | Q7: 2037229 | R7: 2037834 | S7: 2038441 | T7: 2039002 | U7: 2039563 | V7: 2039929 | W7: 2040103 | X7: 2040469 | Y7: 2040636 | Z7: 2040914 | AA7: 2041192 | AB7: 2041624 | AC7: 2041887
A8: M04 | B8: 2038412 | C8: 2038412 | D8: 2038436 | E8: 2038436 | F8: 2038436 | G8: 2038436 | H8: 2038436 | I8: 2038436 | J8: 2038436 | K8: 2038783 | L8: 2039388 | M8: 2039760 | N8: 2039893 | O8: 2040178 | P8: 2040740 | Q8: 2041219 | R8: 2041784 | S8: 2041915 | T8: 2041916 | U8: 2041937 | V8: 2042128 | W8: 2042128 | X8: 2042363 | Y8: 2042838 | Z8: 2043057 | AA8: 2043534 | AB8: 2043685 | AC8: 2043937
A9: M05 | B9: 1946383 | C9: 1946383 | D9: 1946463 | E9: 1946680 | F9: 1946931 | G9: 1947519 | H9: 1947971 | I9: 1947971 | J9: 1947971 | K9: 1947971 | L9: 1948225 | M9: 1948477 | N9: 1948557 | O9: 1948557 | P9: 1948557 | Q9: 1948557 | R9: 1948579 | S9: 1948659 | T9: 1948679 | U9: 1948931 | V9: 1949459 | W9: 1950021 | X9: 1950538 | Y9: 1951214 | Z9: 1951372 | AA9: 1951825 | AB9: 1952030 | AC9: 1952281
A10: M06 | B10: 2054640 | C10: 2054640 | D10: 2054891 | E10: 2055494 | F10: 2056054 | G10: 2056248 | H10: 2056507 | I10: 2057024 | J10: 2057196 | K10: 2057715 | L10: 2057951 | M10: 2058453 | N10: 2058473 | O10: 2058475 | P10: 2058475 | Q10: 2058475 | R10: 2058614 | S10: 2059047 | T10: 2059420 | U10: 2059560 | V10: 2060036 | W10: 2060596 | X10: 2061113 | Y10: 2061634 | Z10: 2061767 | AA10: 2062353 | AB10: 2063028 | AC10: 2063615
A11: M07 | B11: 2083331 | C11: 2083333 | D11: 2083735 | E11: 2083736 | F11: 2083928 | G11: 2084182 | H11: 2084442 | I11: 2084794 | J11: 2084797 | K11: 2084888 | L11: 2084892 | M11: 2085025 | N11: 2085589 | O11: 2085593 | P11: 2086117 | Q11: 2086597 | R11: 2086662 | S11: 2086742 | T11: 2087003 | U11: 2087610 | V11: 2087901 | W11: 2087901 | X11: 2088137 | Y11: 2088632 | Z11: 2088632 | AA11: 2088982 | AB11: 2089506 | AC11: 2089640
A12: M08 | B12: 1988125 | C12: 1988645 | D12: 1988991 | E12: 1989081 | F12: 1989642 | G12: 1990049 | H12: 1990122 | I12: 1990122 | J12: 1990122 | K12: 1990357 | L12: 1990490 | M12: 1990974 | N12: 1991492 | O12: 1991512 | P12: 1991512 | Q12: 1991533 | R12: 1991536 | S12: 1992012 | T12: 1992617 | U12: 1992679 | V12: 1992870 | W12: 1992870 | X12: 1992870 | Y12: 1993121 | Z12: 1993449 | AA12: 1993601 | AB12: 1994188 | AC12: 1994451
A13: M09 | B13: 1971688 | C13: 1971688 | D13: 1972091 | E13: 1972172 | F13: 1972333 | G13: 1972336 | H13: 1972599 | I13: 1972762 | J13: 1973113 | K13: 1973533 | L13: 1973790 | M13: 1973831 | N13: 1974359 | O13: 1974975 | P13: 1974978 | Q13: 1975419 | R13: 1975857 | S13: 1976385 | T13: 1976741 | U13: 1976761 | V13: 1976763 | W13: 1976763 | X13: 1976763 | Y13: 1977018 | Z13: 1977222 | AA13: 1977313 | AB13: 1977909 | AC13: 1978420
A14: M10 | B14: 2048160 | C14: 2048204 | D14: 2048692 | E14: 2048956 | F14: 2049220 | G14: 2049420 | H14: 2049899 | I14: 2049942 | J14: 2050031 | K14: 2050034 | L14: 2050468 | M14: 2051033 | N14: 2051510 | O14: 2051650 | P14: 2051650 | Q14: 2051650 | R14: 2051931 | S14: 2052496 | T14: 2052630 | U14: 2053191 | V14: 2053752 | W14: 2054312 | X14: 2054528 | Y14: 2054679 | Z14: 2054806 | AA14: 2055199 | AB14: 2055351 | AC14: 2055614
A15: M11 | B15: 2063983 | C15: 2064460 | D15: 2065005 | E15: 2065208 | F15: 2065730 | G15: 2066250 | H15: 2066859 | I15: 2067380 | J15: 2067559 | K15: 2067719 | L15: 2067809 | M15: 2067812 | N15: 2067813 | O15: 2067813 | P15: 2067813 | Q15: 2067813 | R15: 2068094 | S15: 2068227 | T15: 2068481 | U15: 2068883 | V15: 2069490 | W15: 2070010 | X15: 2070376 | Y15: 2070517 | Z15: 2070641 | AA15: 2070870 | AB15: 2071131 | AC15: 2071551
A16: M12 | B16: 1905739 | C16: 1906257 | D16: 1906346 | E16: 1906479 | F16: 1906807 | G16: 1906888 | H16: 1906909 | I16: 1906909 | J16: 1906909 | K16: 1906988 | L16: 1907078 | M16: 1907254 | N16: 1907254 | O16: 1907335 | P16: 1907335 | Q16: 1907355 | R16: 1907502 | S16: 1908021 | T16: 1908291 | U16: 1908542 | V16: 1908794 | W16: 1908794 | X16: 1908794 | Y16: 1909194 | Z16: 1909612 | AA16: 1910063 | AB16: 1910341 | AC16: 1910972
... A39: XM35 | B39: 641961 | C39: 642392 | D39: 642479 | E39: 642479 | F39: 642479 | G39: 642500 | H39: 642501 | I39: 642501 | J39: 642501 | K39: 642985 | L39: 643418 | M39: 643982 | N39: 644389 | O39: 644391 | P39: 644391 | Q39: 644391 | R39: 644589 | S39: 644590 | T39: 644590 | U39: 644591 | V39: 644591 | W39: 644591 | X39: 644767 | Y39: 645284 | Z39: 645306 | AA39: 645437 | AB39: 645687 | AC39: 645879
A41: Kilometraje Diario Recorrido
B42: 45689 | C42: 45690 | D42: 45691 | E42: 45692 | F42: 45693 | G42: 45694 | H42: 45695 | I42: 45696 | J42: 45697 | K42: 45698 | L42: 45699 | M42: 45700 | N42: 45701 | O42: 45702 | P42: 45703 | Q42: 45704 | R42: 45705 | S42: 45706 | T42: 45707 | U42: 45708 | V42: 45709 | W42: 45710 | X42: 45711 | Y42: 45712 | Z42: 45713 | AA42: 45714 | AB42: 45715 | AC42: 45716
B43: Kilometraje | C43: Kilometraje | D43: Kilometraje | E43: Kilometraje | F43: Kilometraje | G43: Kilometraje | H43: Kilometraje | I43: Kilometraje | J43: Kilometraje | K43: Kilometraje | L43: Kilometraje | M43: Kilometraje | N43: Kilometraje | O43: Kilometraje | P43: Kilometraje | Q43: Kilometraje | R43: Kilometraje | S43: Kilometraje | T43: Kilometraje | U43: Kilometraje | V43: Kilometraje | W43: Kilometraje | X43: Kilometraje | Y43: Kilometraje | Z43: Kilometraje | AA43: Kilometraje | AB43: Kilometraje | AC43: Kilometraje
A44: Tren | B44: Diario | C44: Diario | D44: Diario | E44: Diario | F44: Diario | G44: Diario | H44: Diario | I44: Diario | J44: Diario | K44: Diario | L44: Diario | M44: Diario | N44: Diario | O44: Diario | P44: Diario | Q44: Diario | R44: Diario | S44: Diario | T44: Diario | U44: Diario | V44: Diario | W44: Diario | X44: Diario | Y44: Diario | Z44: Diario | AA44: Diario | AB44: Diario | AC44: Diario
A45: M01 | B45: 0 | C45: =C5-B5 -> 0 | D45: =D5-C5 -> 191 | E45: =E5-D5 -> 2 | F45: =F5-E5 -> 167 | G45: =G5-F5 -> 603 | H45: =H5-G5 -> 560 | I45: =I5-H5 -> 516 | J45: =J5-I5 -> 345 | ... AC45: =AC5-AB5 -> 585
A46: M02 | B46: 3 | C46: =C6-B6 -> 106 | D46: =D6-C6 -> 546 | E46: =E6-D6 -> 178 | F46: =F6-E6 -> 152 | G46: =G6-F6 -> 191 | H46: =H6-G6 -> 191 | I46: =I6-H6 -> 0 | J46: =J6-I6 -> 0 | ... AC46: =AC6-AB6 -> 2
A47: M03 | B47: 86 | C47: =C7-B7 -> 518 | D47: =D7-C7 -> 518 | E47: =E7-D7 -> 604 | F47: =F7-E7 -> 0 | G47: =G7-F7 -> 281 | H47: =H7-G7 -> 92 | I47: =I7-H7 -> 519 | J47: =J7-I7 -> 347 | ... AC47: =AC7-AB7 -> 263
A48: M04 | B48: 0 | C48: =C8-B8 -> 0 | D48: =D8-C8 -> 24 | E48: =E8-D8 -> 0 | F48: =F8-E8 -> 0 | G48: =G8-F8 -> 0 | H48: =H8-G8 -> 0 | I48: =I8-H8 -> 0 | J48: =J8-I8 -> 0 | ... AC48: =AC8-AB8 -> 252
A49: M05 | B49: 0 | C49: =C9-B9 -> 0 | D49: =D9-C9 -> 80 | E49: =E9-D9 -> 217 | F49: =F9-E9 -> 251 | G49: =G9-F9 -> 588 | H49: =H9-G9 -> 452 | I49: =I9-H9 -> 0 | J49: =J9-I9 -> 0 | ... AC49: =AC9-AB9 -> 251
A50: M06 | B50: 0 | C50: =C10-B10 -> 0 | D50: =D10-C10 -> 251 | E50: =E10-D10 -> 603 | F50: =F10-E10 -> 560 | G50: =G10-F10 -> 194 | H50: =H10-G10 -> 259 | I50: =I10-H10 -> 517 | J50: =J10-I10 -> 172 | ... AC50: =AC10-AB10 -> 587
A51: M07 | B51: 479 | C51: =C11-B11 -> 2 | D51: =D11-C11 -> 402 | E51: =E11-D11 -> 1 | F51: =F11-E11 -> 192 | G51: =G11-F11 -> 254 | H51: =H11-G11 -> 260 | I51: =I11-H11 -> 352 | J51: =J11-I11 -> 3 | ... AC51: =AC11-AB11 -> 134
A52: M08 | B52: 561 | C52: =C12-B12 -> 520 | D52: =D12-C12 -> 346 | E52: =E12-D12 -> 90 | F52: =F12-E12 -> 561 | G52: =G12-F12 -> 407 | H52: =H12-G12 -> 73 | I52: =I12-H12 -> 0 | J52: =J12-I12 -> 0 | ... AC52: =AC12-AB12 -> 263
A53: M09 | B53: 0 | C53: =C13-B13 -> 0 | D53: =D13-C13 -> 403 | E53: =E13-D13 -> 81 | F53: =F13-E13 -> 161 | G53: =G13-F13 -> 3 | H53: =H13-G13 -> 263 | I53: =I13-H13 -> 163 | J53: =J13-I13 -> 351 | ... AC53: =AC13-AB13 -> 511
A54: M10 | B54: 564 | C54: =C14-B14 -> 44 | D54: =D14-C14 -> 488 | E54: =E14-D14 -> 264 | F54: =F14-E14 -> 264 | G54: =G14-F14 -> 200 | H54: =H14-G14 -> 479 | I54: =I14-H14 -> 43 | J54: =J14-I14 -> 89 | ... AC54: =AC14-AB14 -> 263
A55: M11 | B55: 523 | C55: =C15-B15 -> 477 | D55: =D15-C15 -> 545 | E55: =E15-D15 -> 203 | F55: =F15-E15 -> 522 | G55: =G15-F15 -> 520 | H55: =H15-G15 -> 609 | I55: =I15-H15 -> 521 | J55: =J15-I15 -> 179 | ... AC55: =AC15-AB15 -> 420
A56: M12 | B56: 518 | C56: =C16-B16 -> 518 | D56: =D16-C16 -> 89 | E56: =E16-D16 -> 133 | F56: =F16-E16 -> 328 | G56: =G16-F16 -> 81 | H56: =H16-G16 -> 21 | I56: =I16-H16 -> 0 | J56: =J16-I16 -> 0 | ... AC56: =AC16-AB16 -> 631
... A79: XM35 | B79: 519 | C79: =C39-B39 -> 431 | D79: =D39-C39 -> 87 | E79: =E39-D39 -> 0 | F79: =F39-E39 -> 0 | G79: =G39-F39 -> 21 | H79: =H39-G39 -> 1 | I79: =I39-H39 -> 0 | J79: =J39-I39 -> 0 | ... AC79: =AC39-AB39 -> 192
A81: Kilometraje Diario | B81: =SUM(B45:B79) -> 6503 | C81: =SUM(C45:C79) -> 5048 | D81: =SUM(D45:D79) -> 8735 | E81: =SUM(E45:E79) -> 9144 | F81: =SUM(F45:F79) -> 9207 | G81: =SUM(G45:G79) -> 9301 | H81: =SUM(H45:H79) -> 9173 | I81: =SUM(I45:I79) -> 6414 | ... AC81: =SUM(AC45:AC79) -> 11004

Sheet KM-Servicio
H1: SA-MI | I1: 21.7 | J1: EB-PU | K1: 25.4 | L1: PU-SA | M1: 29.11 | N1: QU-LI / LI-QU | O1: 21.7 | P1: VM-PU | Q1: 8.3 | R1: VM-LI | S1: 34.83 | W1: PU-ES/ES-PU | X1: 11.71
B2: CANTIDAD DE SERVICIOS | D2: CANTIDAD DE SERVICIOS | H2: PU-PE | I2: 30.4 | J2: PO-SA | K2: 25.4 | L2: PU-LI | M2: 43.13 | N2: MI-LI / LI-MI | O2: 35.73 | P2: HO-LI/LI-HO | Q2: 33.97 | R2: PU-MI | S2: 7.4
B3: PROGRAMADOS | D3: REALIZADOS | F3: Origen-Destino | G3: Total Trenes | H3: Total Trenes P | I3: Total Servicios | J3: Kms.xTrenes | K3: Kmsxservicios. | L3: Asientos x Kms. | M3: Disp x Km. | N3: Total Odómetro | O3: % Uso Trenes | Q3: Cortes | T3: Acoples | W3: KmTren R | X3: KmTren P
B4: Simples | C4: Dobles | D4: Simples | E4: Dobles | Q4: EB | R4: SA | S4: PE | T4: EB | U4: SA | V4: PE
A5: 45689 | B5: 69 | C5: 3 | D5: ='Data Ocupacion'!D36 -> 69 | E5: ='Data Ocupacion'!E36 -> 3 | F5: PU-LI | G5: =D5+E5*2 -> 75 | H5: =B5+C5*2 -> 75 | I5: =D5+E5 -> 72 | J5: =G5*M$2 -> 3234.75 | K5: =I5*M$2 -> 3105.36 | L5: =J5*104 -> 336414 | M5: =I5*104 -> 7488 | W5: =J5-(Q5*($M$2-$K$1)+(R5*($M$2-$M$1))+ (S5*($M$2-$I$2))) -> 3234.75 | X5: =H5*$M$2 -> 3234.75
B6: 75 | C6: 0 | D6: ='Data Ocupacion'!D37 -> 75 | E6: ='Data Ocupacion'!E37 -> 0 | F6: LI-PU | G6: =D6+E6*2 -> 75 | H6: =B6+C6*2 -> 75 | I6: =D6+E6 -> 75 | J6: =G6*M$2 -> 3234.75 | K6: =I6*M$2 -> 3234.75 | L6: =J6*104 -> 336414 | M6: =I6*104 -> 7800 | W6: =J6-(T6*($M$2-$K$1)+(U6*($M$2-$M$1))) -> 3234.75 | X6: =H6*$M$2 -> 3234.75
B7: 0 | C7: 0 | D7: ='Data Ocupacion'!D38 -> 0 | E7: ='Data Ocupacion'!E38 -> 0 | F7: PU-SA | G7: =D7+E7*2 -> 0 | H7: =B7+C7*2 -> 0 | I7: =D7+E7 -> 0 | J7: =G7*M$1 -> 0 | K7: =I7*M$1 -> 0 | L7: =J7*104 -> 0 | M7: =I7*104 -> 0 | W7: =J7-(Q7*($M$1-$K$1)) -> 0 | X7: =H7*$M$1 -> 0
B8: 0 | C8: 0 | D8: ='Data Ocupacion'!D39 -> 0 | E8: ='Data Ocupacion'!E39 -> 0 | F8: SA-PU | G8: =D8+E8*2 -> 0 | H8: =B8+C8*2 -> 0 | I8: =D8+E8 -> 0 | J8: =G8*M$1 -> 0 | K8: =I8*M$1 -> 0 | L8: =J8*104 -> 0 | M8: =I8*104 -> 0 | W8: =J8 -> 0 | X8: =H8*$M$1 -> 0
B9: 0 | C9: 0 | D9: ='Data Ocupacion'!D40 -> 0 | E9: ='Data Ocupacion'!E40 -> 0 | F9: PU-EB | G9: =D9+E9*2 -> 0 | H9: =B9+C9*2 -> 0 | I9: =D9+E9 -> 0 | J9: =G9*K$1 -> 0 | K9: =I9*K$1 -> 0 | L9: =J9*104 -> 0 | M9: =I9*104 -> 0 | W9: =J9 -> 0 | X9: =H9*$K$1 -> 0
B10: 0 | C10: 0 | D10: ='Data Ocupacion'!D41 -> 0 | E10: ='Data Ocupacion'!E41 -> 0 | F10: EB-PU | G10: =D10+E10*2 -> 0 | H10: =B10+C10*2 -> 0 | I10: =D10+E10 -> 0 | J10: =G10*K$1 -> 0 | K10: =I10*K$1 -> 0 | L10: =J10*104 -> 0 | M10: =I10*104 -> 0 | W10: =J10 -> 0 | X10: =H10*$K$1 -> 0
B11: =SUM(B5:B10) -> 144 | C11: =SUM(C5:C10) -> 3 | D11: =SUM(D5:D10) -> 144 | E11: =SUM(E5:E10) -> 3 | G11: =SUM(G5:G10) -> 150 | H11: =D11+E11*2 -> 150 | I11: =SUM(I5:I10) -> 147 | J11: =SUM(J5:J10) -> 6469.5 | K11: =SUM(K5:K10) -> 6340.11 | L11: =SUM(L5:L10) -> 672828 | M11: =SUM(M5:M10) -> 15288 | N11: ='Odometro-Kilometraje'!B81 -> 6503 | O11: =(W11/N11)*100 -> 99.484853 | W11: =SUM(W5:W10) -> 6469.5 | X11: =SUM(X5:X10) -> 6469.5
A12: =A5+1 -> 45690 | B12: 51 | C12: 3 | D12: ='Data Ocupacion'!F36 -> 51 | E12: ='Data Ocupacion'!G36 -> 3 | F12: PU-LI | G12: =D12+E12*2 -> 57 | H12: =B12+C12*2 -> 57 | I12: =D12+E12 -> 54 | J12: =G12*M$2 -> 2458.41 | K12: =I12*M$2 -> 2329.02 | L12: =J12*104 -> 255674.64 | M12: =I12*104 -> 5616 | W12: =J12-(Q12*($M$2-$K$1)+(R12*($M$2-$M$1))+ (S12*($M$2-$I$2))+ (T12*($M$2-$K$1))) -> 2458.41 | X12: =H12*$M$2 -> 2458.41
B13: 57 | C13: 0 | D13: ='Data Ocupacion'!F37 -> 57 | E13: ='Data Ocupacion'!G37 -> 0 | F13: LI-PU | G13: =D13+E13*2 -> 57 | H13: =B13+C13*2 -> 57 | I13: =D13+E13 -> 57 | J13: =G13*M$2 -> 2458.41 | K13: =I13*M$2 -> 2458.41 | L13: =J13*104 -> 255674.64 | M13: =I13*104 -> 5928 | W13: =J13-(T13*($M$2-$K$1)+(U13*($M$2-$M$1))) -> 2458.41 | X13: =H13*$M$2 -> 2458.41
B14: 0 | C14: 0 | D14: ='Data Ocupacion'!F38 -> 0 | E14: ='Data Ocupacion'!G38 -> 0 | F14: PU-SA | G14: =D14+E14*2 -> 0 | H14: =B14+C14*2 -> 0 | I14: =D14+E14 -> 0 | J14: =G14*M$1 -> 0 | K14: =I14*M$1 -> 0 | L14: =J14*104 -> 0 | M14: =I14*104 -> 0 | W14: =J14-(Q14*($M$1-$K$1)) -> 0 | X14: =H15*$M$1 -> 0
B15: 0 | C15: 0 | D15: ='Data Ocupacion'!F39 -> 0 | E15: ='Data Ocupacion'!G39 -> 0 | F15: SA-PU | G15: =D15+E15*2 -> 0 | H15: =B15+C15*2 -> 0 | I15: =D15+E15 -> 0 | J15: =G15*M$1 -> 0 | K15: =I15*M$1 -> 0 | L15: =J15*104 -> 0 | M15: =I15*104 -> 0 | W15: =J15 -> 0 | X15: =H16*$M$1 -> 0
B16: 0 | C16: 0 | D16: ='Data Ocupacion'!F40 -> 0 | E16: ='Data Ocupacion'!G40 -> 0 | F16: PU-EB | G16: =D16+E16*2 -> 0 | H16: =B16+C16*2 -> 0 | I16: =D16+E16 -> 0 | J16: =G16*K$1 -> 0 | K16: =I16*K$1 -> 0 | L16: =J16*104 -> 0 | M16: =I16*104 -> 0 | W16: =J16 -> 0 | X16: =H17*$K$1 -> 0
B17: 0 | C17: 0 | D17: ='Data Ocupacion'!F41 -> 0 | E17: ='Data Ocupacion'!G41 -> 0 | F17: EB-PU | G17: =D17+E17*2 -> 0 | H17: =B17+C17*2 -> 0 | I17: =D17+E17 -> 0 | J17: =G17*K$1 -> 0 | K17: =I17*K$1 -> 0 | L17: =J17*104 -> 0 | M17: =I17*104 -> 0 | W17: =J17 -> 0 | X17: =H17*$K$1 -> 0
B18: =SUM(B12:B17) -> 108 | C18: =SUM(C12:C17) -> 3 | D18: =SUM(D12:D17) -> 108 | E18: =SUM(E12:E17) -> 3 | G18: =SUM(G12:G17) -> 114 | H18: =D18+E18*2 -> 114 | I18: =SUM(I12:I17) -> 111 | J18: =SUM(J12:J17) -> 4916.82 | K18: =SUM(K12:K17) -> 4787.43 | L18: =SUM(L12:L17) -> 511349.28 | M18: =SUM(M12:M17) -> 11544 | N18: ='Odometro-Kilometraje'!C81 -> 5048 | O18: =(W18/N18)*100 -> 97.401347 | W18: =SUM(W12:W17) -> 4916.82 | X18: =SUM(X12:X17) -> 4916.82
A19: =A12+1 -> 45691 | B19: 78 | C19: 1 | D19: ='Data Ocupacion'!H36 -> 66 | E19: ='Data Ocupacion'!I36 -> 3 | F19: PU-LI | G19: =D19+E19*2 -> 72 | H19: =B19+C19*2 -> 80 | I19: =D19+E19 -> 69 | J19: =G19*M$2 -> 3105.36 | K19: =I19*M$2 -> 2975.97 | L19: =J19*104 -> 322957.44 | M19: =I19*104 -> 7176 | W19: =J19-(Q19*($M$2-$K$1)+(R19*($M$2-$M$1))+ (S19*($M$2-$I$2))+(T19*$K$1)) -> 3105.36 | X19: =H19*$M$2 -> 3450.4
A20: Rige nueva planilla servicios siemples PU-Liy LI-PU | B20: 76 | C20: 2 | D20: ='Data Ocupacion'!H37 -> 68 | E20: ='Data Ocupacion'!I37 -> 3 | F20: LI-PU | G20: =D20+E20*2 -> 74 | H20: =B20+C20*2 -> 80 | I20: =D20+E20 -> 71 | J20: =G20*M$2 -> 3191.62 | K20: =I20*M$2 -> 3062.23 | L20: =J20*104 -> 331928.48 | M20: =I20*104 -> 7384 | W20: =J20-(T20*($M$2-$K$1)+(U20*($M$2-$M$1))) -> 3191.62 | X20: =H20*$M$2 -> 3450.4
B21: 33 | C21: 0 | D21: ='Data Ocupacion'!H38 -> 30 | E21: ='Data Ocupacion'!I38 -> 0 | F21: PU-SA | G21: =D21+E21*2 -> 30 | H21: =B21+C21*2 -> 33 | I21: =D21+E21 -> 30 | J21: =G21*M$1 -> 873.3 | K21: =I21*M$1 -> 873.3 | L21: =J21*104 -> 90823.2 | M21: =I21*104 -> 3120 | W21: =J21-(Q21*($M$1-$K$1)) -> 873.3 | X21: =H21*$M$1 -> 960.63
B22: 32 | C22: 0 | D22: ='Data Ocupacion'!H39 -> 29 | E22: ='Data Ocupacion'!I39 -> 0 | F22: SA-PU | G22: =D22+E22*2 -> 29 | H22: =B22+C22*2 -> 32 | I22: =D22+E22 -> 29 | J22: =G22*M$1 -> 844.19 | K22: =I22*M$1 -> 844.19 | L22: =J22*104 -> 87795.76 | M22: =I22*104 -> 3016 | W22: =J22 -> 844.19 | X22: =H22*$M$1 -> 931.52
B23: 0 | C23: 0 | D23: 0 | E23: ='Data Ocupacion'!I40 -> 0 | F23: PU-EB | G23: =D23+E23*2 -> 0 | H23: =B23+C23*2 -> 0 | I23: =D23+E23 -> 0 | J23: =G23*K$1 -> 0 | K23: =I23*K$1 -> 0 | L23: =J23*104 -> 0 | M23: =I23*104 -> 0 | W23: =J23 -> 0 | X23: =H23*$K$1 -> 0
B24: 0 | C24: 0 | D24: ='Data Ocupacion'!H42 -> 6 | E24: 0 | F24: PU-ES | G24: =D24+E24*2 -> 6 | H24: =B24+C24*2 -> 0 | I24: =D24+E24 -> 6 | J24: =G24*X$1 -> 70.26 | K24: =I24*X$1 -> 70.26 | L24: =J24*104 -> 7307.04 | M24: =I24*104 -> 624 | W24: =J24 -> 70.26 | X24: =H24*$X$1 -> 0
B25: 0 | C25: 0 | D25: ='Data Ocupacion'!H43 -> 4 | E25: 0 | F25: ES-PU | G25: =D25+E25*2 -> 4 | H25: =B25+C25*2 -> 0 | I25: =D25+E25 -> 4 | J25: =G25*X$1 -> 46.84 | K25: =I25*X$1 -> 46.84 | L25: =J25*104 -> 4871.36 | M25: =I25*104 -> 416 | W25: =J25 -> 46.84 | X25: =H25*$X$1 -> 0
B26: 1 | C26: 0 | D26: ='Data Ocupacion'!H41 -> 1 | E26: ='Data Ocupacion'!I41 -> 0 | F26: EB-PU | G26: =D26+E26*2 -> 1 | H26: =B26+C26*2 -> 1 | I26: =D26+E26 -> 1 | J26: =G26*K$1 -> 25.4 | K26: =I26*K$1 -> 25.4 | L26: =J26*104 -> 2641.6 | M26: =I26*104 -> 104 | W26: =J26 -> 25.4 | X26: =H26*$K$1 -> 25.4
B27: =SUM(B19:B26) -> 220 | C27: =SUM(C19:C26) -> 3 | D27: =SUM(D19:D26) -> 204 | E27: =SUM(E19:E26) -> 6 | G27: =SUM(G19:G26) -> 216 | H27: =D27+E27*2 -> 216 | I27: =SUM(I19:I26) -> 210 | J27: =SUM(J19:J26) -> 8156.97 | K27: =SUM(K19:K26) -> 7898.19 | L27: =SUM(L19:L26) -> 848324.88 | M27: =SUM(M19:M26) -> 21840 | N27: ='Odometro-Kilometraje'!D81 -> 8735 | O27: =(W27/N27)*100 -> 93.382599 | W27: =SUM(W19:W26) -> 8156.97 | X27: =SUM(X19:X26) -> 8818.35
A28: =A19+1 -> 45692 | B28: 78 | C28: 1 | D28: ='Data Ocupacion'!J36 -> 77 | E28: ='Data Ocupacion'!K36 -> 2 | F28: PU-LI | G28: =D28+E28*2 -> 81 | H28: =B28+C28*2 -> 80 | I28: =D28+E28 -> 79 | J28: =G28*M$2 -> 3493.53 | K28: =I28*M$2 -> 3407.27 | L28: =J28*104 -> 363327.12 | M28: =I28*104 -> 8216 | W28: =J28-(Q28*($M$2-$K$1)+(R28*($M$2-$M$1))+ (S28*($M$2-$I$2))) -> 3493.53 | X28: =H28*$M$2 -> 3450.4
B29: 76 | C29: 2 | D29: ='Data Ocupacion'!J37 -> 75 | E29: ='Data Ocupacion'!K37 -> 3 | F29: LI-PU | G29: =D29+E29*2 -> 81 | H29: =B29+C29*2 -> 80 | I29: =D29+E29 -> 78 | J29: =G29*M$2 -> 3493.53 | K29: =I29*M$2 -> 3364.14 | L29: =J29*104 -> 363327.12 | M29: =I29*104 -> 8112 | W29: =J29-(T29*($M$2-$K$1)+(U29*($M$2-$M$1))+(V29*($M$2-$I$2))) -> 3493.53 | X29: =H28*$M$2 -> 3450.4
B30: 33 | C30: 0 | D30: ='Data Ocupacion'!J38 -> 33 | E30: ='Data Ocupacion'!K38 -> 0 | F30: PU-SA | G30: =D30+E30*2 -> 33 | H30: =B30+C30*2 -> 33 | I30: =D30+E30 -> 33 | J30: =G30*M$1 -> 960.63 | K30: =I30*M$1 -> 960.63 | L30: =J30*104 -> 99905.52 | M30: =I30*104 -> 3432 | W30: =J30-(Q30*($M$1-$K$1)) -> 960.63 | X30: =H30*$M$1 -> 960.63
B31: 32 | C31: 0 | D31: ='Data Ocupacion'!J39 -> 32 | E31: ='Data Ocupacion'!K39 -> 0 | F31: SA-PU | G31: =D31+E31*2 -> 32 | H31: =B31+C31*2 -> 32 | I31: =D31+E31 -> 32 | J31: =G31*M$1 -> 931.52 | K31: =I31*M$1 -> 931.52 | L31: =J31*104 -> 96878.08 | M31: =I31*104 -> 3328 | W31: =J31 -> 931.52 | X31: =H31*$M$1 -> 931.52
B32: 0 | C32: 0 | D32: ='Data Ocupacion'!J40 -> 0 | E32: ='Data Ocupacion'!K40 -> 0 | F32: PU-EB | G32: =D32+E32*2 -> 0 | H32: =B32+C32*2 -> 0 | I32: =D32+E32 -> 0 | J32: =G32*K$1 -> 0 | K32: =I32*K$1 -> 0 | L32: =J32*104 -> 0 | M32: =I32*104 -> 0 | W32: =J32 -> 0 | X32: =H32*$K$1 -> 0
B33: 1 | C33: 0 | D33: ='Data Ocupacion'!J41 -> 1 | E33: ='Data Ocupacion'!K41 -> 0 | F33: EB-PU | G33: =D33+E33*2 -> 1 | H33: =B33+C33*2 -> 1 | I33: =D33+E33 -> 1 | J33: =G33*K$1 -> 25.4 | K33: =I33*K$1 -> 25.4 | L33: =J33*104 -> 2641.6 | M33: =I33*104 -> 104 | W33: =J33 -> 25.4 | X33: =H33*$K$1 -> 25.4
B34: =SUM(B28:B33) -> 220 | C34: =SUM(C28:C33) -> 3 | D34: =SUM(D28:D33) -> 218 | E34: =SUM(E28:E33) -> 5 | G34: =SUM(G28:G33) -> 228 | H34: =D34+E34*2 -> 228 | I34: =SUM(I28:I33) -> 223 | J34: =SUM(J28:J33) -> 8904.61 | K34: =SUM(K28:K33) -> 8688.96 | L34: =SUM(L28:L33) -> 926079.44 | M34: =SUM(M28:M33) -> 23192 | N34: ='Odometro-Kilometraje'!E81 -> 9144 | O34: =(W34/N34)*100 -> 97.381999 | W34: =SUM(W28:W33) -> 8904.61 | X34: =SUM(X28:X33) -> 8818.35
A35: =A28+1 -> 45693 | B35: 78 | C35: 1 | D35: ='Data Ocupacion'!L36 -> 78 | E35: ='Data Ocupacion'!M36 -> 1 | F35: PU-LI | G35: =D35+E35*2 -> 80 | H35: =B35+C35*2 -> 80 | I35: =D35+E35 -> 79 | J35: =G35*M$2 -> 3450.4 | K35: =I35*M$2 -> 3407.27 | L35: =J35*104 -> 358841.6 | M35: =I35*104 -> 8216 | W35: =J35-(Q35*($M$2-$K$1)+(R35*($M$2-$M$1))+ (S35*($M$2-$I$2))) -> 3450.4 | X35: =H35*$M$2 -> 3450.4
B36: 76 | C36: 2 | D36: ='Data Ocupacion'!L37 -> 76 | E36: ='Data Ocupacion'!M37 -> 2 | F36: LI-PU | G36: =D36+E36*2 -> 80 | H36: =B36+C36*2 -> 80 | I36: =D36+E36 -> 78 | J36: =G36*M$2 -> 3450.4 | K36: =I36*M$2 -> 3364.14 | L36: =J36*104 -> 358841.6 | M36: =I36*104 -> 8112 | W36: =J36-(T36*($M$2-$K$1)+(U36*($M$2-$M$1))) -> 3450.4 | X36: =H35*$M$2 -> 3450.4
B37: 33 | C37: 0 | D37: ='Data Ocupacion'!L38 -> 33 | E37: ='Data Ocupacion'!M38 -> 0 | F37: PU-SA | G37: =D37+E37*2 -> 33 | H37: =B37+C37*2 -> 33 | I37: =D37+E37 -> 33 | J37: =G37*M$1 -> 960.63 | K37: =I37*M$1 -> 960.63 | L37: =J37*104 -> 99905.52 | M37: =I37*104 -> 3432 | W37: =J37-(Q37*($M$1-$K$1)) -> 960.63 | X37: =H37*$M$1 -> 960.63
B38: 32 | C38: 0 | D38: ='Data Ocupacion'!L39 -> 32 | E38: ='Data Ocupacion'!M39 -> 0 | F38: SA-PU | G38: =D38+E38*2 -> 32 | H38: =B38+C38*2 -> 32 | I38: =D38+E38 -> 32 | J38: =G38*M$1 -> 931.52 | K38: =I38*M$1 -> 931.52 | L38: =J38*104 -> 96878.08 | M38: =I38*104 -> 3328 | W38: =J38 -> 931.52 | X38: =H38*$M$1 -> 931.52
B39: 0 | C39: 0 | D39: ='Data Ocupacion'!L40 -> 0 | E39: ='Data Ocupacion'!M40 -> 0 | F39: PU-EB | G39: =D39+E39*2 -> 0 | H39: =B39+C39*2 -> 0 | I39: =D39+E39 -> 0 | J39: =G39*K$1 -> 0 | K39: =I39*K$1 -> 0 | L39: =J39*104 -> 0 | M39: =I39*104 -> 0 | W39: =J39 -> 0 | X39: =H39*$K$1 -> 0
B40: 1 | C40: 0 | D40: ='Data Ocupacion'!L41 -> 1 | E40: ='Data Ocupacion'!M41 -> 0 | F40: EB-PU | G40: =D40+E40*2 -> 1 | H40: =B40+C40*2 -> 1 | I40: =D40+E40 -> 1 | J40: =G40*K$1 -> 25.4 | K40: =I40*K$1 -> 25.4 | L40: =J40*104 -> 2641.6 | M40: =I40*104 -> 104 | W40: =J40 -> 25.4 | X40: =H40*$K$1 -> 25.4
B41: =SUM(B35:B40) -> 220 | C41: =SUM(C35:C40) -> 3 | D41: =SUM(D35:D40) -> 220 | E41: =SUM(E35:E40) -> 3 | G41: =SUM(G35:G40) -> 226 | H41: =D41+E41*2 -> 226 | I41: =SUM(I35:I40) -> 223 | J41: =SUM(J35:J40) -> 8818.35 | K41: =SUM(K35:K40) -> 8688.96 | L41: =SUM(L35:L40) -> 917108.4 | M41: =SUM(M35:M40) -> 23192 | N41: ='Odometro-Kilometraje'!F81 -> 9207 | O41: =(W41/N41)*100 -> 95.778755 | W41: =SUM(W35:W40) -> 8818.35 | X41: =SUM(X35:X40) -> 8818.35
A42: =A35+1 -> 45694 | B42: 78 | C42: 1 | D42: ='Data Ocupacion'!N36 -> 78 | E42: ='Data Ocupacion'!O36 -> 1 | F42: PU-LI | G42: =D42+E42*2 -> 80 | H42: =B42+C42*2 -> 80 | I42: =D42+E42 -> 79 | J42: =G42*M$2 -> 3450.4 | K42: =I42*M$2 -> 3407.27 | L42: =J42*104 -> 358841.6 | M42: =I42*104 -> 8216 | W42: =J42-(Q42*($M$2-$K$1)+(R42*($M$2-$M$1))+ (S42*($M$2-$I$2))) -> 3450.4 | X42: =H42*$M$2 -> 3450.4
B43: 76 | C43: 2 | D43: ='Data Ocupacion'!N37 -> 76 | E43: ='Data Ocupacion'!O37 -> 2 | F43: LI-PU | G43: =D43+E43*2 -> 80 | H43: =B43+C43*2 -> 80 | I43: =D43+E43 -> 78 | J43: =G43*M$2 -> 3450.4 | K43: =I43*M$2 -> 3364.14 | L43: =J43*104 -> 358841.6 | M43: =I43*104 -> 8112 | W43: =J43-(T43*($M$2-$K$1)+(U43*($M$2-$M$1))) -> 3450.4 | X43: =H42*$M$2 -> 3450.4
B44: 33 | C44: 0 | D44: ='Data Ocupacion'!N38 -> 33 | E44: ='Data Ocupacion'!O38 -> 0 | F44: PU-SA | G44: =D44+E44*2 -> 33 | H44: =B44+C44*2 -> 33 | I44: =D44+E44 -> 33 | J44: =G44*M$1 -> 960.63 | K44: =I44*M$1 -> 960.63 | L44: =J44*104 -> 99905.52 | M44: =I44*104 -> 3432 | W44: =J44-(Q44*($M$1-$K$1)) -> 960.63 | X44: =H44*$M$1 -> 960.63
B45: 32 | C45: 0 | D45: ='Data Ocupacion'!N39 -> 32 | E45: ='Data Ocupacion'!O39 -> 0 | F45: SA-PU | G45: =D45+E45*2 -> 32 | H45: =B45+C45*2 -> 32 | I45: =D45+E45 -> 32 | J45: =G45*M$1 -> 931.52 | K45: =I45*M$1 -> 931.52 | L45: =J45*104 -> 96878.08 | M45: =I45*104 -> 3328 | W45: =J45 -> 931.52 | X45: =H45*$M$1 -> 931.52
B46: 0 | C46: 0 | D46: ='Data Ocupacion'!N40 -> 0 | E46: ='Data Ocupacion'!O40 -> 0 | F46: PU-EB | G46: =D46+E46*2 -> 0 | H46: =B46+C46*2 -> 0 | I46: =D46+E46 -> 0 | J46: =G46*K$1 -> 0 | K46: =I46*K$1 -> 0 | L46: =J46*104 -> 0 | M46: =I46*104 -> 0 | W46: =J46 -> 0 | X46: =H46*$K$1 -> 0
B47: 1 | C47: 0 | D47: ='Data Ocupacion'!N41 -> 1 | E47: ='Data Ocupacion'!O41 -> 0 | F47: EB-PU | G47: =D47+E47*2 -> 1 | H47: =B47+C47*2 -> 1 | I47: =D47+E47 -> 1 | J47: =G47*K$1 -> 25.4 | K47: =I47*K$1 -> 25.4 | L47: =J47*104 -> 2641.6 | M47: =I47*104 -> 104 | W47: =J47 -> 25.4 | X47: =H47*$K$1 -> 25.4
B48: =SUM(B42:B47) -> 220 | C48: =SUM(C42:C47) -> 3 | D48: =SUM(D42:D47) -> 220 | E48: =SUM(E42:E47) -> 3 | G48: =SUM(G42:G47) -> 226 | H48: =D48+E48*2 -> 226 | I48: =SUM(I42:I47) -> 223 | J48: =SUM(J42:J47) -> 8818.35 | K48: =SUM(K42:K47) -> 8688.96 | L48: =SUM(L42:L47) -> 917108.4 | M48: =SUM(M42:M47) -> 23192 | N48: ='Odometro-Kilometraje'!G81 -> 9301 | O48: =(W48/N48)*100 -> 94.810773 | W48: =SUM(W42:W47) -> 8818.35 | X48: =SUM(X42:X47) -> 8818.35
A49: =A42+1 -> 45695 | B49: 78 | C49: 1 | D49: ='Data Ocupacion'!P36 -> 78 | E49: ='Data Ocupacion'!Q36 -> 1 | F49: PU-LI | G49: =D49+E49*2 -> 80 | H49: =B49+C49*2 -> 80 | I49: =D49+E49 -> 79 | J49: =G49*M$2 -> 3450.4 | K49: =I49*M$2 -> 3407.27 | L49: =J49*104 -> 358841.6 | M49: =I49*104 -> 8216 | W49: =J49-(Q49*($M$2-$K$1)+(R49*($M$2-$M$1))+ (S49*($M$2-$I$2))) -> 3450.4 | X49: =H49*$M$2 -> 3450.4
B50: 76 | C50: 2 | D50: ='Data Ocupacion'!P37 -> 76 | E50: ='Data Ocupacion'!Q37 -> 2 | F50: LI-PU | G50: =D50+E50*2 -> 80 | H50: =B50+C50*2 -> 80 | I50: =D50+E50 -> 78 | J50: =G50*M$2 -> 3450.4 | K50: =I50*M$2 -> 3364.14 | L50: =J50*104 -> 358841.6 | M50: =I50*104 -> 8112 | W50: =J50-(T50*($M$2-$K$1)+(U50*($M$2-$M$1))) -> 3450.4 | X50: =H49*$M$2 -> 3450.4
B51: 33 | C51: 0 | D51: ='Data Ocupacion'!P38 -> 33 | E51: ='Data Ocupacion'!Q38 -> 0 | F51: PU-SA | G51: =D51+E51*2 -> 33 | H51: =B51+C51*2 -> 33 | I51: =D51+E51 -> 33 | J51: =G51*M$1 -> 960.63 | K51: =I51*M$1 -> 960.63 | L51: =J51*104 -> 99905.52 | M51: =I51*104 -> 3432 | W51: =J51-(Q51*($M$1-$K$1)) -> 960.63 | X51: =H51*$M$1 -> 960.63
B52: 32 | C52: 0 | D52: ='Data Ocupacion'!P39 -> 32 | E52: ='Data Ocupacion'!Q39 -> 0 | F52: SA-PU | G52: =D52+E52*2 -> 32 | H52: =B52+C52*2 -> 32 | I52: =D52+E52 -> 32 | J52: =G52*M$1 -> 931.52 | K52: =I52*M$1 -> 931.52 | L52: =J52*104 -> 96878.08 | M52: =I52*104 -> 3328 | W52: =J52 -> 931.52 | X52: =H52*$M$1 -> 931.52
B53: 0 | C53: 0 | D53: ='Data Ocupacion'!P40 -> 0 | E53: ='Data Ocupacion'!Q40 -> 0 | F53: PU-EB | G53: =D53+E53*2 -> 0 | H53: =B53+C53*2 -> 0 | I53: =D53+E53 -> 0 | J53: =G53*K$1 -> 0 | K53: =I53*K$1 -> 0 | L53: =J53*104 -> 0 | M53: =I53*104 -> 0 | W53: =J53 -> 0 | X53: =H53*$K$1 -> 0
B54: 1 | C54: 0 | D54: ='Data Ocupacion'!P41 -> 1 | E54: ='Data Ocupacion'!Q41 -> 0 | F54: EB-PU | G54: =D54+E54*2 -> 1 | H54: =B54+C54*2 -> 1 | I54: =D54+E54 -> 1 | J54: =G54*K$1 -> 25.4 | K54: =I54*K$1 -> 25.4 | L54: =J54*104 -> 2641.6 | M54: =I54*104 -> 104 | W54: =J54 -> 25.4 | X54: =H54*$K$1 -> 25.4
B55: =SUM(B49:B54) -> 220 | C55: =SUM(C49:C54) -> 3 | D55: =SUM(D49:D54) -> 220 | E55: =SUM(E49:E54) -> 3 | G55: =SUM(G49:G54) -> 226 | H55: =D55+E55*2 -> 226 | I55: =SUM(I49:I54) -> 223 | J55: =SUM(J49:J54) -> 8818.35 | K55: =SUM(K49:K54) -> 8688.96 | L55: =SUM(L49:L54) -> 917108.4 | M55: =SUM(M49:M54) -> 23192 | N55: ='Odometro-Kilometraje'!H81 -> 9173 | O55: =(W55/N55)*100 -> 96.133762 | W55: =SUM(W49:W54) -> 8818.35 | X55: =SUM(X49:X54) -> 8818.35
A56: =A49+1 -> 45696 | B56: 61 | C56: 6 | D56: ='Data Ocupacion'!R36 -> 61 | E56: ='Data Ocupacion'!S36 -> 6 | F56: PU-LI | G56: =D56+E56*2 -> 73 | H56: =B56+C56*2 -> 73 | I56: =D56+E56 -> 67 | J56: =G56*M$2 -> 3148.49 | K56: =I56*M$2 -> 2889.71 | L56: =J56*104 -> 327442.96 | M56: =I56*104 -> 6968 | W56: =J56-(Q56*($M$2-$K$1)+(R56*($M$2-$M$1))+ (S56*($M$2-$I$2))+(T56*$K$1)) -> 3148.49 | X56: =H56*$M$2 -> 3148.49
A57: Planilla especial Sabado 8 feb. Planillaa 12 y 30 min | B57: 69 | C57: 2 | D57: ='Data Ocupacion'!R37 -> 69 | E57: ='Data Ocupacion'!S37 -> 2 | F57: LI-PU | G57: =D57+E57*2 -> 73 | H57: =B57+C57*2 -> 73 | I57: =D57+E57 -> 71 | J57: =G57*M$2 -> 3148.49 | K57: =I57*M$2 -> 3062.23 | L57: =J57*104 -> 327442.96 | M57: =I57*104 -> 7384 | W57: =J57-(T57*($M$2-$K$1)+(U57*($M$2-$M$1))) -> 3148.49 | X57: =H56*$M$2 -> 3148.49
B58: 0 | C58: 0 | D58: ='Data Ocupacion'!R38 -> 0 | E58: ='Data Ocupacion'!S38 -> 0 | F58: PU-SA | G58: =D58+E58*2 -> 0 | H58: =B58+C58*2 -> 0 | I58: =D58+E58 -> 0 | J58: =G58*M$1 -> 0 | K58: =I58*M$1 -> 0 | L58: =J58*104 -> 0 | M58: =I58*104 -> 0 | W58: =J58-(Q58*($M$1-$K$1)) -> 0 | X58: =H58*$M$1 -> 0
B59: 0 | C59: 0 | D59: ='Data Ocupacion'!R39 -> 0 | E59: ='Data Ocupacion'!S39 -> 0 | F59: SA-PU | G59: =D59+E59*2 -> 0 | H59: =B59+C59*2 -> 0 | I59: =D59+E59 -> 0 | J59: =G59*M$1 -> 0 | K59: =I59*M$1 -> 0 | L59: =J59*104 -> 0 | M59: =I59*104 -> 0 | W59: =J59 -> 0 | X59: =H58*$M$1 -> 0 | BM59: v
B60: 0 | C60: 0 | D60: ='Data Ocupacion'!R40 -> 0 | E60: ='Data Ocupacion'!S40 -> 0 | F60: PU-EB | G60: =D60+E60*2 -> 0 | H60: =B60+C60*2 -> 0 | I60: =D60+E60 -> 0 | J60: =G60*K$1 -> 0 | K60: =I60*K$1 -> 0 | L60: =J60*104 -> 0 | M60: =I60*104 -> 0 | W60: =J60 -> 0 | X60: =H59*$K$1 -> 0
B61: 0 | C61: 0 | D61: ='Data Ocupacion'!R41 -> 0 | E61: ='Data Ocupacion'!S41 -> 0 | F61: EB-PU | G61: =D61+E61*2 -> 0 | H61: =B61+C61*2 -> 0 | I61: =D61+E61 -> 0 | J61: =G61*K$1 -> 0 | K61: =I61*K$1 -> 0 | L61: =J61*104 -> 0 | M61: =I61*104 -> 0 | W61: =J61 -> 0 | X61: =H60*$K$1 -> 0
B62: =SUM(B56:B61) -> 130 | C62: =SUM(C56:C61) -> 8 | D62: =SUM(D56:D61) -> 130 | E62: =SUM(E56:E61) -> 8 | G62: =SUM(G56:G61) -> 146 | H62: =D62+E62*2 -> 146 | I62: =SUM(I56:I61) -> 138 | J62: =SUM(J56:J61) -> 6296.98 | K62: =SUM(K56:K61) -> 5951.94 | L62: =SUM(L56:L61) -> 654885.92 | M62: =SUM(M56:M61) -> 14352 | N62: ='Odometro-Kilometraje'!I81 -> 6414 | O62: =(W62/N62)*100 -> 98.175553 | W62: =SUM(W56:W61) -> 6296.98 | X62: =SUM(X56:X61) -> 6296.98
A63: =A56+1 -> 45697 | B63: 0 | C63: 25 | D63: ='Data Ocupacion'!T36 -> 0 | E63: ='Data Ocupacion'!U36 -> 25 | F63: PU-LI | G63: =D63+E63*2 -> 50 | H63: =B63+C63*2 -> 50 | I63: =D63+E63 -> 25 | J63: =G63*M$2 -> 2156.5 | K63: =I63*M$2 -> 1078.25 | L63: =J63*104 -> 224276 | M63: =I63*104 -> 2600 | W63: =J63-(Q63*($M$2-$K$1)+(R63*($M$2-$M$1))+ (S63*($M$2-$I$2))+(T63*$K$1)) -> 2156.5 | X63: =H63*$M$2 -> 2156.5
A64: Planilla especial domingo 9 feb. Planilla 30 min. | B64: 2 | C64: 25 | D64: ='Data Ocupacion'!T37 -> 2 | E64: ='Data Ocupacion'!U37 -> 25 | F64: LI-PU | G64: =D64+E64*2 -> 52 | H64: =B64+C64*2 -> 52 | I64: =D64+E64 -> 27 | J64: =G64*M$2 -> 2242.76 | K64: =I64*M$2 -> 1164.51 | L64: =J64*104 -> 233247.04 | M64: =I64*104 -> 2808 | W64: =J64-(T64*($M$2-$K$1)+(U64*($M$2-$M$1))) -> 2242.76 | X64: =H64*$M$2 -> 2242.76
B65: 0 | C65: 0 | D65: ='Data Ocupacion'!T38 -> 0 | E65: ='Data Ocupacion'!U38 -> 0 | F65: PU-SA | G65: =D65+E65*2 -> 0 | H65: =B65+C65*2 -> 0 | I65: =D65+E65 -> 0 | J65: =G65*M$1 -> 0 | K65: =I65*M$1 -> 0 | L65: =J65*104 -> 0 | M65: =I65*104 -> 0 | W65: =J65-(Q65*($M$1-$K$1)) -> 0 | X65: =H65*$M$1 -> 0
B66: 0 | C66: 0 | D66: ='Data Ocupacion'!T39 -> 0 | E66: ='Data Ocupacion'!U39 -> 0 | F66: SA-PU | G66: =D66+E66*2 -> 0 | H66: =B66+C66*2 -> 0 | I66: =D66+E66 -> 0 | J66: =G66*M$1 -> 0 | K66: =I66*M$1 -> 0 | L66: =J66*104 -> 0 | M66: =I66*104 -> 0 | W66: =J66 -> 0 | X66: =H65*$M$1 -> 0
B67: 0 | C67: 0 | D67: ='Data Ocupacion'!T40 -> 0 | E67: ='Data Ocupacion'!U40 -> 0 | F67: PU-EB | G67: =D67+E67*2 -> 0 | H67: =B67+C67*2 -> 0 | I67: =D67+E67 -> 0 | J67: =G67*K$1 -> 0 | K67: =I67*K$1 -> 0 | L67: =J67*104 -> 0 | M67: =I67*104 -> 0 | W67: =J67 -> 0 | X67: =H66*$K$1 -> 0
B68: 0 | C68: 0 | D68: ='Data Ocupacion'!T41 -> 0 | E68: ='Data Ocupacion'!U41 -> 0 | F68: EB-PU | G68: =D68+E68*2 -> 0 | H68: =B68+C68*2 -> 0 | I68: =D68+E68 -> 0 | J68: =G68*K$1 -> 0 | K68: =I68*K$1 -> 0 | L68: =J68*104 -> 0 | M68: =I68*104 -> 0 | W68: =J68 -> 0 | X68: =H67*$K$1 -> 0
B69: =SUM(B63:B68) -> 2 | C69: =SUM(C63:C68) -> 50 | D69: =SUM(D63:D68) -> 2 | E69: =SUM(E63:E68) -> 50 | G69: =SUM(G63:G68) -> 102 | H69: =D69+E69*2 -> 102 | I69: =SUM(I63:I68) -> 52 | J69: =SUM(J63:J68) -> 4399.26 | K69: =SUM(K63:K68) -> 2242.76 | L69: =SUM(L63:L68) -> 457523.04 | M69: =SUM(M63:M68) -> 5408 | N69: ='Odometro-Kilometraje'!J81 -> 4530 | O69: =(W69/N69)*100 -> 97.113907 | W69: =SUM(W63:W68) -> 4399.26 | X69: =SUM(X63:X68) -> 4399.26
A70: =A63+1 -> 45698 | B70: 78 | C70: 1 | D70: ='Data Ocupacion'!V36 -> 79 | E70: ='Data Ocupacion'!W36 -> 1 | F70: PU-LI | G70: =D70+E70*2 -> 81 | H70: =B70+C70*2 -> 80 | I70: =D70+E70 -> 80 | J70: =G70*M$2 -> 3493.53 | K70: =I70*M$2 -> 3450.4 | L70: =J70*104 -> 363327.12 | M70: =I70*104 -> 8320 | W70: =J70-(Q70*($M$2-$K$1)+(R70*($M$2-$M$1))+ (S70*($M$2-$I$2))) -> 3493.53 | X70: =H70*$M$2 -> 3450.4
B71: 76 | C71: 2 | D71: ='Data Ocupacion'!V37 -> 76 | E71: ='Data Ocupacion'!W37 -> 2 | F71: LI-PU | G71: =D71+E71*2 -> 80 | H71: =B71+C71*2 -> 80 | I71: =D71+E71 -> 78 | J71: =G71*M$2 -> 3450.4 | K71: =I71*M$2 -> 3364.14 | L71: =J71*104 -> 358841.6 | M71: =I71*104 -> 8112 | W71: =J71-(T71*($M$2-$K$1)+(U71*($M$2-$M$1))) -> 3450.4 | X71: =H71*$M$2 -> 3450.4
B72: 33 | C72: 0 | D72: ='Data Ocupacion'!V38 -> 31 | E72: ='Data Ocupacion'!W38 -> 0 | F72: PU-SA | G72: =D72+E72*2 -> 31 | H72: =B72+C72*2 -> 33 | I72: =D72+E72 -> 31 | J72: =G72*M$1 -> 902.41 | K72: =I72*M$1 -> 902.41 | L72: =J72*104 -> 93850.64 | M72: =I72*104 -> 3224 | W72: =J72-(Q72*($M$1-$K$1)) -> 902.41 | X72: =H72*$M$1 -> 960.63
B73: 32 | C73: 0 | D73: ='Data Ocupacion'!V39 -> 32 | E73: ='Data Ocupacion'!W39 -> 0 | F73: SA-PU | G73: =D73+E73*2 -> 32 | H73: =B73+C73*2 -> 32 | I73: =D73+E73 -> 32 | J73: =G73*M$1 -> 931.52 | K73: =I73*M$1 -> 931.52 | L73: =J73*104 -> 96878.08 | M73: =I73*104 -> 3328 | W73: =J73 -> 931.52 | X73: =H73*$M$1 -> 931.52
B74: 0 | C74: 0 | D74: ='Data Ocupacion'!V40 -> 0 | E74: ='Data Ocupacion'!W40 -> 0 | F74: PU-EB | G74: =D74+E74*2 -> 0 | H74: =B74+C74*2 -> 0 | I74: =D74+E74 -> 0 | J74: =G74*K$1 -> 0 | K74: =I74*K$1 -> 0 | L74: =J74*104 -> 0 | M74: =I74*104 -> 0 | W74: =J74 -> 0 | X74: =H74*$K$1 -> 0
B75: 1 | C75: 0 | D75: ='Data Ocupacion'!V41 -> 1 | E75: ='Data Ocupacion'!W41 -> 0 | F75: EB-PU | G75: =D75+E75*2 -> 1 | H75: =B75+C75*2 -> 1 | I75: =D75+E75 -> 1 | J75: =G75*K$1 -> 25.4 | K75: =I75*K$1 -> 25.4 | L75: =J75*104 -> 2641.6 | M75: =I75*104 -> 104 | W75: =J75 -> 25.4 | X75: =H75*$K$1 -> 25.4
B76: =SUM(B70:B75) -> 220 | C76: =SUM(C70:C75) -> 3 | D76: =SUM(D70:D75) -> 219 | E76: =SUM(E70:E75) -> 3 | G76: =SUM(G70:G75) -> 225 | H76: =D76+E76*2 -> 225 | I76: =SUM(I70:I75) -> 222 | J76: =SUM(J70:J75) -> 8803.26 | K76: =SUM(K70:K75) -> 8673.87 | L76: =SUM(L70:L75) -> 915539.04 | M76: =SUM(M70:M75) -> 23088 | N76: ='Odometro-Kilometraje'!K81 -> 9244 | O76: =(W76/N76)*100 -> 95.232151 | W76: =SUM(W70:W75) -> 8803.26 | X76: =SUM(X70:X75) -> 8818.35
A77: =A70+1 -> 45699 | B77: 78 | C77: 1 | D77: ='Data Ocupacion'!X36 -> 78 | E77: ='Data Ocupacion'!Y36 -> 1 | F77: PU-LI | G77: =D77+E77*2 -> 80 | H77: =B77+C77*2 -> 80 | I77: =D77+E77 -> 79 | J77: =G77*M$2 -> 3450.4 | K77: =I77*M$2 -> 3407.27 | L77: =J77*104 -> 358841.6 | M77: =I77*104 -> 8216 | W77: =J77-(Q77*($M$2-$K$1)+(R77*($M$2-$M$1))+ (S77*($M$2-$I$2))) -> 3450.4 | X77: =H77*$M$2 -> 3450.4
B78: 76 | C78: 2 | D78: ='Data Ocupacion'!X37 -> 76 | E78: ='Data Ocupacion'!Y37 -> 2 | F78: LI-PU | G78: =D78+E78*2 -> 80 | H78: =B78+C78*2 -> 80 | I78: =D78+E78 -> 78 | J78: =G78*M$2 -> 3450.4 | K78: =I78*M$2 -> 3364.14 | L78: =J78*104 -> 358841.6 | M78: =I78*104 -> 8112 | W78: =J78-(T78*($M$2-$K$1)+(U78*($M$2-$M$1))) -> 3450.4 | X78: =H78*$M$2 -> 3450.4
B79: 33 | C79: 0 | D79: ='Data Ocupacion'!X38 -> 33 | E79: ='Data Ocupacion'!Y38 -> 0 | F79: PU-SA | G79: =D79+E79*2 -> 33 | H79: =B79+C79*2 -> 33 | I79: =D79+E79 -> 33 | J79: =G79*M$1 -> 960.63 | K79: =I79*M$1 -> 960.63 | L79: =J79*104 -> 99905.52 | M79: =I79*104 -> 3432 | W79: =J79-(Q79*($M$1-$K$1)) -> 960.63 | X79: =H79*$M$1 -> 960.63
B80: 32 | C80: 0 | D80: ='Data Ocupacion'!X39 -> 32 | E80: ='Data Ocupacion'!Y39 -> 0 | F80: SA-PU | G80: =D80+E80*2 -> 32 | H80: =B80+C80*2 -> 32 | I80: =D80+E80 -> 32 | J80: =G80*M$1 -> 931.52 | K80: =I80*M$1 -> 931.52 | L80: =J80*104 -> 96878.08 | M80: =I80*104 -> 3328 | W80: =J80 -> 931.52 | X80: =H80*$M$1 -> 931.52
B81: 0 | C81: 0 | D81: ='Data Ocupacion'!X40 -> 0 | E81: ='Data Ocupacion'!Y40 -> 0 | F81: PU-EB | G81: =D81+E81*2 -> 0 | H81: =B81+C81*2 -> 0 | I81: =D81+E81 -> 0 | J81: =G81*K$1 -> 0 | K81: =I81*K$1 -> 0 | L81: =J81*104 -> 0 | M81: =I81*104 -> 0 | W81: =J81 -> 0 | X81: =H81*$K$1 -> 0
B82: 1 | C82: 0 | D82: ='Data Ocupacion'!X41 -> 1 | E82: ='Data Ocupacion'!Y41 -> 0 | F82: EB-PU | G82: =D82+E82*2 -> 1 | H82: =B82+C82*2 -> 1 | I82: =D82+E82 -> 1 | J82: =G82*K$1 -> 25.4 | K82: =I82*K$1 -> 25.4 | L82: =J82*104 -> 2641.6 | M82: =I82*104 -> 104 | W82: =J82 -> 25.4 | X82: =H82*$K$1 -> 25.4
B83: =SUM(B77:B82) -> 220 | C83: =SUM(C77:C82) -> 3 | D83: =SUM(D77:D82) -> 220 | E83: =SUM(E77:E82) -> 3 | G83: =SUM(G77:G82) -> 226 | H83: =D83+E83*2 -> 226 | I83: =SUM(I77:I82) -> 223 | J83: =SUM(J77:J82) -> 8818.35 | K83: =SUM(K77:K82) -> 8688.96 | L83: =SUM(L77:L82) -> 917108.4 | M83: =SUM(M77:M82) -> 23192 | N83: ='Odometro-Kilometraje'!L81 -> 9189 | O83: =(W83/N83)*100 -> 95.966373 | W83: =SUM(W77:W82) -> 8818.35 | X83: =SUM(X77:X82) -> 8818.35
A84: =A77+1 -> 45700 | B84: 78 | C84: 1 | D84: ='Data Ocupacion'!Z36 -> 78 | E84: ='Data Ocupacion'!AA36 -> 1 | F84: PU-LI | G84: =D84+E84*2 -> 80 | H84: =B84+C84*2 -> 80 | I84: =D84+E84 -> 79 | J84: =G84*M$2 -> 3450.4 | K84: =I84*M$2 -> 3407.27 | L84: =J84*104 -> 358841.6 | M84: =I84*104 -> 8216 | W84: =J84-(Q84*($M$2-$K$1)+(R84*($M$2-$M$1))+ (S84*($M$2-$I$2))) -> 3450.4 | X84: =H84*$M$2 -> 3450.4
B85: 76 | C85: 2 | D85: ='Data Ocupacion'!Z37 -> 76 | E85: ='Data Ocupacion'!AA37 -> 2 | F85: LI-PU | G85: =D85+E85*2 -> 80 | H85: =B85+C85*2 -> 80 | I85: =D85+E85 -> 78 | J85: =G85*M$2 -> 3450.4 | K85: =I85*M$2 -> 3364.14 | L85: =J85*104 -> 358841.6 | M85: =I85*104 -> 8112 | W85: =J85-(T85*($M$2-$K$1)+(U85*($M$2-$M$1))) -> 3450.4 | X85: =H85*$M$2 -> 3450.4
B86: 33 | C86: 0 | D86: ='Data Ocupacion'!Z38 -> 33 | E86: ='Data Ocupacion'!AA38 -> 0 | F86: PU-SA | G86: =D86+E86*2 -> 33 | H86: =B86+C86*2 -> 33 | I86: =D86+E86 -> 33 | J86: =G86*M$1 -> 960.63 | K86: =I86*M$1 -> 960.63 | L86: =J86*104 -> 99905.52 | M86: =I86*104 -> 3432 | W86: =J86-(Q86*($M$1-$K$1)) -> 960.63 | X86: =H86*$M$1 -> 960.63
B87: 32 | C87: 0 | D87: ='Data Ocupacion'!Z39 -> 32 | E87: ='Data Ocupacion'!AA39 -> 0 | F87: SA-PU | G87: =D87+E87*2 -> 32 | H87: =B87+C87*2 -> 32 | I87: =D87+E87 -> 32 | J87: =G87*M$1 -> 931.52 | K87: =I87*M$1 -> 931.52 | L87: =J87*104 -> 96878.08 | M87: =I87*104 -> 3328 | W87: =J87 -> 931.52 | X87: =H87*$M$1 -> 931.52
B88: 0 | C88: 0 | D88: ='Data Ocupacion'!Z40 -> 0 | E88: ='Data Ocupacion'!AA40 -> 0 | F88: PU-EB | G88: =D88+E88*2 -> 0 | H88: =B88+C88*2 -> 0 | I88: =D88+E88 -> 0 | J88: =G88*K$1 -> 0 | K88: =I88*K$1 -> 0 | L88: =J88*104 -> 0 | M88: =I88*104 -> 0 | W88: =J88 -> 0 | X88: =H88*$K$1 -> 0
B89: 1 | C89: 0 | D89: ='Data Ocupacion'!Z41 -> 1 | E89: ='Data Ocupacion'!AA41 -> 0 | F89: EB-PU | G89: =D89+E89*2 -> 1 | H89: =B89+C89*2 -> 1 | I89: =D89+E89 -> 1 | J89: =G89*K$1 -> 25.4 | K89: =I89*K$1 -> 25.4 | L89: =J89*104 -> 2641.6 | M89: =I89*104 -> 104 | W89: =J89 -> 25.4 | X89: =H89*$K$1 -> 25.4
B90: =SUM(B84:B89) -> 220 | C90: =SUM(C84:C89) -> 3 | D90: =SUM(D84:D89) -> 220 | E90: =SUM(E84:E89) -> 3 | G90: =SUM(G84:G89) -> 226 | H90: =D90+E90*2 -> 226 | I90: =SUM(I84:I89) -> 223 | J90: =SUM(J84:J89) -> 8818.35 | K90: =SUM(K84:K89) -> 8688.96 | L90: =SUM(L84:L89) -> 917108.4 | M90: =SUM(M84:M89) -> 23192 | N90: ='Odometro-Kilometraje'!M81 -> 9226 | O90: =(W90/N90)*100 -> 95.581509 | W90: =SUM(W84:W89) -> 8818.35 | X90: =SUM(X84:X89) -> 8818.35
A91: =A84+1 -> 45701 | B91: 78 | C91: 1 | D91: ='Data Ocupacion'!AB36 -> 78 | E91: ='Data Ocupacion'!AC36 -> 1 | F91: PU-LI | G91: =D91+E91*2 -> 80 | H91: =B91+C91*2 -> 80 | I91: =D91+E91 -> 79 | J91: =G91*M$2 -> 3450.4 | K91: =I91*M$2 -> 3407.27 | L91: =J91*104 -> 358841.6 | M91: =I91*104 -> 8216 | W91: =J91-(Q91*($M$2-$K$1)+(R91*($M$2-$M$1))+ (S91*($M$2-$I$2))+(T91*$K$1)) -> 3450.4 | X91: =H91*$M$2 -> 3450.4
B92: 76 | C92: 2 | D92: ='Data Ocupacion'!AB37 -> 76 | E92: ='Data Ocupacion'!AC37 -> 2 | F92: LI-PU | G92: =D92+E92*2 -> 80 | H92: =B92+C92*2 -> 80 | I92: =D92+E92 -> 78 | J92: =G92*M$2 -> 3450.4 | K92: =I92*M$2 -> 3364.14 | L92: =J92*104 -> 358841.6 | M92: =I92*104 -> 8112 | W92: =J92-(T92*($M$2-$K$1)+(U92*($M$2-$M$1))) -> 3450.4 | X92: =H92*$M$2 -> 3450.4
B93: 33 | C93: 0 | D93: ='Data Ocupacion'!AB38 -> 33 | E93: ='Data Ocupacion'!AC38 -> 0 | F93: PU-SA | G93: =D93+E93*2 -> 33 | H93: =B93+C93*2 -> 33 | I93: =D93+E93 -> 33 | J93: =G93*M$1 -> 960.63 | K93: =I93*M$1 -> 960.63 | L93: =J93*104 -> 99905.52 | M93: =I93*104 -> 3432 | W93: =J93-(Q93*($M$1-$K$1)) -> 960.63 | X93: =H93*$M$1 -> 960.63
B94: 32 | C94: 0 | D94: ='Data Ocupacion'!AB39 -> 32 | E94: ='Data Ocupacion'!AC39 -> 0 | F94: SA-PU | G94: =D94+E94*2 -> 32 | H94: =B94+C94*2 -> 32 | I94: =D94+E94 -> 32 | J94: =G94*M$1 -> 931.52 | K94: =I94*M$1 -> 931.52 | L94: =J94*104 -> 96878.08 | M94: =I94*104 -> 3328 | W94: =J94 -> 931.52 | X94: =H94*$M$1 -> 931.52
B95: 0 | C95: 0 | D95: ='Data Ocupacion'!AB40 -> 0 | E95: ='Data Ocupacion'!AC40 -> 0 | F95: PU-EB | G95: =D95+E95*2 -> 0 | H95: =B95+C95*2 -> 0 | I95: =D95+E95 -> 0 | J95: =G95*K$1 -> 0 | K95: =I95*K$1 -> 0 | L95: =J95*104 -> 0 | M95: =I95*104 -> 0 | W95: =J95 -> 0 | X95: =H95*$K$1 -> 0
B96: 1 | C96: 0 | D96: ='Data Ocupacion'!AB41 -> 1 | E96: ='Data Ocupacion'!AC41 -> 0 | F96: EB-PU | G96: =D96+E96*2 -> 1 | H96: =B96+C96*2 -> 1 | I96: =D96+E96 -> 1 | J96: =G96*K$1 -> 25.4 | K96: =I96*K$1 -> 25.4 | L96: =J96*104 -> 2641.6 | M96: =I96*104 -> 104 | W96: =J96 -> 25.4 | X96: =H96*$K$1 -> 25.4
B97: =SUM(B91:B96) -> 220 | C97: =SUM(C91:C96) -> 3 | D97: =SUM(D91:D96) -> 220 | E97: =SUM(E91:E96) -> 3 | G97: =SUM(G91:G96) -> 226 | H97: =D97+E97*2 -> 226 | I97: =SUM(I91:I96) -> 223 | J97: =SUM(J91:J96) -> 8818.35 | K97: =SUM(K91:K96) -> 8688.96 | L97: =SUM(L91:L96) -> 917108.4 | M97: =SUM(M91:M96) -> 23192 | N97: ='Odometro-Kilometraje'!N81 -> 9209 | O97: =(W97/N97)*100 -> 95.757954 | W97: =SUM(W91:W96) -> 8818.35 | X97: =SUM(X91:X96) -> 8818.35
A98: =A91+1 -> 45702 | B98: 78 | C98: 1 | D98: ='Data Ocupacion'!AD36 -> 78 | E98: ='Data Ocupacion'!AE36 -> 1 | F98: PU-LI | G98: =D98+E98*2 -> 80 | H98: =B98+C98*2 -> 80 | I98: =D98+E98 -> 79 | J98: =G98*M$2 -> 3450.4 | K98: =I98*M$2 -> 3407.27 | L98: =J98*104 -> 358841.6 | M98: =I98*104 -> 8216 | W98: =J98-(Q98*($M$2-$K$1)+(R98*($M$2-$M$1))+ (S98*($M$2-$I$2))) -> 3450.4 | X98: =H98*$M$2 -> 3450.4
B99: 76 | C99: 2 | D99: ='Data Ocupacion'!AD37 -> 76 | E99: ='Data Ocupacion'!AE37 -> 2 | F99: LI-PU | G99: =D99+E99*2 -> 80 | H99: =B99+C99*2 -> 80 | I99: =D99+E99 -> 78 | J99: =G99*M$2 -> 3450.4 | K99: =I99*M$2 -> 3364.14 | L99: =J99*104 -> 358841.6 | M99: =I99*104 -> 8112 | W99: =J99-(T99*($M$2-$K$1)+(U99*($M$2-$M$1))) -> 3450.4 | X99: =H99*$M$2 -> 3450.4
B100: 33 | C100: 0 | D100: ='Data Ocupacion'!AD38 -> 33 | E100: ='Data Ocupacion'!AE38 -> 0 | F100: PU-SA | G100: =D100+E100*2 -> 33 | H100: =B100+C100*2 -> 33 | I100: =D100+E100 -> 33 | J100: =G100*M$1 -> 960.63 | K100: =I100*M$1 -> 960.63 | L100: =J100*104 -> 99905.52 | M100: =I100*104 -> 3432 | W100: =J100-(Q100*($M$1-$K$1)) -> 960.63 | X100: =H100*$M$1 -> 960.63
...

Sheet Data Ocupacion
D1: 45689 | F1: 45690 | H1: 45691 | J1: 45692 | L1: 45693 | N1: 45694 | P1: 45695 | R1: 45696 | T1: 45697 | V1: 45698 | X1: 45699 | Z1: 45700 | AB1: 45701 | AD1: 45702 | AF1: 45703 | AH1: 45704 | AJ1: 45705 | AL1: 45706 | AN1: 45707 | AP1: 45708 | AR1: 45709 | AT1: 45710 | AV1: 45711 | AX1: 45712 | AZ1: 45713 | BB1: 45714 | BD1: 45715 | BF1: 45716
D2: S | E2: M | F2: S | G2: M | H2: S | I2: M | J2: S | K2: M | L2: S | M2: M | N2: S | O2: M | P2: S | Q2: M | R2: S | S2: M | T2: S | U2: M | V2: S | W2: M | X2: S | Y2: M | Z2: S | AA2: M | AB2: S | AC2: M | AD2: S | AE2: M | AF2: S | AG2: M | AH2: S | AI2: M | AJ2: S | AK2: M | AL2: S | AM2: M | AN2: S | AO2: M | AP2: S | AQ2: M | AR2: S | AS2: M | AT2: S | AU2: M | AV2: S | AW2: M | AX2: S | AY2: M | AZ2: S | BA2: M | BB2: S | BC2: M | BD2: S | BE2: M | BF2: S | BG2: M
A3: Servicios PU-SA | D3: 0 | E3: 0 | F3: 0 | G3: 0 | H3: 10 | I3: 0 | J3: 10 | K3: 0 | L3: 10 | M3: 0 | N3: 10 | O3: 0 | P3: 10 | Q3: 0 | R3: 0 | S3: 0 | T3: 0 | U3: 0 | V3: 10 | W3: 0 | X3: 10 | Y3: 0 | Z3: 10 | AA3: 0 | AB3: 10 | AC3: 0 | AD3: 10 | AE3: 0 | AF3: 0 | AG3: 0 | AH3: 0 | AI3: 0 | AJ3: 10 | AK3: 0 | AL3: 10 | AM3: 0 | AN3: 10 | AO3: 0 | AP3: 10 | AQ3: 0 | AR3: 10 | AS3: 0 | AT3: 0 | AU3: 0 | AV3: 0 | AW3: 0 | AX3: 10 | AY3: 0 | AZ3: 10 | BA3: 0 | BB3: 10 | BC3: 0 | BD3: 10 | BE3: 0 | BF3: 10 | BG3: 0
A4: Servicios PU-EB | D4: 0 | E4: 0 | F4: 0 | G4: 0 | H4: 0 | I4: 0 | J4: 0 | K4: 0 | L4: 0 | M4: 0 | N4: 0 | O4: 0 | P4: 0 | Q4: 0 | R4: 0 | S4: 0 | T4: 0 | U4: 0 | V4: 0 | W4: 0 | X4: 0 | Y4: 0 | Z4: 0 | AA4: 0 | AB4: 0 | AC4: 0 | AD4: 0 | AE4: 0 | AF4: 0 | AG4: 0 | AH4: 0 | AI4: 0 | AJ4: 0 | AK4: 0 | AL4: 0 | AM4: 0 | AN4: 0 | AO4: 0 | AP4: 0 | AQ4: 0 | AR4: 0 | AS4: 0 | AT4: 0 | AU4: 0 | AV4: 0 | AW4: 0 | AX4: 0 | AY4: 0 | AZ4: 0 | BA4: 0 | BB4: 0 | BC4: 0 | BD4: 0 | BE4: 0 | BF4: 0 | BG4: 0
A5: Servicios PU-LI | D5: 0 | E5: 0 | F5: 0 | G5: 0 | H5: 10 | I5: 0 | J5: 10 | K5: 0 | L5: 10 | M5: 0 | N5: 10 | O5: 0 | P5: 10 | Q5: 0 | R5: 0 | S5: 0 | T5: 0 | U5: 0 | V5: 10 | W5: 0 | X5: 10 | Y5: 0 | Z5: 10 | AA5: 0 | AB5: 10 | AC5: 0 | AD5: 10 | AE5: 0 | AF5: 0 | AG5: 0 | AH5: 0 | AI5: 0 | AJ5: 10 | AK5: 0 | AL5: 10 | AM5: 0 | AN5: 10 | AO5: 0 | AP5: 10 | AQ5: 0 | AR5: 10 | AS5: 0 | AT5: 0 | AU5: 0 | AV5: 0 | AW5: 0 | AX5: 10 | AY5: 0 | AZ5: 10 | BA5: 0 | BB5: 10 | BC5: 0 | BD5: 10 | BE5: 0 | BF5: 10 | BG5: 0
A6: Servicios SA-PU | D6: 0 | E6: 0 | F6: 0 | G6: 0 | H6: 10 | I6: 0 | J6: 10 | K6: 0 | L6: 10 | M6: 0 | N6: 10 | O6: 0 | P6: 10 | Q6: 0 | R6: 0 | S6: 0 | T6: 0 | U6: 0 | V6: 10 | W6: 0 | X6: 10 | Y6: 0 | Z6: 10 | AA6: 0 | AB6: 10 | AC6: 0 | AD6: 10 | AE6: 0 | AF6: 0 | AG6: 0 | AH6: 0 | AI6: 0 | AJ6: 10 | AK6: 0 | AL6: 10 | AM6: 0 | AN6: 10 | AO6: 0 | AP6: 10 | AQ6: 0 | AR6: 10 | AS6: 0 | AT6: 0 | AU6: 0 | AV6: 0 | AW6: 0 | AX6: 10 | AY6: 0 | AZ6: 10 | BA6: 0 | BB6: 10 | BC6: 0 | BD6: 10 | BE6: 0 | BF6: 10 | BG6: 0
A7: Servicios EB-PU | D7: 0 | E7: 0 | F7: 0 | G7: 0 | H7: 0 | I7: 0 | J7: 0 | K7: 0 | L7: 0 | M7: 0 | N7: 0 | O7: 0 | P7: 0 | Q7: 0 | R7: 0 | S7: 0 | T7: 0 | U7: 0 | V7: 0 | W7: 0 | X7: 0 | Y7: 0 | Z7: 0 | AA7: 0 | AB7: 0 | AC7: 0 | AD7: 0 | AE7: 0 | AF7: 0 | AG7: 0 | AH7: 0 | AI7: 0 | AJ7: 0 | AK7: 0 | AL7: 0 | AM7: 0 | AN7: 0 | AO7: 0 | AP7: 0 | AQ7: 0 | AR7: 0 | AS7: 0 | AT7: 0 | AU7: 0 | AV7: 0 | AW7: 0 | AX7: 0 | AY7: 0 | AZ7: 0 | BA7: 0 | BB7: 0 | BC7: 0 | BD7: 0 | BE7: 0 | BF7: 0 | BG7: 0
A8: Servicios LI-PU | D8: 0 | E8: 0 | F8: 0 | G8: 0 | H8: 10 | I8: 0 | J8: 10 | K8: 0 | L8: 10 | M8: 0 | N8: 10 | O8: 0 | P8: 10 | Q8: 0 | R8: 0 | S8: 0 | T8: 0 | U8: 0 | V8: 10 | W8: 0 | X8: 10 | Y8: 0 | Z8: 10 | AA8: 0 | AB8: 10 | AC8: 0 | AD8: 10 | AE8: 0 | AF8: 0 | AG8: 0 | AH8: 0 | AI8: 0 | AJ8: 10 | AK8: 0 | AL8: 10 | AM8: 0 | AN8: 10 | AO8: 0 | AP8: 10 | AQ8: 0 | AR8: 10 | AS8: 0 | AT8: 0 | AU8: 0 | AV8: 0 | AW8: 0 | AX8: 10 | AY8: 0 | AZ8: 10 | BA8: 0 | BB8: 10 | BC8: 0 | BD8: 10 | BE8: 0 | BF8: 10 | BG8: 0
A10: Servicios PU-SA | D10: 0 | E10: 0 | F10: 0 | G10: 0 | H10: 13 | I10: 0 | J10: 16 | K10: 0 | L10: 16 | M10: 0 | N10: 16 | O10: 0 | P10: 16 | Q10: 0 | R10: 0 | S10: 0 | T10: 0 | U10: 0 | V10: 16 | W10: 0 | X10: 16 | Y10: 0 | Z10: 16 | AA10: 0 | AB10: 16 | AC10: 0 | AD10: 16 | AE10: 0 | AF10: 0 | AG10: 0 | AH10: 0 | AI10: 0 | AJ10: 16 | AK10: 0 | AL10: 16 | AM10: 0 | AN10: 16 | AO10: 0 | AP10: 16 | AQ10: 0 | AR10: 16 | AS10: 0 | AT10: 0 | AU10: 0 | AV10: 0 | AW10: 0 | AX10: 16 | AY10: 0 | AZ10: 3 | BA10: 0 | BB10: 16 | BC10: 0 | BD10: 16 | BE10: 0 | BF10: 16 | BG10: 0
A11: Servicios PU-EB | D11: 0 | E11: 0 | F11: 0 | G11: 0 | H11: 0 | I11: 0 | J11: 0 | K11: 0 | L11: 0 | M11: 0 | N11: 0 | O11: 0 | P11: 0 | Q11: 0 | R11: 0 | S11: 0 | T11: 0 | U11: 0 | V11: 0 | W11: 0 | X11: 0 | Y11: 0 | Z11: 0 | AA11: 0 | AB11: 0 | AC11: 0 | AD11: 0 | AE11: 0 | AF11: 0 | AG11: 0 | AH11: 0 | AI11: 0 | AJ11: 0 | AK11: 0 | AL11: 0 | AM11: 0 | AN11: 0 | AO11: 0 | AP11: 0 | AQ11: 0 | AR11: 0 | AS11: 0 | AT11: 0 | AU11: 0 | AV11: 0 | AW11: 0 | AX11: 0 | AY11: 0 | AZ11: 0 | BA11: 0 | BB11: 0 | BC11: 0 | BD11: 0 | BE11: 0 | BF11: 0 | BG11: 0
A12: Servicios PU-LI | D12: 69 | E12: 3 | F12: 51 | G12: 3 | H12: 50 | I12: 1 | J12: 59 | K12: 2 | L12: 60 | M12: 1 | N12: 60 | O12: 1 | P12: 60 | Q12: 1 | R12: 61 | S12: 6 | T12: 0 | U12: 25 | V12: 60 | W12: 1 | X12: 60 | Y12: 1 | Z12: 60 | AA12: 1 | AB12: 60 | AC12: 1 | AD12: 60 | AE12: 1 | AF12: 69 | AG12: 3 | AH12: 51 | AI12: 3 | AJ12: 60 | AK12: 1 | AL12: 60 | AM12: 1 | AN12: 60 | AO12: 1 | AP12: 60 | AQ12: 1 | AR12: 60 | AS12: 1 | AT12: 69 | AU12: 3 | AV12: 32 | AW12: 22 | AX12: 51 | AY12: 10 | AZ12: 34 | BA12: 0 | BB12: 52 | BC12: 9 | BD12: 52 | BE12: 9 | BF12: 51 | BG12: 10
A13: Servicios SA-PU | D13: 0 | E13: 0 | F13: 0 | G13: 0 | H13: 13 | I13: 0 | J13: 16 | K13: 0 | L13: 16 | M13: 0 | N13: 16 | O13: 0 | P13: 16 | Q13: 0 | R13: 0 | S13: 0 | T13: 0 | U13: 0 | V13: 16 | W13: 0 | X13: 16 | Y13: 0 | Z13: 16 | AA13: 0 | AB13: 16 | AC13: 0 | AD13: 16 | AE13: 0 | AF13: 0 | AG13: 0 | AH13: 0 | AI13: 0 | AJ13: 16 | AK13: 0 | AL13: 16 | AM13: 0 | AN13: 16 | AO13: 0 | AP13: 16 | AQ13: 0 | AR13: 16 | AS13: 0 | AT13: 0 | AU13: 0 | AV13: 0 | AW13: 0 | AX13: 16 | AY13: 0 | AZ13: 4 | BA13: 0 | BB13: 16 | BC13: 0 | BD13: 16 | BE13: 0 | BF13: 16 | BG13: 0
A14: Servicios EB-PU | D14: 0 | E14: 0 | F14: 0 | G14: 0 | H14: 1 | I14: 0 | J14: 1 | K14: 0 | L14: 1 | M14: 0 | N14: 1 | O14: 0 | P14: 1 | Q14: 0 | R14: 0 | S14: 0 | T14: 0 | U14: 0 | V14: 1 | W14: 0 | X14: 1 | Y14: 0 | Z14: 1 | AA14: 0 | AB14: 1 | AC14: 0 | AD14: 1 | AE14: 0 | AF14: 0 | AG14: 0 | AH14: 0 | AI14: 0 | AJ14: 1 | AK14: 0 | AL14: 1 | AM14: 0 | AN14: 1 | AO14: 0 | AP14: 1 | AQ14: 0 | AR14: 1 | AS14: 0 | AT14: 0 | AU14: 0 | AV14: 0 | AW14: 0 | AX14: 1 | AY14: 0 | AZ14: 1 | BA14: 0 | BB14: 1 | BC14: 0 | BD14: 1 | BE14: 0 | BF14: 1 | BG14: 0
A15: Servicios LI-PU | D15: 75 | E15: 0 | F15: 57 | G15: 0 | H15: 51 | I15: 3 | J15: 58 | K15: 3 | L15: 59 | M15: 2 | N15: 59 | O15: 2 | P15: 59 | Q15: 2 | R15: 69 | S15: 2 | T15: 2 | U15: 25 | V15: 59 | W15: 2 | X15: 59 | Y15: 2 | Z15: 59 | AA15: 2 | AB15: 59 | AC15: 2 | AD15: 59 | AE15: 2 | AF15: 75 | AG15: 0 | AH15: 57 | AI15: 0 | AJ15: 59 | AK15: 2 | AL15: 59 | AM15: 2 | AN15: 59 | AO15: 2 | AP15: 59 | AQ15: 2 | AR15: 59 | AS15: 2 | AT15: 75 | AU15: 0 | AV15: 42 | AW15: 15 | AX15: 44 | AY15: 17 | AZ15: 35 | BA15: 0 | BB15: 49 | BC15: 12 | BD15: 45 | BE15: 16 | BF15: 45 | BG15: 16
A16: Servicios PU-ES | H16: 6 | I16: 0
A17: Servicios ES-PU | H17: 4 | I17: 0
A18: Servicios VM-LI | AX18: 4 | AY18: 0 | AZ18: 4 | BA18: 0 | BD18: 4 | BE18: 0 | BF18: 4 | BG18: 0
A19: Servicios VM-PU | AX19: 2 | AY19: 0 | AZ19: 2 | BA19: 0 | BD19: 2 | BE19: 0 | BF19: 2 | BG19: 0
A21: Servicios PU-SA | D21: 0 | E21: 0 | F21: 0 | G21: 0 | H21: 7 | I21: 0 | J21: 7 | K21: 0 | L21: 7 | M21: 0 | N21: 7 | O21: 0 | P21: 7 | Q21: 0 | R21: 0 | S21: 0 | T21: 0 | U21: 0 | V21: 5 | W21: 0 | X21: 7 | Y21: 0 | Z21: 7 | AA21: 0 | AB21: 7 | AC21: 0 | AD21: 7 | AE21: 0 | AF21: 0 | AG21: 0 | AH21: 0 | AI21: 0 | AJ21: 7 | AK21: 0 | AL21: 7 | AM21: 0 | AN21: 7 | AO21: 0 | AP21: 7 | AQ21: 0 | AR21: 7 | AS21: 0 | AT21: 0 | AU21: 0 | AV21: 0 | AW21: 0 | AX21: 7 | AY21: 0 | AZ21: 0 | BA21: 0 | BB21: 7 | BC21: 0 | BD21: 7 | BE21: 0 | BF21: 7 | BG21: 0
A22: Servicios PU-EB | D22: 0 | E22: 0 | F22: 0 | G22: 0 | H22: 0 | I22: 0 | J22: 0 | K22: 0 | L22: 0 | M22: 0 | N22: 0 | O22: 0 | P22: 0 | Q22: 0 | R22: 0 | S22: 0 | T22: 0 | U22: 0 | V22: 0 | W22: 0 | X22: 0 | Y22: 0 | Z22: 0 | AA22: 0 | AB22: 0 | AC22: 0 | AD22: 0 | AE22: 0 | AF22: 0 | AG22: 0 | AH22: 0 | AI22: 0 | AJ22: 0 | AK22: 0 | AL22: 0 | AM22: 0 | AN22: 0 | AO22: 0 | AP22: 0 | AQ22: 0 | AR22: 0 | AS22: 0 | AT22: 0 | AU22: 0 | AV22: 0 | AW22: 0 | AX22: 0 | AY22: 0 | AZ22: 0 | BA22: 0 | BB22: 0 | BC22: 0 | BD22: 0 | BE22: 0 | BF22: 0 | BG22: 0
A23: Servicios PU-LI | D23: 0 | E23: 0 | F23: 0 | G23: 0 | H23: 6 | I23: 2 | J23: 8 | K23: 0 | L23: 8 | M23: 0 | N23: 8 | O23: 0 | P23: 8 | Q23: 0 | R23: 0 | S23: 0 | T23: 0 | U23: 0 | V23: 9 | W23: 0 | X23: 8 | Y23: 0 | Z23: 8 | AA23: 0 | AB23: 8 | AC23: 0 | AD23: 8 | AE23: 0 | AF23: 0 | AG23: 0 | AH23: 0 | AI23: 0 | AJ23: 8 | AK23: 0 | AL23: 8 | AM23: 0 | AN23: 8 | AO23: 0 | AP23: 8 | AQ23: 0 | AR23: 8 | AS23: 0 | AT23: 0 | AU23: 0 | AV23: 0 | AW23: 0 | AX23: 0 | AY23: 8 | AZ23: 0 | BA23: 0 | BB23: 3 | BC23: 5 | BD23: 0 | BE23: 8 | BF23: 1 | BG23: 7
A24: Servicios SA-PU | D24: 0 | E24: 0 | F24: 0 | G24: 0 | H24: 6 | I24: 0 | J24: 6 | K24: 0 | L24: 6 | M24: 0 | N24: 6 | O24: 0 | P24: 6 | Q24: 0 | R24: 0 | S24: 0 | T24: 0 | U24: 0 | V24: 6 | W24: 0 | X24: 6 | Y24: 0 | Z24: 6 | AA24: 0 | AB24: 6 | AC24: 0 | AD24: 6 | AE24: 0 | AF24: 0 | AG24: 0 | AH24: 0 | AI24: 0 | AJ24: 6 | AK24: 0 | AL24: 6 | AM24: 0 | AN24: 6 | AO24: 0 | AP24: 6 | AQ24: 0 | AR24: 6 | AS24: 0 | AT24: 0 | AU24: 0 | AV24: 0 | AW24: 0 | AX24: 6 | AY24: 0 | AZ24: 0 | BA24: 0 | BB24: 6 | BC24: 0 | BD24: 6 | BE24: 0 | BF24: 6 | BG24: 0
A25: Servicios EB-PU | D25: 0 | E25: 0 | F25: 0 | G25: 0 | H25: 0 | I25: 0 | J25: 0 | K25: 0 | L25: 0 | M25: 0 | N25: 0 | O25: 0 | P25: 0 | Q25: 0 | R25: 0 | S25: 0 | T25: 0 | U25: 0 | V25: 0 | W25: 0 | X25: 0 | Y25: 0 | Z25: 0 | AA25: 0 | AB25: 0 | AC25: 0 | AD25: 0 | AE25: 0 | AF25: 0 | AG25: 0 | AH25: 0 | AI25: 0 | AJ25: 0 | AK25: 0 | AL25: 0 | AM25: 0 | AN25: 0 | AO25: 0 | AP25: 0 | AQ25: 0 | AR25: 0 | AS25: 0 | AT25: 0 | AU25: 0 | AV25: 0 | AW25: 0 | AX25: 0 | AY25: 0 | AZ25: 0 | BA25: 0 | BB25: 0 | BC25: 0 | BD25: 0 | BE25: 0 | BF25: 0 | BG25: 0
A26: Servicios LI-PU | D26: 0 | E26: 0 | F26: 0 | G26: 0 | H26: 7 | I26: 0 | J26: 7 | K26: 0 | L26: 7 | M26: 0 | N26: 7 | O26: 0 | P26: 7 | Q26: 0 | R26: 0 | S26: 0 | T26: 0 | U26: 0 | V26: 7 | W26: 0 | X26: 7 | Y26: 0 | Z26: 7 | AA26: 0 | AB26: 7 | AC26: 0 | AD26: 7 | AE26: 0 | AF26: 0 | AG26: 0 | AH26: 0 | AI26: 0 | AJ26: 7 | AK26: 0 | AL26: 7 | AM26: 0 | AN26: 7 | AO26: 0 | AP26: 7 | AQ26: 0 | AR26: 7 | AS26: 0 | AT26: 0 | AU26: 0 | AV26: 0 | AW26: 0 | AX26: 5 | AY26: 2 | AZ26: 0 | BA26: 0 | BB26: 5 | BC26: 2 | BD26: 5 | BE26: 2 | BF26: 5 | BG26: 2
D29: =SUM(D3:D26) -> 144 | E29: =SUM(E3:E26) -> 3 | F29: =SUM(F3:F26) -> 108 | G29: =SUM(G3:G26) -> 3 | H29: =SUM(H3:H26) -> 204 | I29: =SUM(I3:I26) -> 6 | J29: =SUM(J3:J26) -> 218 | K29: =SUM(K3:K26) -> 5 | ... BG29: =SUM(BG3:BG26) -> 35
A35: Km Servicio
A36: PU - LI | D36: =D5+D12+D23 -> 69 | E36: =E5+E12+E23 -> 3 | F36: =F5+F12+F23 -> 51 | G36: =G5+G12+G23 -> 3 | H36: =H5+H12+H23 -> 66 | I36: =I5+I12+I23 -> 3 | J36: =J5+J12+J23 -> 77 | K36: =K5+K12+K23 -> 2 | ... BG36: =BG5+BG12+BG23 -> 17
A37: LI - PU | D37: =D8+D15+D26 -> 75 | E37: =E8+E15+E26 -> 0 | F37: =F8+F15+F26 -> 57 | G37: =G8+G15+G26 -> 0 | H37: =H8+H15+H26 -> 68 | I37: =I8+I15+I26 -> 3 | J37: =J8+J15+J26 -> 75 | K37: =K8+K15+K26 -> 3 | ... BG37: =BG8+BG15+BG26 -> 18
A38: PU - SA | D38: =D3+D10+D21 -> 0 | E38: =E3+E10+E21 -> 0 | F38: =F3+F10+F21 -> 0 | G38: =G3+G10+G21 -> 0 | H38: =H3+H10+H21 -> 30 | I38: =I3+I10+I21 -> 0 | J38: =J3+J10+J21 -> 33 | K38: =K3+K10+K21 -> 0 | ... BG38: =BG3+BG10+BG21 -> 0
A39: SA - PU | D39: =D6+D13+D24 -> 0 | E39: =E6+E13+E24 -> 0 | F39: =F6+F13+F24 -> 0 | G39: =G6+G13+G24 -> 0 | H39: =H6+H13+H24 -> 29 | I39: =I6+I13+I24 -> 0 | J39: =J6+J13+J24 -> 32 | K39: =K6+K13+K24 -> 0 | ... BG39: =BG6+BG13+BG24 -> 0
A40: PU-EB | D40: =D4+D11+D22 -> 0 | E40: =E4+E11+E22 -> 0 | F40: =F4+F11+F22 -> 0 | G40: =G4+G11+G22 -> 0 | H40: =H4+H11+H22 -> 0 | I40: =I4+I11+I22 -> 0 | J40: =J4+J11+J22 -> 0 | K40: =K4+K11+K22 -> 0 | ... BG40: =BG4+BG11+BG22 -> 0
A41: EB-PU | D41: =D7+D14+D25 -> 0 | E41: =E7+E14+E25 -> 0 | F41: =F7+F14+F25 -> 0 | G41: =G7+G14+G25 -> 0 | H41: =H7+H14+H25 -> 1 | I41: =I7+I14+I25 -> 0 | J41: =J7+J14+J25 -> 1 | K41: =K7+K14+K25 -> 0 | ... BG41: =BG7+BG14+BG25 -> 0
A42: PU-ES | H42: =H16 -> 6 | I42: 0
A43: ES-PU | H43: =H17 -> 4 | I43: =I17 -> 0
A44: VM-LI | AX44: =AX18 -> 4 | AY44: =AY18 -> 0 | AZ44: =AZ18 -> 4 | BA44: =BA18 -> 0 | BB44: =BB18 -> 0 | BC44: =BC18 -> 0 | BD44: =BD18 -> 4 | BE44: =BE18 -> 0 | ... BG44: =BG18 -> 0
A45: VM-PU | AX45: =AX19 -> 2 | AY45: =AY19 -> 0 | AZ45: =AZ19 -> 2 | BA45: =BA19 -> 0 | BB45: =BB19 -> 0 | BC45: =BC19 -> 0 | BD45: =BD19 -> 2 | BE45: =BE19 -> 0 | ... BG45: =BG19 -> 0
A46: total | D46: =SUM(D36:D41) -> 144 | E46: =SUM(E36:E41) -> 3 | F46: =SUM(F36:F41) -> 108 | G46: =SUM(G36:G41) -> 3 | H46: =SUM(H36:H43) -> 204 | I46: =SUM(I36:I43) -> 6 | J46: =SUM(J36:J41) -> 218 | K46: =SUM(K36:K41) -> 5 | L46: =SUM(L36:L41) -> 220 | M46: =SUM(M36:M41) -> 3 | N46: =SUM(N36:N41) -> 220 | O46: =SUM(O36:O41) -> 3 | P46: =SUM(P36:P41) -> 220 | Q46: =SUM(Q36:Q41) -> 3 | ... AW46: =SUM(AW36:AW41) -> 37 | AX46: =SUM(AX36:AX45) -> 192 | AY46: =SUM(AY36:AY45) -> 37 | AZ46: =SUM(AZ36:AZ45) -> 123 | BA46: =SUM(BA36:BA45) -> 0 | BB46: =SUM(BB36:BB45) -> 195 | BC46: =SUM(BC36:BC45) -> 28 | BD46: =SUM(BD36:BD45) -> 194 | BE46: =SUM(BE36:BE45) -> 35 | ... BG46: =SUM(BG36:BG45) -> 35
A48: Servicios
A49: PU - LI | D49: =D5+E5+D12+E12+D23+E23 -> 72 | F49: =F5+G5+F12+G12+F23+G23 -> 54 | H49: =H5+I5+H12+I12+H23+I23 -> 69 | J49: =J5+K5+J12+K12+J23+K23 -> 79 | L49: =L5+M5+L12+M12+L23+M23 -> 79 | N49: =N5+O5+N12+O12+N23+O23 -> 79 | P49: =P5+Q5+P12+Q12+P23+Q23 -> 79 | R49: =R5+S5+R12+S12+R23+S23 -> 67 | T49: =T5+U5+T12+U12+T23+U23 -> 25 | V49: =V5+W5+V12+W12+V23+W23 -> 80 | X49: =X5+Y5+X12+Y12+X23+Y23 -> 79 | Z49: =Z5+AA5+Z12+AA12+Z23+AA23 -> 79 | AB49: =AB5+AC5+AB12+AC12+AB23+AC23 -> 79 | AD49: =AD5+AE5+AD12+AE12+AD23+AE23 -> 79 | AF49: =AF5+AG5+AF12+AG12+AF23+AG23 -> 72 | AH49: =AH5+AI5+AH12+AI12+AH23+AI23 -> 54 | AJ49: =AJ5+AK5+AJ12+AK12+AJ23+AK23 -> 79 | AL49: =AL5+AM5+AL12+AM12+AL23+AM23 -> 79 | AN49: =AN5+AO5+AN12+AO12+AN23+AO23 -> 79 | AP49: =AP5+AQ5+AP12+AQ12+AP23+AQ23 -> 79 | AR49: =AR5+AS5+AR12+AS12+AR23+AS23 -> 79 | AT49: =AT5+AU5+AT12+AU12+AT23+AU23 -> 72 | AV49: =AV5+AW5+AV12+AW12+AV23+AW23 -> 54 | AX49: =AX5+AY5+AX12+AY12+AX23+AY23 -> 79 | AZ49: =AZ5+BA5+AZ12+BA12+AZ23+BA23 -> 44 | BB49: =BB5+BC5+BB12+BC12+BB23+BC23 -> 79 | BD49: =BD5+BE5+BD12+BE12+BD23+BE23 -> 79 | BF49: =BF5+BG5+BF12+BG12+BF23+BG23 -> 79
A50: LI - PU | D50: =D8+E8+D15+E15+D26+E26 -> 75 | F50: =F8+G8+F15+G15+F26+G26 -> 57 | H50: =H8+I8+H15+I15+H26+I26 -> 71 | J50: =J8+K8+J15+K15+J26+K26 -> 78 | L50: =L8+M8+L15+M15+L26+M26 -> 78 | N50: =N8+O8+N15+O15+N26+O26 -> 78 | P50: =P8+Q8+P15+Q15+P26+Q26 -> 78 | R50: =R8+S8+R15+S15+R26+S26 -> 71 | T50: =T8+U8+T15+U15+T26+U26 -> 27 | V50: =V8+W8+V15+W15+V26+W26 -> 78 | X50: =X8+Y8+X15+Y15+X26+Y26 -> 78 | Z50: =Z8+AA8+Z15+AA15+Z26+AA26 -> 78 | AB50: =AB8+AC8+AB15+AC15+AB26+AC26 -> 78 | AD50: =AD8+AE8+AD15+AE15+AD26+AE26 -> 78 | AF50: =AF8+AG8+AF15+AG15+AF26+AG26 -> 75 | AH50: =AH8+AI8+AH15+AI15+AH26+AI26 -> 57 | AJ50: =AJ8+AK8+AJ15+AK15+AJ26+AK26 -> 78 | AL50: =AL8+AM8+AL15+AM15+AL26+AM26 -> 78 | AN50: =AN8+AO8+AN15+AO15+AN26+AO26 -> 78 | AP50: =AP8+AQ8+AP15+AQ15+AP26+AQ26 -> 78 | AR50: =AR8+AS8+AR15+AS15+AR26+AS26 -> 78 | AT50: =AT8+AU8+AT15+AU15+AT26+AU26 -> 75 | AV50: =AV8+AW8+AV15+AW15+AV26+AW26 -> 57 | AX50: =AX8+AY8+AX15+AY15+AX26+AY26 -> 78 | AZ50: =AZ8+BA8+AZ15+BA15+AZ26+BA26 -> 45 | BB50: =BB8+BC8+BB15+BC15+BB26+BC26 -> 78 | BD50: =BD8+BE8+BD15+BE15+BD26+BE26 -> 78 | BF50: =BF8+BG8+BF15+BG15+BF26+BG26 -> 78
A51: PU - SA | D51: =D3+E3+D10+E10+D21+E21 -> 0 | F51: =F3+G3+F10+G10+F21+G21 -> 0 | H51: =H3+I3+H10+I10+H21+I21 -> 30 | J51: =J3+K3+J10+K10+J21+K21 -> 33 | L51: =L3+M3+L10+M10+L21+M21 -> 33 | N51: =N3+O3+N10+O10+N21+O21 -> 33 | P51: =P3+Q3+P10+Q10+P21+Q21 -> 33 | R51: =R3+S3+R10+S10+R21+S21 -> 0 | T51: =T3+U3+T10+U10+T21+U21 -> 0 | V51: =V3+W3+V10+W10+V21+W21 -> 31 | X51: =X3+Y3+X10+Y10+X21+Y21 -> 33 | Z51: =Z3+AA3+Z10+AA10+Z21+AA21 -> 33 | AB51: =AB3+AC3+AB10+AC10+AB21+AC21 -> 33 | AD51: =AD3+AE3+AD10+AE10+AD21+AE21 -> 33 | AF51: =AF3+AG3+AF10+AG10+AF21+AG21 -> 0 | AH51: =AH3+AI3+AH10+AI10+AH21+AI21 -> 0 | AJ51: =AJ3+AK3+AJ10+AK10+AJ21+AK21 -> 33 | AL51: =AL3+AM3+AL10+AM10+AL21+AM21 -> 33 | AN51: =AN3+AO3+AN10+AO10+AN21+AO21 -> 33 | AP51: =AP3+AQ3+AP10+AQ10+AP21+AQ21 -> 33 | AR51: =AR3+AS3+AR10+AS10+AR21+AS21 -> 33 | AT51: =AT3+AU3+AT10+AU10+AT21+AU21 -> 0 | AV51: =AV3+AW3+AV10+AW10+AV21+AW21 -> 0 | AX51: =AX3+AY3+AX10+AY10+AX21+AY21 -> 33 | AZ51: =AZ3+BA3+AZ10+BA10+AZ21+BA21 -> 13 | BB51: =BB3+BC3+BB10+BC10+BB21+BC21 -> 33 | BD51: =BD3+BE3+BD10+BE10+BD21+BE21 -> 33 | BF51: =BF3+BG3+BF10+BG10+BF21+BG21 -> 33
A52: SA - PU | D52: =D6+E6+D13+E13+D24+E24 -> 0 | F52: =F6+G6+F13+G13+F24+G24 -> 0 | H52: =H6+I6+H13+I13+H24+I24 -> 29 | J52: =J6+K6+J13+K13+J24+K24 -> 32 | L52: =L6+M6+L13+M13+L24+M24 -> 32 | N52: =N6+O6+N13+O13+N24+O24 -> 32 | P52: =P6+Q6+P13+Q13+P24+Q24 -> 32 | R52: =R6+S6+R13+S13+R24+S24 -> 0 | T52: =T6+U6+T13+U13+T24+U24 -> 0 | V52: =V6+W6+V13+W13+V24+W24 -> 32 | X52: =X6+Y6+X13+Y13+X24+Y24 -> 32 | Z52: =Z6+AA6+Z13+AA13+Z24+AA24 -> 32 | AB52: =AB6+AC6+AB13+AC13+AB24+AC24 -> 32 | AD52: =AD6+AE6+AD13+AE13+AD24+AE24 -> 32 | AF52: =AF6+AG6+AF13+AG13+AF24+AG24 -> 0 | AH52: =AH6+AI6+AH13+AI13+AH24+AI24 -> 0 | AJ52: =AJ6+AK6+AJ13+AK13+AJ24+AK24 -> 32 | AL52: =AL6+AM6+AL13+AM13+AL24+AM24 -> 32 | AN52: =AN6+AO6+AN13+AO13+AN24+AO24 -> 32 | AP52: =AP6+AQ6+AP13+AQ13+AP24+AQ24 -> 32 | AR52: =AR6+AS6+AR13+AS13+AR24+AS24 -> 32 | AT52: =AT6+AU6+AT13+AU13+AT24+AU24 -> 0 | AV52: =AV6+AW6+AV13+AW13+AV24+AW24 -> 0 | AX52: =AX6+AY6+AX13+AY13+AX24+AY24 -> 32 | AZ52: =AZ6+BA6+AZ13+BA13+AZ24+BA24 -> 14 | BB52: =BB6+BC6+BB13+BC13+BB24+BC24 -> 32 | BD52: =BD6+BE6+BD13+BE13+BD24+BE24 -> 32 | BF52: =BF6+BG6+BF13+BG13+BF24+BG24 -> 32
A53: PU-EB | D53: =D4+E4+D11+E11+D22+E22 -> 0 | F53: =F4+G4+F11+G11+F22+G22 -> 0 | H53: =H4+I4+H11+I11+H22+I22 -> 0 | J53: =J4+K4+J11+K11+J22+K22 -> 0 | L53: =L4+M4+L11+M11+L22+M22 -> 0 | N53: =N4+O4+N11+O11+N22+O22 -> 0 | P53: =P4+Q4+P11+Q11+P22+Q22 -> 0 | R53: =R4+S4+R11+S11+R22+S22 -> 0 | T53: =T4+U4+T11+U11+T22+U22 -> 0 | V53: =V4+W4+V11+W11+V22+W22 -> 0 | X53: =X4+Y4+X11+Y11+X22+Y22 -> 0 | Z53: =Z4+AA4+Z11+AA11+Z22+AA22 -> 0 | AB53: =AB4+AC4+AB11+AC11+AB22+AC22 -> 0 | AD53: =AD4+AE4+AD11+AE11+AD22+AE22 -> 0 | AF53: =AF4+AG4+AF11+AG11+AF22+AG22 -> 0 | AH53: =AH4+AI4+AH11+AI11+AH22+AI22 -> 0 | AJ53: =AJ4+AK4+AJ11+AK11+AJ22+AK22 -> 0 | AL53: =AL4+AM4+AL11+AM11+AL22+AM22 -> 0 | AN53: =AN4+AO4+AN11+AO11+AN22+AO22 -> 0 | AP53: =AP4+AQ4+AP11+AQ11+AP22+AQ22 -> 0 | AR53: =AR4+AS4+AR11+AS11+AR22+AS22 -> 0 | AT53: =AT4+AU4+AT11+AU11+AT22+AU22 -> 0 | AV53: =AV4+AW4+AV11+AW11+AV22+AW22 -> 0 | AX53: =AX4+AY4+AX11+AY11+AX22+AY22 -> 0 | AZ53: =AZ4+BA4+AZ11+BA11+AZ22+BA22 -> 0 | BB53: =BB4+BC4+BB11+BC11+BB22+BC22 -> 0 | BD53: =BD4+BE4+BD11+BE11+BD22+BE22 -> 0 | BF53: =BF4+BG4+BF11+BG11+BF22+BG22 -> 0
A54: EB-PU | D54: =D7+E7+D14+E14+D25+E25 -> 0 | F54: =F7+G7+F14+G14+F25+G25 -> 0 | H54: =H7+I7+H14+I14+H25+I25 -> 1 | J54: =J7+K7+J14+K14+J25+K25 -> 1 | L54: =L7+M7+L14+M14+L25+M25 -> 1 | N54: =N7+O7+N14+O14+N25+O25 -> 1 | P54: =P7+Q7+P14+Q14+P25+Q25 -> 1 | R54: =R7+S7+R14+S14+R25+S25 -> 0 | T54: =T7+U7+T14+U14+T25+U25 -> 0 | V54: =V7+W7+V14+W14+V25+W25 -> 1 | X54: =X7+Y7+X14+Y14+X25+Y25 -> 1 | Z54: =Z7+AA7+Z14+AA14+Z25+AA25 -> 1 | AB54: =AB7+AC7+AB14+AC14+AB25+AC25 -> 1 | AD54: =AD7+AE7+AD14+AE14+AD25+AE25 -> 1 | AF54: =AF7+AG7+AF14+AG14+AF25+AG25 -> 0 | AH54: =AH7+AI7+AH14+AI14+AH25+AI25 -> 0 | AJ54: =AJ7+AK7+AJ14+AK14+AJ25+AK25 -> 1 | AL54: =AL7+AM7+AL14+AM14+AL25+AM25 -> 1 | AN54: =AN7+AO7+AN14+AO14+AN25+AO25 -> 1 | AP54: =AP7+AQ7+AP14+AQ14+AP25+AQ25 -> 1 | AR54: =AR7+AS7+AR14+AS14+AR25+AS25 -> 1 | AT54: =AT7+AU7+AT14+AU14+AT25+AU25 -> 0 | AV54: =AV7+AW7+AV14+AW14+AV25+AW25 -> 0 | AX54: =AX7+AY7+AX14+AY14+AX25+AY25 -> 1 | AZ54: =AZ7+BA7+AZ14+BA14+AZ25+BA25 -> 1 | BB54: =BB7+BC7+BB14+BC14+BB25+BC25 -> 1 | BD54: =BD7+BE7+BD14+BE14+BD25+BE25 -> 1 | BF54: =BF7+BG7+BF14+BG14+BF25+BG25 -> 1
A55: PU-ES | H55: =H16+I16 -> 6
A56: ES-PU | H56: =H17+I17 -> 4
A57: VM-LI | AX57: =AX18+AY18 -> 4 | AZ57: =AZ18+BA18 -> 4 | BB57: =BB18+BC18 -> 0 | BD57: =BD18+BE18 -> 4 | BF57: =BF18+BG18 -> 4
A58: VM-PU | AX58: =AX19+AY19 -> 2 | AZ58: =AZ19+BA19 -> 2 | BB58: =BB19+BC19 -> 0 | BD58: =BD19+BE19 -> 2 | BF58: =BF19+BG19 -> 2
A60: Trenes
A61: PU - LI | D61: =(D5+D12+D23)+2*(E5+E12+E23) -> 75 | F61: =(F5+F12+F23)+2*(G5+G12+G23) -> 57 | H61: =(H5+H12+H23)+2*(I5+I12+I23) -> 72 | J61: =(J5+J12+J23)+2*(K5+K12+K23) -> 81 | L61: =(L5+L12+L23)+2*(M5+M12+M23) -> 80 | N61: =(N5+N12+N23)+2*(O5+O12+O23) -> 80 | P61: =(P5+P12+P23)+2*(Q5+Q12+Q23) -> 80 | R61: =(R5+R12+R23)+2*(S5+S12+S23) -> 73 | T61: =(T5+T12+T23)+2*(U5+U12+U23) -> 50 | V61: =(V5+V12+V23)+2*(W5+W12+W23) -> 81 | X61: =(X5+X12+X23)+2*(Y5+Y12+Y23) -> 80 | Z61: =(Z5+Z12+Z23)+2*(AA5+AA12+AA23) -> 80 | AB61: =(AB5+AB12+AB23)+2*(AC5+AC12+AC23) -> 80 | AD61: =(AD5+AD12+AD23)+2*(AE5+AE12+AE23) -> 80 | AF61: =(AF5+AF12+AF23)+2*(AG5+AG12+AG23) -> 75 | AH61: =(AH5+AH12+AH23)+2*(AI5+AI12+AI23) -> 57 | AJ61: =(AJ5+AJ12+AJ23)+2*(AK5+AK12+AK23) -> 80 | AL61: =(AL5+AL12+AL23)+2*(AM5+AM12+AM23) -> 80 | AN61: =(AN5+AN12+AN23)+2*(AO5+AO12+AO23) -> 80 | AP61: =(AP5+AP12+AP23)+2*(AQ5+AQ12+AQ23) -> 80 | AR61: =(AR5+AR12+AR23)+2*(AS5+AS12+AS23) -> 80 | AT61: =(AT5+AT12+AT23)+2*(AU5+AU12+AU23) -> 75 | AV61: =(AV5+AV12+AV23)+2*(AW5+AW12+AW23) -> 76 | AX61: =(AX5+AX12+AX23)+2*(AY5+AY12+AY23) -> 97 | AZ61: =(AZ5+AZ12+AZ23)+2*(BA5+BA12+BA23) -> 44 | BB61: =(BB5+BB12+BB23)+2*(BC5+BC12+BC23) -> 93 | BD61: =(BD5+BD12+BD23)+2*(BE5+BE12+BE23) -> 96 | BF61: =(BF5+BF12+BF23)+2*(BG5+BG12+BG23) -> 96
A62: LI - PU | D62: =(D8+D15+D26)+2*(E8+E15+E26) -> 75 | F62: =(F8+F15+F26)+2*(G8+G15+G26) -> 57 | H62: =(H8+H15+H26)+2*(I8+I15+I26) -> 74 | J62: =(J8+J15+J26)+2*(K8+K15+K26) -> 81 | L62: =(L8+L15+L26)+2*(M8+M15+M26) -> 80 | N62: =(N8+N15+N26)+2*(O8+O15+O26) -> 80 | P62: =(P8+P15+P26)+2*(Q8+Q15+Q26) -> 80 | R62: =(R8+R15+R26)+2*(S8+S15+S26) -> 73 | T62: =(T8+T15+T26)+2*(U8+U15+U26) -> 52 | V62: =(V8+V15+V26)+2*(W8+W15+W26) -> 80 | X62: =(X8+X15+X26)+2*(Y8+Y15+Y26) -> 80 | Z62: =(Z8+Z15+Z26)+2*(AA8+AA15+AA26) -> 80 | AB62: =(AB8+AB15+AB26)+2*(AC8+AC15+AC26) -> 80 | AD62: =(AD8+AD15+AD26)+2*(AE8+AE15+AE26) -> 80 | AF62: =(AF8+AF15+AF26)+2*(AG8+AG15+AG26) -> 75 | AH62: =(AH8+AH15+AH26)+2*(AI8+AI15+AI26) -> 57 | AJ62: =(AJ8+AJ15+AJ26)+2*(AK8+AK15+AK26) -> 80 | AL62: =(AL8+AL15+AL26)+2*(AM8+AM15+AM26) -> 80 | AN62: =(AN8+AN15+AN26)+2*(AO8+AO15+AO26) -> 80 | AP62: =(AP8+AP15+AP26)+2*(AQ8+AQ15+AQ26) -> 80 | AR62: =(AR8+AR15+AR26)+2*(AS8+AS15+AS26) -> 80 | AT62: =(AT8+AT15+AT26)+2*(AU8+AU15+AU26) -> 75 | AV62: =(AV8+AV15+AV26)+2*(AW8+AW15+AW26) -> 72 | AX62: =(AX8+AX15+AX26)+2*(AY8+AY15+AY26) -> 97 | AZ62: =(AZ8+AZ15+AZ26)+2*(BA8+BA15+BA26) -> 45 | BB62: =(BB8+BB15+BB26)+2*(BC8+BC15+BC26) -> 92 | BD62: =(BD8+BD15+BD26)+2*(BE8+BE15+BE26) -> 96 | BF62: =(BF8+BF15+BF26)+2*(BG8+BG15+BG26) -> 96
A63: PU - SA | D63: =(D3+D10+D21)+2*(E3+E10+E21) -> 0 | F63: =(F3+F10+F21)+2*(G3+G10+G21) -> 0 | H63: =(H3+H10+H21)+2*(I3+I10+I21) -> 30 | J63: =(J3+J10+J21)+2*(K3+K10+K21) -> 33 | L63: =(L3+L10+L21)+2*(M3+M10+M21) -> 33 | N63: =(N3+N10+N21)+2*(O3+O10+O21) -> 33 | P63: =(P3+P10+P21)+2*(Q3+Q10+Q21) -> 33 | R63: =(R3+R10+R21)+2*(S3+S10+S21) -> 0 | T63: =(T3+T10+T21)+2*(U3+U10+U21) -> 0 | V63: =(V3+V10+V21)+2*(W3+W10+W21) -> 31 | X63: =(X3+X10+X21)+2*(Y3+Y10+Y21) -> 33 | Z63: =(Z3+Z10+Z21)+2*(AA3+AA10+AA21) -> 33 | AB63: =(AB3+AB10+AB21)+2*(AC3+AC10+AC21) -> 33 | AD63: =(AD3+AD10+AD21)+2*(AE3+AE10+AE21) -> 33 | AF63: =(AF3+AF10+AF21)+2*(AG3+AG10+AG21) -> 0 | AH63: =(AH3+AH10+AH21)+2*(AI3+AI10+AI21) -> 0 | AJ63: =(AJ3+AJ10+AJ21)+2*(AK3+AK10+AK21) -> 33 | AL63: =(AL3+AL10+AL21)+2*(AM3+AM10+AM21) -> 33 | AN63: =(AN3+AN10+AN21)+2*(AO3+AO10+AO21) -> 33 | AP63: =(AP3+AP10+AP21)+2*(AQ3+AQ10+AQ21) -> 33 | AR63: =(AR3+AR10+AR21)+2*(AS3+AS10+AS21) -> 33 | AT63: =(AT3+AT10+AT21)+2*(AU3+AU10+AU21) -> 0 | AV63: =(AV3+AV10+AV21)+2*(AW3+AW10+AW21) -> 0 | AX63: =(AX3+AX10+AX21)+2*(AY3+AY10+AY21) -> 33 | AZ63: =(AZ3+AZ10+AZ21)+2*(BA3+BA10+BA21) -> 13 | BB63: =(BB3+BB10+BB21)+2*(BC3+BC10+BC21) -> 33 | BD63: =(BD3+BD10+BD21)+2*(BE3+BE10+BE21) -> 33 | BF63: =(BF3+BF10+BF21)+2*(BG3+BG10+BG21) -> 33
A64: SA - PU | D64: =(D6+D13+D24)+2*(E6+E13+E24) -> 0 | F64: =(F6+F13+F24)+2*(G6+G13+G24) -> 0 | H64: =(H6+H13+H24)+2*(I6+I13+I24) -> 29 | J64: =(J6+J13+J24)+2*(K6+K13+K24) -> 32 | L64: =(L6+L13+L24)+2*(M6+M13+M24) -> 32 | N64: =(N6+N13+N24)+2*(O6+O13+O24) -> 32 | P64: =(P6+P13+P24)+2*(Q6+Q13+Q24) -> 32 | R64: =(R6+R13+R24)+2*(S6+S13+S24) -> 0 | T64: =(T6+T13+T24)+2*(U6+U13+U24) -> 0 | V64: =(V6+V13+V24)+2*(W6+W13+W24) -> 32 | X64: =(X6+X13+X24)+2*(Y6+Y13+Y24) -> 32 | Z64: =(Z6+Z13+Z24)+2*(AA6+AA13+AA24) -> 32 | AB64: =(AB6+AB13+AB24)+2*(AC6+AC13+AC24) -> 32 | AD64: =(AD6+AD13+AD24)+2*(AE6+AE13+AE24) -> 32 | AF64: =(AF6+AF13+AF24)+2*(AG6+AG13+AG24) -> 0 | AH64: =(AH6+AH13+AH24)+2*(AI6+AI13+AI24) -> 0 | AJ64: =(AJ6+AJ13+AJ24)+2*(AK6+AK13+AK24) -> 32 | AL64: =(AL6+AL13+AL24)+2*(AM6+AM13+AM24) -> 32 | AN64: =(AN6+AN13+AN24)+2*(AO6+AO13+AO24) -> 32 | AP64: =(AP6+AP13+AP24)+2*(AQ6+AQ13+AQ24) -> 32 | AR64: =(AR6+AR13+AR24)+2*(AS6+AS13+AS24) -> 32 | AT64: =(AT6+AT13+AT24)+2*(AU6+AU13+AU24) -> 0 | AV64: =(AV6+AV13+AV24)+2*(AW6+AW13+AW24) -> 0 | AX64: =(AX6+AX13+AX24)+2*(AY6+AY13+AY24) -> 32 | AZ64: =(AZ6+AZ13+AZ24)+2*(BA6+BA13+BA24) -> 14 | BB64: =(BB6+BB13+BB24)+2*(BC6+BC13+BC24) -> 32 | BD64: =(BD6+BD13+BD24)+2*(BE6+BE13+BE24) -> 32 | BF64: =(BF6+BF13+BF24)+2*(BG6+BG13+BG24) -> 32
A65: PU-EB | D65: =(D4+D11+D22)+2*(E4+E11+E22) -> 0 | F65: =(F4+F11+F22)+2*(G4+G11+G22) -> 0 | H65: =(H4+H11+H22)+2*(I4+I11+I22) -> 0 | J65: =(J4+J11+J22)+2*(K4+K11+K22) -> 0 | L65: =(L4+L11+L22)+2*(M4+M11+M22) -> 0 | N65: =(N4+N11+N22)+2*(O4+O11+O22) -> 0 | P65: =(P4+P11+P22)+2*(Q4+Q11+Q22) -> 0 | R65: =(R4+R11+R22)+2*(S4+S11+S22) -> 0 | T65: =(T4+T11+T22)+2*(U4+U11+U22) -> 0 | V65: =(V4+V11+V22)+2*(W4+W11+W22) -> 0 | X65: =(X4+X11+X22)+2*(Y4+Y11+Y22) -> 0 | Z65: =(Z4+Z11+Z22)+2*(AA4+AA11+AA22) -> 0 | AB65: =(AB4+AB11+AB22)+2*(AC4+AC11+AC22) -> 0 | AD65: =(AD4+AD11+AD22)+2*(AE4+AE11+AE22) -> 0 | AF65: =(AF4+AF11+AF22)+2*(AG4+AG11+AG22) -> 0 | AH65: =(AH4+AH11+AH22)+2*(AI4+AI11+AI22) -> 0 | AJ65: =(AJ4+AJ11+AJ22)+2*(AK4+AK11+AK22) -> 0 | AL65: =(AL4+AL11+AL22)+2*(AM4+AM11+AM22) -> 0 | AN65: =(AN4+AN11+AN22)+2*(AO4+AO11+AO22) -> 0 | AP65: =(AP4+AP11+AP22)+2*(AQ4+AQ11+AQ22) -> 0 | AR65: =(AR4+AR11+AR22)+2*(AS4+AS11+AS22) -> 0 | AT65: =(AT4+AT11+AT22)+2*(AU4+AU11+AU22) -> 0 | AV65: =(AV4+AV11+AV22)+2*(AW4+AW11+AW22) -> 0 | AX65: =(AX4+AX11+AX22)+2*(AY4+AY11+AY22) -> 0 | AZ65: =(AZ4+AZ11+AZ22)+2*(BA4+BA11+BA22) -> 0 | BB65: =(BB4+BB11+BB22)+2*(BC4+BC11+BC22) -> 0 | BD65: =(BD4+BD11+BD22)+2*(BE4+BE11+BE22) -> 0 | BF65: =(BF4+BF11+BF22)+2*(BG4+BG11+BG22) -> 0
A66: EB-PU | D66: =(D7+D14+D25)+2*(E7+E14+E25) -> 0 | F66: =(F7+F14+F25)+2*(G7+G14+G25) -> 0 | H66: =(H7+H14+H25)+2*(I7+I14+I25) -> 1 | J66: =(J7+J14+J25)+2*(K7+K14+K25) -> 1 | L66: =(L7+L14+L25)+2*(M7+M14+M25) -> 1 | N66: =(N7+N14+N25)+2*(O7+O14+O25) -> 1 | P66: =(P7+P14+P25)+2*(Q7+Q14+Q25) -> 1 | R66: =(R7+R14+R25)+2*(S7+S14+S25) -> 0 | T66: =(T7+T14+T25)+2*(U7+U14+U25) -> 0 | V66: =(V7+V14+V25)+2*(W7+W14+W25) -> 1 | X66: =(X7+X14+X25)+2*(Y7+Y14+Y25) -> 1 | Z66: =(Z7+Z14+Z25)+2*(AA7+AA14+AA25) -> 1 | AB66: =(AB7+AB14+AB25)+2*(AC7+AC14+AC25) -> 1 | AD66: =(AD7+AD14+AD25)+2*(AE7+AE14+AE25) -> 1 | AF66: =(AF7+AF14+AF25)+2*(AG7+AG14+AG25) -> 0 | AH66: =(AH7+AH14+AH25)+2*(AI7+AI14+AI25) -> 0 | AJ66: =(AJ7+AJ14+AJ25)+2*(AK7+AK14+AK25) -> 1 | AL66: =(AL7+AL14+AL25)+2*(AM7+AM14+AM25) -> 1 | AN66: =(AN7+AN14+AN25)+2*(AO7+AO14+AO25) -> 1 | AP66: =(AP7+AP14+AP25)+2*(AQ7+AQ14+AQ25) -> 1 | AR66: =(AR7+AR14+AR25)+2*(AS7+AS14+AS25) -> 1 | AT66: =(AT7+AT14+AT25)+2*(AU7+AU14+AU25) -> 0 | AV66: =(AV7+AV14+AV25)+2*(AW7+AW14+AW25) -> 0 | AX66: =(AX7+AX14+AX25)+2*(AY7+AY14+AY25) -> 1 | AZ66: =(AZ7+AZ14+AZ25)+2*(BA7+BA14+BA25) -> 1 | BB66: =(BB7+BB14+BB25)+2*(BC7+BC14+BC25) -> 1 | BD66: =(BD7+BD14+BD25)+2*(BE7+BE14+BE25) -> 1 | BF66: =(BF7+BF14+BF25)+2*(BG7+BG14+BG25) -> 1
A67: PU-ES | H67: 6
A68: ES-PU | H68: 4
A69: VM-LI | AX69: =(AX18)+2*(AY18) -> 4 | AZ69: =(AZ18)+2*(BA18) -> 4 | BB69: =(BB18)+2*(BC18) -> 0 | BD69: =(BD18)+2*(BE18) -> 4 | BF69: =(BF18)+2*(BG18) -> 4
A70: VM-PU | AX70: =(AX19)+2*(AY19) -> 2 | AZ70: =(AZ19)+2*(BA19) -> 2 | BB70: =(BB19)+2*(BC19) -> 0 | BD70: =(BD19)+2*(BE19) -> 2 | BF70: =(BF19)+2*(BG19) -> 2

Sheet Oferta Diaria
A1: Oferta Febrero 2025
C3: 45689 | D3: 45690 | E3: 45691 | F3: 45692 | G3: 45693 | H3: 45694 | I3: 45695 | J3: 45696 | K3: 45697 | L3: 45698 | M3: 45699 | N3: 45700 | O3: 45701 | P3: 45702 | Q3: 45703 | R3: 45704 | S3: 45705 | T3: 45706 | U3: 45707 | V3: 45708 | W3: 45709 | X3: 45710 | Y3: 45711 | Z3: 45712 | AA3: 45713 | AB3: 45714 | AC3: 45715 | AD3: 45716
A4: HÁBIL | B4: km
A5: Servicios PU-LI | B5: 43.13 | C5: ='Data Ocupacion'!D49 -> 72 | D5: ='Data Ocupacion'!F49 -> 54 | E5: ='Data Ocupacion'!H49 -> 69 | F5: ='Data Ocupacion'!J49 -> 79 | G5: ='Data Ocupacion'!L49 -> 79 | H5: ='Data Ocupacion'!N49 -> 79 | I5: ='Data Ocupacion'!P49 -> 79 | J5: ='Data Ocupacion'!R49 -> 67 | K5: ='Data Ocupacion'!T49 -> 25 | L5: ='Data Ocupacion'!V49 -> 80 | M5: ='Data Ocupacion'!X49 -> 79 | N5: ='Data Ocupacion'!Z49 -> 79 | O5: ='Data Ocupacion'!AB49 -> 79 | P5: ='Data Ocupacion'!AD49 -> 79 | Q5: ='Data Ocupacion'!AF49 -> 72 | R5: ='Data Ocupacion'!AH49 -> 54 | S5: ='Data Ocupacion'!AJ49 -> 79 | T5: ='Data Ocupacion'!AL49 -> 79 | U5: ='Data Ocupacion'!AN49 -> 79 | V5: ='Data Ocupacion'!AP49 -> 79 | W5: ='Data Ocupacion'!AR49 -> 79 | X5: ='Data Ocupacion'!AT49 -> 72 | Y5: ='Data Ocupacion'!AV49 -> 54 | Z5: ='Data Ocupacion'!AX49 -> 79 | AA5: ='Data Ocupacion'!AZ49 -> 44 | AB5: ='Data Ocupacion'!BB49 -> 79 | AC5: ='Data Ocupacion'!BD49 -> 79 | AD5: ='Data Ocupacion'!BF49 -> 79
A6: Servicios LI-PU | B6: 43.13 | C6: ='Data Ocupacion'!D50 -> 75 | D6: ='Data Ocupacion'!F50 -> 57 | E6: ='Data Ocupacion'!H50 -> 71 | F6: ='Data Ocupacion'!J50 -> 78 | G6: ='Data Ocupacion'!L50 -> 78 | H6: ='Data Ocupacion'!N50 -> 78 | I6: ='Data Ocupacion'!P50 -> 78 | J6: ='Data Ocupacion'!R50 -> 71 | K6: ='Data Ocupacion'!T50 -> 27 | L6: ='Data Ocupacion'!V50 -> 78 | M6: ='Data Ocupacion'!X50 -> 78 | N6: ='Data Ocupacion'!Z50 -> 78 | O6: ='Data Ocupacion'!AB50 -> 78 | P6: ='Data Ocupacion'!AD50 -> 78 | Q6: ='Data Ocupacion'!AF50 -> 75 | R6: ='Data Ocupacion'!AH50 -> 57 | S6: ='Data Ocupacion'!AJ50 -> 78 | T6: ='Data Ocupacion'!AL50 -> 78 | U6: ='Data Ocupacion'!AN50 -> 78 | V6: ='Data Ocupacion'!AP50 -> 78 | W6: ='Data Ocupacion'!AR50 -> 78 | X6: ='Data Ocupacion'!AT50 -> 75 | Y6: ='Data Ocupacion'!AV50 -> 57 | Z6: ='Data Ocupacion'!AX50 -> 78 | AA6: ='Data Ocupacion'!AZ50 -> 45 | AB6: ='Data Ocupacion'!BB50 -> 78 | AC6: ='Data Ocupacion'!BD50 -> 78 | AD6: ='Data Ocupacion'!BF50 -> 78
A7: Servicios PU-SA | B7: 29.11 | C7: ='Data Ocupacion'!D51 -> 0 | D7: ='Data Ocupacion'!F51 -> 0 | E7: ='Data Ocupacion'!H51 -> 30 | F7: ='Data Ocupacion'!J51 -> 33 | G7: ='Data Ocupacion'!L51 -> 33 | H7: ='Data Ocupacion'!N51 -> 33 | I7: ='Data Ocupacion'!P51 -> 33 | J7: ='Data Ocupacion'!R51 -> 0 | K7: ='Data Ocupacion'!T51 -> 0 | L7: ='Data Ocupacion'!V51 -> 31 | M7: ='Data Ocupacion'!X51 -> 33 | N7: ='Data Ocupacion'!Z51 -> 33 | O7: ='Data Ocupacion'!AB51 -> 33 | P7: ='Data Ocupacion'!AD51 -> 33 | Q7: ='Data Ocupacion'!AF51 -> 0 | R7: ='Data Ocupacion'!AH51 -> 0 | S7: ='Data Ocupacion'!AJ51 -> 33 | T7: ='Data Ocupacion'!AL51 -> 33 | U7: ='Data Ocupacion'!AN51 -> 33 | V7: ='Data Ocupacion'!AP51 -> 33 | W7: ='Data Ocupacion'!AR51 -> 33 | X7: ='Data Ocupacion'!AT51 -> 0 | Y7: ='Data Ocupacion'!AV51 -> 0 | Z7: ='Data Ocupacion'!AX51 -> 33 | AA7: ='Data Ocupacion'!AZ51 -> 13 | AB7: ='Data Ocupacion'!BB51 -> 33 | AC7: ='Data Ocupacion'!BD51 -> 33 | AD7: ='Data Ocupacion'!BF51 -> 33
A8: Servicios SA-PU | B8: 29.11 | C8: ='Data Ocupacion'!D52 -> 0 | D8: ='Data Ocupacion'!F52 -> 0 | E8: ='Data Ocupacion'!H52 -> 29 | F8: ='Data Ocupacion'!J52 -> 32 | G8: ='Data Ocupacion'!L52 -> 32 | H8: ='Data Ocupacion'!N52 -> 32 | I8: ='Data Ocupacion'!P52 -> 32 | J8: ='Data Ocupacion'!R52 -> 0 | K8: ='Data Ocupacion'!T52 -> 0 | L8: ='Data Ocupacion'!V52 -> 32 | M8: ='Data Ocupacion'!X52 -> 32 | N8: ='Data Ocupacion'!Z52 -> 32 | O8: ='Data Ocupacion'!AB52 -> 32 | P8: ='Data Ocupacion'!AD52 -> 32 | Q8: ='Data Ocupacion'!AF52 -> 0 | R8: ='Data Ocupacion'!AH52 -> 0 | S8: ='Data Ocupacion'!AJ52 -> 32 | T8: ='Data Ocupacion'!AL52 -> 32 | U8: ='Data Ocupacion'!AN52 -> 32 | V8: ='Data Ocupacion'!AP52 -> 32 | W8: ='Data Ocupacion'!AR52 -> 32 | X8: ='Data Ocupacion'!AT52 -> 0 | Y8: ='Data Ocupacion'!AV52 -> 0 | Z8: ='Data Ocupacion'!AX52 -> 32 | AA8: ='Data Ocupacion'!AZ52 -> 14 | AB8: ='Data Ocupacion'!BB52 -> 32 | AC8: ='Data Ocupacion'!BD52 -> 32 | AD8: ='Data Ocupacion'!BF52 -> 32
A9: Servicios PU-EB | B9: 25.4 | C9: ='Data Ocupacion'!D53 -> 0 | D9: ='Data Ocupacion'!F53 -> 0 | E9: ='Data Ocupacion'!H53 -> 0 | F9: ='Data Ocupacion'!J53 -> 0 | G9: ='Data Ocupacion'!L53 -> 0 | H9: ='Data Ocupacion'!N53 -> 0 | I9: ='Data Ocupacion'!P53 -> 0 | J9: ='Data Ocupacion'!R53 -> 0 | K9: ='Data Ocupacion'!T53 -> 0 | L9: ='Data Ocupacion'!V53 -> 0 | M9: ='Data Ocupacion'!X53 -> 0 | N9: ='Data Ocupacion'!Z53 -> 0 | O9: ='Data Ocupacion'!AB53 -> 0 | P9: ='Data Ocupacion'!AD53 -> 0 | Q9: ='Data Ocupacion'!AF53 -> 0 | R9: ='Data Ocupacion'!AH53 -> 0 | S9: ='Data Ocupacion'!AJ53 -> 0 | T9: ='Data Ocupacion'!AL53 -> 0 | U9: ='Data Ocupacion'!AN53 -> 0 | V9: ='Data Ocupacion'!AP53 -> 0 | W9: ='Data Ocupacion'!AR53 -> 0 | X9: ='Data Ocupacion'!AT53 -> 0 | Y9: ='Data Ocupacion'!AV53 -> 0 | Z9: ='Data Ocupacion'!AX53 -> 0 | AA9: ='Data Ocupacion'!AZ53 -> 0 | AB9: ='Data Ocupacion'!BB53 -> 0 | AC9: ='Data Ocupacion'!BD53 -> 0 | AD9: ='Data Ocupacion'!BF53 -> 0
A10: Servicios EB-PU | B10: 25.4 | C10: ='Data Ocupacion'!D54 -> 0 | D10: ='Data Ocupacion'!F54 -> 0 | E10: ='Data Ocupacion'!H54 -> 1 | F10: ='Data Ocupacion'!J54 -> 1 | G10: ='Data Ocupacion'!L54 -> 1 | H10: ='Data Ocupacion'!N54 -> 1 | I10: ='Data Ocupacion'!P54 -> 1 | J10: ='Data Ocupacion'!R54 -> 0 | K10: ='Data Ocupacion'!T54 -> 0 | L10: ='Data Ocupacion'!V54 -> 1 | M10: ='Data Ocupacion'!X54 -> 1 | N10: ='Data Ocupacion'!Z54 -> 1 | O10: ='Data Ocupacion'!AB54 -> 1 | P10: ='Data Ocupacion'!AD54 -> 1 | Q10: ='Data Ocupacion'!AF54 -> 0 | R10: ='Data Ocupacion'!AH54 -> 0 | S10: ='Data Ocupacion'!AJ54 -> 1 | T10: ='Data Ocupacion'!AL54 -> 1 | U10: ='Data Ocupacion'!AN54 -> 1 | V10: ='Data Ocupacion'!AP54 -> 1 | W10: ='Data Ocupacion'!AR54 -> 1 | X10: ='Data Ocupacion'!AT54 -> 0 | Y10: ='Data Ocupacion'!AV54 -> 0 | Z10: ='Data Ocupacion'!AX54 -> 1 | AA10: ='Data Ocupacion'!AZ54 -> 1 | AB10: ='Data Ocupacion'!BB54 -> 1 | AC10: ='Data Ocupacion'!BD54 -> 1 | AD10: ='Data Ocupacion'!BF54 -> 1
A11: Servicios PU-ES | B11: 11.71 | E11: 6
A12: Servicios ES-PU | B12: 11.71 | E12: 4
A13: Servicios VM-LI | B13: 34.83 | Z13: 4 | AA13: 4 | AC13: 4 | AD13: 4
A14: Servicios VM-PU | B14: 8.3 | Z14: 2 | AA14: 2 | AC14: 2 | AD14: 2
A16: Trenes PU-LI | B16: 43.13 | C16: ='Data Ocupacion'!D61 -> 75 | D16: ='Data Ocupacion'!F61 -> 57 | E16: ='Data Ocupacion'!H61 -> 72 | F16: ='Data Ocupacion'!J61 -> 81 | G16: ='Data Ocupacion'!L61 -> 80 | H16: ='Data Ocupacion'!N61 -> 80 | I16: ='Data Ocupacion'!P61 -> 80 | J16: ='Data Ocupacion'!R61 -> 73 | K16: ='Data Ocupacion'!T61 -> 50 | L16: ='Data Ocupacion'!V61 -> 81 | M16: ='Data Ocupacion'!X61 -> 80 | N16: ='Data Ocupacion'!Z61 -> 80 | O16: ='Data Ocupacion'!AB61 -> 80 | P16: ='Data Ocupacion'!AD61 -> 80 | Q16: ='Data Ocupacion'!AF61 -> 75 | R16: ='Data Ocupacion'!AH61 -> 57 | S16: ='Data Ocupacion'!AJ61 -> 80 | T16: ='Data Ocupacion'!AL61 -> 80 | U16: ='Data Ocupacion'!AN61 -> 80 | V16: ='Data Ocupacion'!AP61 -> 80 | W16: ='Data Ocupacion'!AR61 -> 80 | X16: ='Data Ocupacion'!AT61 -> 75 | Y16: ='Data Ocupacion'!AV61 -> 76 | Z16: ='Data Ocupacion'!AX61 -> 97 | AA16: ='Data Ocupacion'!AZ61 -> 44 | AB16: ='Data Ocupacion'!BB61 -> 93 | AC16: ='Data Ocupacion'!BD61 -> 96 | AD16: ='Data Ocupacion'!BF61 -> 96
A17: Trenes LI-PU | B17: 43.13 | C17: ='Data Ocupacion'!D62 -> 75 | D17: ='Data Ocupacion'!F62 -> 57 | E17: ='Data Ocupacion'!H62 -> 74 | F17: ='Data Ocupacion'!J62 -> 81 | G17: ='Data Ocupacion'!L62 -> 80 | H17: ='Data Ocupacion'!N62 -> 80 | I17: ='Data Ocupacion'!P62 -> 80 | J17: ='Data Ocupacion'!R62 -> 73 | K17: ='Data Ocupacion'!T62 -> 52 | L17: ='Data Ocupacion'!V62 -> 80 | M17: ='Data Ocupacion'!X62 -> 80 | N17: ='Data Ocupacion'!Z62 -> 80 | O17: ='Data Ocupacion'!AB62 -> 80 | P17: ='Data Ocupacion'!AD62 -> 80 | Q17: ='Data Ocupacion'!AF62 -> 75 | R17: ='Data Ocupacion'!AH62 -> 57 | S17: ='Data Ocupacion'!AJ62 -> 80 | T17: ='Data Ocupacion'!AL62 -> 80 | U17: ='Data Ocupacion'!AN62 -> 80 | V17: ='Data Ocupacion'!AP62 -> 80 | W17: ='Data Ocupacion'!AR62 -> 80 | X17: ='Data Ocupacion'!AT62 -> 75 | Y17: ='Data Ocupacion'!AV62 -> 72 | Z17: ='Data Ocupacion'!AX62 -> 97 | AA17: ='Data Ocupacion'!AZ62 -> 45 | AB17: ='Data Ocupacion'!BB62 -> 92 | AC17: ='Data Ocupacion'!BD62 -> 96 | AD17: ='Data Ocupacion'!BF62 -> 96
A18: Trenes PU-SA | B18: 29.11 | C18: ='Data Ocupacion'!D63 -> 0 | D18: ='Data Ocupacion'!F63 -> 0 | E18: ='Data Ocupacion'!H63 -> 30 | F18: ='Data Ocupacion'!J63 -> 33 | G18: ='Data Ocupacion'!L63 -> 33 | H18: ='Data Ocupacion'!N63 -> 33 | I18: ='Data Ocupacion'!P63 -> 33 | J18: ='Data Ocupacion'!R63 -> 0 | K18: ='Data Ocupacion'!T63 -> 0 | L18: ='Data Ocupacion'!V63 -> 31 | M18: ='Data Ocupacion'!X63 -> 33 | N18: ='Data Ocupacion'!Z63 -> 33 | O18: ='Data Ocupacion'!AB63 -> 33 | P18: ='Data Ocupacion'!AD63 -> 33 | Q18: ='Data Ocupacion'!AF63 -> 0 | R18: ='Data Ocupacion'!AH63 -> 0 | S18: ='Data Ocupacion'!AJ63 -> 33 | T18: ='Data Ocupacion'!AL63 -> 33 | U18: ='Data Ocupacion'!AN63 -> 33 | V18: ='Data Ocupacion'!AP63 -> 33 | W18: ='Data Ocupacion'!AR63 -> 33 | X18: ='Data Ocupacion'!AT63 -> 0 | Y18: ='Data Ocupacion'!AV63 -> 0 | Z18: ='Data Ocupacion'!AX63 -> 33 | AA18: ='Data Ocupacion'!AZ63 -> 13 | AB18: ='Data Ocupacion'!BB63 -> 33 | AC18: ='Data Ocupacion'!BD63 -> 33 | AD18: ='Data Ocupacion'!BF63 -> 33
A19: Trenes SA-PU | B19: 29.11 | C19: ='Data Ocupacion'!D64 -> 0 | D19: ='Data Ocupacion'!F64 -> 0 | E19: ='Data Ocupacion'!H64 -> 29 | F19: ='Data Ocupacion'!J64 -> 32 | G19: ='Data Ocupacion'!L64 -> 32 | H19: ='Data Ocupacion'!N64 -> 32 | I19: ='Data Ocupacion'!P64 -> 32 | J19: ='Data Ocupacion'!R64 -> 0 | K19: ='Data Ocupacion'!T64 -> 0 | L19: ='Data Ocupacion'!V64 -> 32 | M19: ='Data Ocupacion'!X64 -> 32 | N19: ='Data Ocupacion'!Z64 -> 32 | O19: ='Data Ocupacion'!AB64 -> 32 | P19: ='Data Ocupacion'!AD64 -> 32 | Q19: ='Data Ocupacion'!AF64 -> 0 | R19: ='Data Ocupacion'!AH64 -> 0 | S19: ='Data Ocupacion'!AJ64 -> 32 | T19: ='Data Ocupacion'!AL64 -> 32 | U19: ='Data Ocupacion'!AN64 -> 32 | V19: ='Data Ocupacion'!AP64 -> 32 | W19: ='Data Ocupacion'!AR64 -> 32 | X19: ='Data Ocupacion'!AT64 -> 0 | Y19: ='Data Ocupacion'!AV64 -> 0 | Z19: ='Data Ocupacion'!AX64 -> 32 | AA19: ='Data Ocupacion'!AZ64 -> 14 | AB19: ='Data Ocupacion'!BB64 -> 32 | AC19: ='Data Ocupacion'!BD64 -> 32 | AD19: ='Data Ocupacion'!BF64 -> 32
A20: Trenes EB-PU | B20: 25.4 | C20: ='Data Ocupacion'!D66 -> 0 | D20: ='Data Ocupacion'!F66 -> 0 | E20: ='Data Ocupacion'!H66 -> 1 | F20: ='Data Ocupacion'!J66 -> 1 | G20: ='Data Ocupacion'!L66 -> 1 | H20: ='Data Ocupacion'!N66 -> 1 | I20: ='Data Ocupacion'!P66 -> 1 | J20: ='Data Ocupacion'!R66 -> 0 | K20: ='Data Ocupacion'!T66 -> 0 | L20: ='Data Ocupacion'!V66 -> 1 | M20: ='Data Ocupacion'!X66 -> 1 | N20: ='Data Ocupacion'!Z66 -> 1 | O20: ='Data Ocupacion'!AB66 -> 1 | P20: ='Data Ocupacion'!AD66 -> 1 | Q20: ='Data Ocupacion'!AF66 -> 0 | R20: ='Data Ocupacion'!AH66 -> 0 | S20: ='Data Ocupacion'!AJ66 -> 1 | T20: ='Data Ocupacion'!AL66 -> 1 | U20: ='Data Ocupacion'!AN66 -> 1 | V20: ='Data Ocupacion'!AP66 -> 1 | W20: ='Data Ocupacion'!AR66 -> 1 | X20: ='Data Ocupacion'!AT66 -> 0 | Y20: ='Data Ocupacion'!AV66 -> 0 | Z20: ='Data Ocupacion'!AX66 -> 1 | AA20: ='Data Ocupacion'!AZ66 -> 1 | AB20: ='Data Ocupacion'!BB66 -> 1 | AC20: ='Data Ocupacion'!BD66 -> 1 | AD20: ='Data Ocupacion'!BF66 -> 1
A21: Trenes PU-EB | B21: 25.4 | C21: 0 | D21: 0 | E21: 0 | F21: 0 | G21: 0 | H21: 0 | I21: 0 | J21: 0 | K21: 0 | L21: 0 | M21: 0 | N21: 0 | O21: 0 | P21: 0 | Q21: 0 | R21: 0 | S21: 0 | T21: 0 | U21: 0 | V21: 0 | W21: 0 | X21: 0 | Y21: 0 | Z21: 0 | AA21: 0 | AB21: 0 | AC21: 0 | AD21: 0
A22: Trenes PU-ES | B22: 11.71 | E22: 6
A23: Trenes ES-PU | B23: 11.71 | E23: 4
A24: Trenes VM-LI | B24: 34.83 | Z24: 4 | AA24: 4 | AC24: 4 | AD24: 4
A25: Trenes VM-PU | B25: 8.3 | Z25: 2 | AA25: 2 | AC25: 2 | AD25: 2
A27: Corte EB (600) | B27: -17.73 | C27: ='KM-Servicio'!Q5 -> 0 | D27: ='KM-Servicio'!Q12 -> 0 | E27: ='KM-Servicio'!Q19 -> 0 | F27: ='KM-Servicio'!Q28 -> 0 | G27: ='KM-Servicio'!Q35 -> 0 | H27: ='KM-Servicio'!Q42 -> 0 | I27: ='KM-Servicio'!Q49 -> 0 | J27: ='KM-Servicio'!Q56 -> 0 | K27: ='KM-Servicio'!Q63 -> 0 | L27: ='KM-Servicio'!Q70 -> 0 | M27: ='KM-Servicio'!Q77 -> 0 | N27: ='KM-Servicio'!Q84 -> 0 | O27: ='KM-Servicio'!Q91 -> 0 | P27: ='KM-Servicio'!Q98 -> 0 | Q27: ='KM-Servicio'!Q105 -> 0 | R27: ='KM-Servicio'!Q112 -> 0 | S27: ='KM-Servicio'!Q119 -> 0 | T27: ='KM-Servicio'!Q126 -> 0 | U27: ='KM-Servicio'!Q133 -> 0 | V27: ='KM-Servicio'!Q140 -> 0 | W27: ='KM-Servicio'!Q147 -> 0 | X27: ='KM-Servicio'!Q154 -> 0 | Y27: ='KM-Servicio'!Q161 -> 0 | Z27: ='KM-Servicio'!Q168 -> 0 | AA27: ='KM-Servicio'!Q177 -> 0 | AB27: ='KM-Servicio'!Q186 -> 0 | AC27: ='KM-Servicio'!Q193 -> 0 | AD27: ='KM-Servicio'!Q202 -> 0
A28: Acople EB (600) | B28: -17.73 | C28: ='KM-Servicio'!T6 -> 0 | D28: ='KM-Servicio'!T13 -> 0 | E28: ='KM-Servicio'!T20 -> 0 | F28: ='KM-Servicio'!T29 -> 0 | G28: ='KM-Servicio'!T36 -> 0 | H28: ='KM-Servicio'!T43 -> 0 | I28: ='KM-Servicio'!T50 -> 0 | J28: ='KM-Servicio'!T57 -> 0 | K28: ='KM-Servicio'!T64 -> 0 | L28: ='KM-Servicio'!T71 -> 0 | M28: ='KM-Servicio'!T78 -> 0 | N28: ='KM-Servicio'!T85 -> 0 | O28: ='KM-Servicio'!T92 -> 0 | P28: ='KM-Servicio'!T99 -> 0 | Q28: ='KM-Servicio'!T106 -> 0 | R28: ='KM-Servicio'!T113 -> 0 | S28: ='KM-Servicio'!T120 -> 0 | T28: ='KM-Servicio'!T127 -> 0 | U28: ='KM-Servicio'!T134 -> 0 | V28: ='KM-Servicio'!T141 -> 0 | W28: ='KM-Servicio'!T148 -> 0 | X28: ='KM-Servicio'!T155 -> 0 | Y28: ='KM-Servicio'!T162 -> 0 | Z28: ='KM-Servicio'!T169 -> 0 | AA28: ='KM-Servicio'!T176 -> 0 | AB28: ='KM-Servicio'!T187 -> 1 | AC28: ='KM-Servicio'!T194 -> 1 | AD28: ='KM-Servicio'!T203 -> 1
A29: Acople/Corte SA (600) | B29: -14.02 | C29: ='KM-Servicio'!U6 -> 0 | D29: ='KM-Servicio'!U13 -> 0 | E29: ='KM-Servicio'!U20 -> 0 | F29: ='KM-Servicio'!U29 -> 0 | G29: ='KM-Servicio'!U36 -> 0 | H29: ='KM-Servicio'!U43 -> 0 | I29: ='KM-Servicio'!U50 -> 0 | J29: ='KM-Servicio'!U57 -> 0 | K29: ='KM-Servicio'!U64 -> 0 | L29: ='KM-Servicio'!U71 -> 0 | M29: ='KM-Servicio'!U78 -> 0 | N29: ='KM-Servicio'!U85 -> 0 | O29: ='KM-Servicio'!U92 -> 0 | P29: ='KM-Servicio'!U99 -> 0 | Q29: ='KM-Servicio'!U106 -> 0 | R29: ='KM-Servicio'!U113 -> 0 | S29: ='KM-Servicio'!U120 -> 0 | T29: ='KM-Servicio'!U127 -> 0 | U29: ='KM-Servicio'!U134 -> 0 | V29: ='KM-Servicio'!U141 -> 0 | W29: ='KM-Servicio'!U148 -> 0 | X29: ='KM-Servicio'!U155 -> 0 | Y29: ='KM-Servicio'!U162 -> 0 | Z29: ='KM-Servicio'!U169 -> 0 | AA29: ='KM-Servicio'!U178 -> 0 | AB29: ='KM-Servicio'!U187 -> 0 | AC29: ='KM-Servicio'!U194 -> 0 | AD29: ='KM-Servicio'!U203 -> 0
A30: Corte EB (400) | B30: -3.71 | E30: ='KM-Servicio'!Q21 -> 0 | G30: ='KM-Servicio'!Q37 -> 0 | N30: ='KM-Servicio'!Q86 -> 0
A31: Acople EB (600) vía 1 | B31: -25.4 | Y31: 4 | AA31: 4 | AB31: 3 | AC31: 4 | AD31: 3
A33: Servicios | B33: =SUM(C33:AD33) -> 5328 | C33: =SUM(C5:C10) -> 147 | D33: =SUM(D5:D10) -> 111 | E33: =SUM(E5:E12) -> 210 | F33: =SUM(F5:F10) -> 223 | G33: =SUM(G5:G10) -> 223 | H33: =SUM(H5:H10) -> 223 | I33: =SUM(I5:I10) -> 223 | J33: =SUM(J5:J10) -> 138 | K33: =SUM(K5:K10) -> 52 | L33: =SUM(L5:L10) -> 222 | M33: =SUM(M5:M10) -> 223 | ... Y33: =SUM(Y5:Y10) -> 111 | Z33: =SUM(Z5:Z14) -> 229 | AA33: =SUM(AA5:AA14) -> 123 | AB33: =SUM(AB5:AB14) -> 223 | AC33: =SUM(AC5:AC14) -> 229 | AD33: =SUM(AD5:AD14) -> 229
A34: Trenes | B34: =SUM(C34:AD34) -> 5623 | C34: =SUM(C16:C21) -> 150 | D34: =SUM(D16:D21) -> 114 | E34: =SUM(E16:E23) -> 216 | F34: =SUM(F16:F21) -> 228 | G34: =SUM(G16:G21) -> 226 | H34: =SUM(H16:H21) -> 226 | I34: =SUM(I16:I21) -> 226 | J34: =SUM(J16:J21) -> 146 | K34: =SUM(K16:K21) -> 102 | L34: =SUM(L16:L21) -> 225 | M34: =SUM(M16:M21) -> 226 | ... Y34: =SUM(Y16:Y21) -> 148 | Z34: =SUM(Z16:Z25) -> 266 | AA34: =SUM(AA16:AA25) -> 123 | AB34: =SUM(AB16:AB25) -> 251 | AC34: =SUM(AC16:AC25) -> 264 | AD34: =SUM(AD16:AD25) -> 264
A35: Trenes KM | B35: =SUM(C35:AD35) -> 223348.28 | C35: =(C16*$B$16+C17*$B$17+C18*$B$18+C19*$B$19+C21*$B$21+C28*$B$28+C20*$B$20+C27*$B$27+C29*$B$29+C30*$B$30) -> 6469.5 | D35: =(D16*$B$16+D17*$B$17+D18*$B$18+D19*$B$19+D21*$B$21+D28*$B$28+D20*$B$20+D27*$B$27+D29*$B$29+D30*$B$30) -> 4916.82 | E35: =(E16*$B$16+E17*$B$17+E18*$B$18+E19*$B$19+E21*$B$21+E28*$B$28+E20*$B$20+E27*$B$27+E29*$B$29+E30*$B$30+E22*B22+E23*B23) -> 8156.97 | F35: =(F16*$B$16+F17*$B$17+F18*$B$18+F19*$B$19+F21*$B$21+F28*$B$28+F20*$B$20+F27*$B$27+F29*$B$29+F30*$B$30) -> 8904.61 | G35: =(G16*$B$16+G17*$B$17+G18*$B$18+G19*$B$19+G21*$B$21+G28*$B$28+G20*$B$20+G27*$B$27+G29*$B$29+G30*$B$30) -> 8818.35 | H35: =(H16*$B$16+H17*$B$17+H18*$B$18+H19*$B$19+H21*$B$21+H28*$B$28+H20*$B$20+H27*$B$27+H29*$B$29+H30*$B$30) -> 8818.35 | I35: =(I16*$B$16+I17*$B$17+I18*$B$18+I19*$B$19+I21*$B$21+I28*$B$28+I20*$B$20+I27*$B$27+I29*$B$29+I30*$B$30) -> 8818.35 | J35: =(J16*$B$16+J17*$B$17+J18*$B$18+J19*$B$19+J21*$B$21+J28*$B$28+J20*$B$20+J27*$B$27+J29*$B$29+J30*$B$30) -> 6296.98 | K35: =(K16*$B$16+K17*$B$17+K18*$B$18+K19*$B$19+K21*$B$21+K28*$B$28+K20*$B$20+K27*$B$27+K29*$B$29+K30*$B$30) -> 4399.26 | L35: =(L16*$B$16+L17*$B$17+L18*$B$18+L19*$B$19+L21*$B$21+L28*$B$28+L20*$B$20+L27*$B$27+L29*$B$29+L30*$B$30) -> 8803.26 | M35: =(M16*$B$16+M17*$B$17+M18*$B$18+M19*$B$19+M21*$B$21+M28*$B$28+M20*$B$20+M27*$B$27+M29*$B$29+M30*$B$30) -> 8818.35 | ... X35: =(X16*$B$16+X17*$B$17+X18*$B$18+X19*$B$19+X21*$B$21+X28*$B$28+X20*$B$20+X27*$B$27+X29*$B$29+X30*$B$30) -> 6469.5 | Y35: =(Y16*$B$16+Y17*$B$17+Y18*$B$18+Y19*$B$19+Y21*$B$21+Y28*$B$28+Y20*$B$20+Y27*$B$27+Y29*$B$29+Y30*$B$30+Y31*$B$31) -> 6281.64 | Z35: =(Z16*$B$16+Z17*$B$17+Z18*$B$18+Z19*$B$19+Z21*$B$21+Z28*$B$28+Z20*$B$20+Z27*$B$27+Z29*$B$29+Z30*$B$30+Z24*$B$24+Z25*$B$25) -> 10440.69 | AA35: =(AA16*$B$16+AA17*$B$17+AA18*$B$18+AA19*$B$19+AA21*$B$21+AA28*$B$28+AA20*$B$20+AA27*$B$27+AA29*$B$29+AA31*$B$31+AA24*$B$24+AA25*$B$25) -> 4704.26 | AB35: =(AB16*$B$16+AB17*$B$17+AB18*$B$18+AB19*$B$19+AB21*$B$21+AB28*$B$28+AB20*$B$20+AB27*$B$27+AB29*$B$29+AB31*$B$31+AB24*$B$24+AB25*$B$25) -> 9802.67 | AC35: =(AC16*$B$16+AC17*$B$17+AC18*$B$18+AC19*$B$19+AC21*$B$21+AC28*$B$28+AC20*$B$20+AC27*$B$27+AC29*$B$29+AC31*$B$31+AC24*$B$24+AC25*$B$25) -> 10235.1 | AD35: =(AD16*$B$16+AD17*$B$17+AD18*$B$18+AD19*$B$19+AD21*$B$21+AD28*$B$28+AD20*$B$20+AD27*$B$27+AD29*$B$29+AD31*$B$31+AD24*$B$24+AD25*$B$25) -> 10260.5
A36: Servicios KM | B36: =SUM(C36:AD36) -> 211135.32 | C36: =$B$5*C5+$B$6*C6+$B$7*C7+$B$8*C8+$B$10*C10+$B$9*C9 -> 6340.11 | D36: =$B$5*D5+$B$6*D6+$B$7*D7+$B$8*D8+$B$10*D10+$B$9*D9 -> 4787.43 | E36: =$B$5*E5+$B$6*E6+$B$7*E7+$B$8*E8+$B$10*E10+$B$9*E9+E11*B11+E12*B12 -> 7898.19 | F36: =$B$5*F5+$B$6*F6+$B$7*F7+$B$8*F8+$B$10*F10+$B$9*F9 -> 8688.96 | G36: =$B$5*G5+$B$6*G6+$B$7*G7+$B$8*G8+$B$10*G10+$B$9*G9 -> 8688.96 | H36: =$B$5*H5+$B$6*H6+$B$7*H7+$B$8*H8+$B$10*H10+$B$9*H9 -> 8688.96 | I36: =$B$5*I5+$B$6*I6+$B$7*I7+$B$8*I8+$B$10*I10+$B$9*I9 -> 8688.96 | J36: =$B$5*J5+$B$6*J6+$B$7*J7+$B$8*J8+$B$10*J10+$B$9*J9 -> 5951.94 | K36: =$B$5*K5+$B$6*K6+$B$7*K7+$B$8*K8+$B$10*K10+$B$9*K9 -> 2242.76 | L36: =$B$5*L5+$B$6*L6+$B$7*L7+$B$8*L8+$B$10*L10+$B$9*L9 -> 8673.87 | M36: =$B$5*M5+$B$6*M6+$B$7*M7+$B$8*M8+$B$10*M10+$B$9*M9 -> 8688.96 | ... Y36: =$B$5*Y5+$B$6*Y6+$B$7*Y7+$B$8*Y8+$B$10*Y10+$B$9*Y9 -> 4787.43 | Z36: =$B$5*Z5+$B$6*Z6+$B$7*Z7+$B$8*Z8+$B$10*Z10+$B$9*Z9+Z13*$B$13+Z14*$B$14 -> 8844.88 | AA36: =$B$5*AA5+$B$6*AA6+$B$7*AA7+$B$8*AA8+$B$10*AA10+$B$9*AA9+AA13*$B$13+AA14*$B$14 -> 4805.86 | AB36: =$B$5*AB5+$B$6*AB6+$B$7*AB7+$B$8*AB8+$B$10*AB10+$B$9*AB9+AB13*$B$13+AB14*$B$14 -> 8688.96 | AC36: =$B$5*AC5+$B$6*AC6+$B$7*AC7+$B$8*AC8+$B$10*AC10+$B$9*AC9+AC13*$B$13+AC14*$B$14 -> 8844.88 | AD36: =$B$5*AD5+$B$6*AD6+$B$7*AD7+$B$8*AD8+$B$10*AD10+$B$9*AD9+AD13*$B$13+AD14*$B$14 -> 8844.88
A37: Asientos KM | B37: =SUM(C37:AD37) -> 23228221 | C37: =C35*104 -> 672828 | D37: =D35*104 -> 511349.28 | E37: =E35*104 -> 848324.88 | F37: =F35*104 -> 926079.44 | G37: =G35*104 -> 917108.4 | H37: =H35*104 -> 917108.4 | I37: =I35*104 -> 917108.4 | J37: =J35*104 -> 654885.92 | ... AD37: =AD35*104 -> 1067092
A38: Coches KM | B38: =SUM(C38:AD38) -> 446696.56 | C38: =C35*2 -> 12939 | D38: =D35*2 -> 9833.64 | E38: =E35*2 -> 16313.94 | F38: =F35*2 -> 17809.22 | G38: =G35*2 -> 17636.7 | H38: =H35*2 -> 17636.7 | I38: =I35*2 -> 17636.7 | J38: =J35*2 -> 12593.96 | ... AD38: =AD35*2 -> 20521
A39: Capacidad Total | B39: =SUM(C39:AD39) -> 2035526 | C39: =+C34*362 -> 54300 | D39: =+D34*362 -> 41268 | E39: =+E34*362 -> 78192 | F39: =+F34*362 -> 82536 | G39: =+G34*362 -> 81812 | H39: =+H34*362 -> 81812 | I39: =+I34*362 -> 81812 | J39: =+J34*362 -> 52852 | ... AD39: =+AD34*362 -> 95568
A40: Ton Km Brutas | B40: =SUM(C40:AD40) -> 17711519 | C40: =C35*79.3 -> 513031.35 | D40: =D35*79.3 -> 389903.83 | E40: =E35*79.3 -> 646847.72 | F40: =F35*79.3 -> 706135.57 | G40: =G35*79.3 -> 699295.16 | H40: =H35*79.3 -> 699295.16 | I40: =I35*79.3 -> 699295.16 | J40: =J35*79.3 -> 499350.51 | ... AD40: =AD35*79.3 -> 813657.65

Sheet UMR Resumen
A1: Febrero 2025
A2: Fecha | B2: Odómetro | C2: Odómetro acum. | D2: Tren-Km | E2: Tren-Km Acum. | F2: UMR Diario | G2: Viajes Programados | H2: Viajes Realizados | I2: IR | J2: Indice Regularidad (QU-via 2) 7:10am a 8:10am | K2: TKB (no TKBC) | L2: Tipo Dia | M2: Comentarios
A3: 45689 | B3: ='KM-Servicio'!N11 -> 6503 | C3: =B3 -> 6503 | D3: ='KM-Servicio'!W11 -> 6469.5 | E3: =D3 -> 6469.5 | F3: ='KM-Servicio'!O11 -> 99.484853 | G3: =SUM('KM-Servicio'!B11:C11) -> 147 | H3: =SUM('KM-Servicio'!D11:E11) -> 147 | K3: ='Oferta Diaria'!C40 -> 513031.35 | L3: Sábado
A4: 45690 | B4: ='KM-Servicio'!N18 -> 5048 | C4: =B4+C3 -> 11551 | D4: ='KM-Servicio'!W18 -> 4916.82 | E4: =D4+E3 -> 11386.32 | F4: ='KM-Servicio'!O18 -> 97.401347 | G4: =SUM('KM-Servicio'!B18:C18) -> 111 | H4: =SUM('KM-Servicio'!D18:E18) -> 111 | K4: ='Oferta Diaria'!D40 -> 389903.83 | L4: Dgo-Festivo
A5: 45691 | B5: ='KM-Servicio'!N27 -> 8735 | C5: =B5+C4 -> 20286 | D5: ='KM-Servicio'!W27 -> 8156.97 | E5: =D5+E4 -> 19543.29 | F5: ='KM-Servicio'!O27 -> 93.382599 | G5: =SUM('KM-Servicio'!B27:C27) -> 223 | H5: =SUM('KM-Servicio'!D27:E27) -> 210 | K5: ='Oferta Diaria'!E40 -> 646847.72 | L5: Laboral
A6: 45692 | B6: ='KM-Servicio'!N34 -> 9144 | C6: =B6+C5 -> 29430 | D6: ='KM-Servicio'!W34 -> 8904.61 | E6: =D6+E5 -> 28447.9 | F6: ='KM-Servicio'!O34 -> 97.381999 | G6: =SUM('KM-Servicio'!B34:C34) -> 223 | H6: =SUM('KM-Servicio'!D34:E34) -> 223 | K6: ='Oferta Diaria'!F40 -> 706135.57 | L6: Laboral
A7: 45693 | B7: ='KM-Servicio'!N41 -> 9207 | C7: =B7+C6 -> 38637 | D7: ='KM-Servicio'!W41 -> 8818.35 | E7: =D7+E6 -> 37266.25 | F7: ='KM-Servicio'!O41 -> 95.778755 | G7: =SUM('KM-Servicio'!B41:C41) -> 223 | H7: =SUM('KM-Servicio'!D41:E41) -> 223 | K7: ='Oferta Diaria'!G40 -> 699295.16 | L7: Laboral
A8: 45694 | B8: ='KM-Servicio'!N48 -> 9301 | C8: =B8+C7 -> 47938 | D8: ='KM-Servicio'!W48 -> 8818.35 | E8: =D8+E7 -> 46084.6 | F8: ='KM-Servicio'!O48 -> 94.810773 | G8: =SUM('KM-Servicio'!B48:C48) -> 223 | H8: =SUM('KM-Servicio'!D48:E48) -> 223 | K8: ='Oferta Diaria'!H40 -> 699295.16 | L8: Laboral
A9: 45695 | B9: ='KM-Servicio'!N55 -> 9173 | C9: =B9+C8 -> 57111 | D9: ='KM-Servicio'!W55 -> 8818.35 | E9: =D9+E8 -> 54902.95 | F9: ='KM-Servicio'!O55 -> 96.133762 | G9: =SUM('KM-Servicio'!B55:C55) -> 223 | H9: =SUM('KM-Servicio'!D55:E55) -> 223 | K9: ='Oferta Diaria'!I40 -> 699295.16 | L9: Laboral
A10: 45696 | B10: ='KM-Servicio'!N62 -> 6414 | C10: =B10+C9 -> 63525 | D10: ='KM-Servicio'!W62 -> 6296.98 | E10: =D10+E9 -> 61199.93 | F10: ='KM-Servicio'!O62 -> 98.175553 | G10: =SUM('KM-Servicio'!B62:C62) -> 138 | H10: =SUM('KM-Servicio'!D62:E62) -> 138 | K10: ='Oferta Diaria'!J40 -> 499350.51 | L10: Sábado
A11: 45697 | B11: ='KM-Servicio'!N69 -> 4530 | C11: =B11+C10 -> 68055 | D11: ='KM-Servicio'!W69 -> 4399.26 | E11: =D11+E10 -> 65599.19 | F11: ='KM-Servicio'!O69 -> 97.113907 | G11: =SUM('KM-Servicio'!B69:C69) -> 52 | H11: =SUM('KM-Servicio'!D69:E69) -> 52 | K11: ='Oferta Diaria'!K40 -> 348861.32 | L11: Dgo-Festivo
A12: 45698 | B12: ='KM-Servicio'!N76 -> 9244 | C12: =B12+C11 -> 77299 | D12: ='KM-Servicio'!W76 -> 8803.26 | E12: =D12+E11 -> 74402.45 | F12: ='KM-Servicio'!O76 -> 95.232151 | G12: =SUM('KM-Servicio'!B76:C76) -> 223 | H12: =SUM('KM-Servicio'!D76:E76) -> 222 | K12: ='Oferta Diaria'!L40 -> 698098.52 | L12: Laboral
A13: 45699 | B13: ='KM-Servicio'!N83 -> 9189 | C13: =B13+C12 -> 86488 | D13: ='KM-Servicio'!W83 -> 8818.35 | E13: =D13+E12 -> 83220.8 | F13: ='KM-Servicio'!O83 -> 95.966373 | G13: =SUM('KM-Servicio'!B83:C83) -> 223 | H13: =SUM('KM-Servicio'!D83:E83) -> 223 | K13: ='Oferta Diaria'!M40 -> 699295.16 | L13: Laboral
A14: 45700 | B14: ='KM-Servicio'!N90 -> 9226 | C14: =B14+C13 -> 95714 | D14: ='KM-Servicio'!W90 -> 8818.35 | E14: =D14+E13 -> 92039.15 | F14: ='KM-Servicio'!O90 -> 95.581509 | G14: =SUM('KM-Servicio'!B90:C90) -> 223 | H14: =SUM('KM-Servicio'!D90:E90) -> 223 | K14: ='Oferta Diaria'!N40 -> 699295.16 | L14: Laboral
A15: 45701 | B15: ='KM-Servicio'!N97 -> 9209 | C15: =B15+C14 -> 104923 | D15: ='KM-Servicio'!W97 -> 8818.35 | E15: =D15+E14 -> 100857.5 | F15: ='KM-Servicio'!O97 -> 95.757954 | G15: =SUM('KM-Servicio'!B97:C97) -> 223 | H15: =SUM('KM-Servicio'!D97:E97) -> 223 | K15: ='Oferta Diaria'!O40 -> 699295.16 | L15: Laboral
A16: 45702 | B16: ='KM-Servicio'!N104 -> 9180 | C16: =B16+C15 -> 114103 | D16: ='KM-Servicio'!W104 -> 8818.35 | E16: =D16+E15 -> 109675.85 | F16: ='KM-Servicio'!O104 -> 96.060458 | G16: =SUM('KM-Servicio'!B104:C104) -> 223 | H16: =SUM('KM-Servicio'!D104:E104) -> 223 | K16: ='Oferta Diaria'!P40 -> 699295.16 | L16: Laboral
A17: 45703 | B17: ='KM-Servicio'!N111 -> 6487 | C17: =B17+C16 -> 120590 | D17: ='KM-Servicio'!W111 -> 6469.5 | E17: =D17+E16 -> 116145.35 | F17: ='KM-Servicio'!O111 -> 99.73023 | G17: =SUM('KM-Servicio'!B111:C111) -> 147 | H17: =SUM('KM-Servicio'!D111:E111) -> 147 | K17: ='Oferta Diaria'!Q40 -> 513031.35 | L17: Sábado
A18: 45704 | B18: ='KM-Servicio'!$N$118 -> 5007 | C18: =B18+C17 -> 125597 | D18: ='KM-Servicio'!$W$118 -> 4916.82 | E18: =D18+E17 -> 121062.17 | F18: ='KM-Servicio'!O118 -> 98.198922 | G18: =SUM('KM-Servicio'!B118:C118) -> 111 | H18: =SUM('KM-Servicio'!D118:E118) -> 111 | K18: ='Oferta Diaria'!R40 -> 389903.83 | L18: Dgo-Festivo
A19: 45705 | B19: ='KM-Servicio'!$N$125 -> 9289 | C19: =B19+C18 -> 134886 | D19: ='KM-Servicio'!$W$125 -> 8818.35 | E19: =D19+E18 -> 129880.52 | F19: ='KM-Servicio'!O125 -> 94.933254 | G19: =SUM('KM-Servicio'!B125:C125) -> 223 | H19: =SUM('KM-Servicio'!D125:E125) -> 223 | K19: ='Oferta Diaria'!S40 -> 699295.16 | L19: Laboral
A20: 45706 | B20: ='KM-Servicio'!N132 -> 9240 | C20: =B20+C19 -> 144126 | D20: ='KM-Servicio'!$W$132 -> 8818.35 | E20: =D20+E19 -> 138698.87 | F20: ='KM-Servicio'!O132 -> 95.436688 | G20: =SUM('KM-Servicio'!B132:C132) -> 223 | H20: =SUM('KM-Servicio'!D132:E132) -> 223 | K20: ='Oferta Diaria'!T40 -> 699295.16 | L20: Laboral
A21: 45707 | B21: ='KM-Servicio'!N139 -> 9150 | C21: =B21+C20 -> 153276 | D21: ='KM-Servicio'!$W$139 -> 8818.35 | E21: =D21+E20 -> 147517.22 | F21: ='KM-Servicio'!O139 -> 96.37541 | G21: =SUM('KM-Servicio'!B139:C139) -> 223 | H21: =SUM('KM-Servicio'!D139:E139) -> 223 | K21: ='Oferta Diaria'!U40 -> 699295.16 | L21: Laboral
A22: 45708 | B22: ='KM-Servicio'!N146 -> 9264 | C22: =B22+C21 -> 162540 | D22: ='KM-Servicio'!$W$146 -> 8818.35 | E22: =D22+E21 -> 156335.57 | F22: ='KM-Servicio'!O146 -> 95.189443 | G22: =SUM('KM-Servicio'!B146:C146) -> 223 | H22: =SUM('KM-Servicio'!D146:E146) -> 223 | K22: ='Oferta Diaria'!V40 -> 699295.16 | L22: Laboral
A23: 45709 | B23: ='KM-Servicio'!N153 -> 9168 | C23: =B23+C22 -> 171708 | D23: ='KM-Servicio'!$W$153 -> 8818.35 | E23: =D23+E22 -> 165153.92 | F23: ='KM-Servicio'!O153 -> 96.186191 | G23: =SUM('KM-Servicio'!B153:C153) -> 223 | H23: =SUM('KM-Servicio'!D153:E153) -> 223 | K23: ='Oferta Diaria'!W40 -> 699295.16 | L23: Laboral
A24: 45710 | B24: ='KM-Servicio'!N160 -> 6491 | C24: =B24+C23 -> 178199 | D24: ='KM-Servicio'!$W$160 -> 6469.5 | E24: =D24+E23 -> 171623.42 | F24: ='KM-Servicio'!O160 -> 99.668772 | G24: =SUM('KM-Servicio'!B160:C160) -> 147 | H24: =SUM('KM-Servicio'!D160:E160) -> 147 | K24: ='Oferta Diaria'!X40 -> 513031.35 | L24: Sábado
A25: 45711 | B25: ='KM-Servicio'!N167 -> 6366 | C25: =B25+C24 -> 184565 | D25: ='KM-Servicio'!$W$167 -> 6281.64 | E25: =D25+E24 -> 177905.06 | F25: ='KM-Servicio'!O167 -> 98.674835 | G25: =SUM('KM-Servicio'!B167:C167) -> 111 | H25: =SUM('KM-Servicio'!D167:E167) -> 111 | K25: ='Oferta Diaria'!Y40 -> 498134.05 | L25: Dgo-Festivo
A26: 45712 | B26: ='KM-Servicio'!N176 -> 11161 | C26: =B26+C25 -> 195726 | D26: ='KM-Servicio'!$W$176 -> 10440.69 | E26: =D26+E25 -> 188345.75 | F26: ='KM-Servicio'!O176 -> 93.546188 | G26: =SUM('KM-Servicio'!B176:C176) -> 229 | H26: =SUM('KM-Servicio'!D176:E176) -> 229 | K26: ='Oferta Diaria'!Z40 -> 827946.72 | L26: Laboral
A27: 45713 | B27: ='KM-Servicio'!N185 -> 5306 | C27: =B27+C26 -> 201032 | D27: ='KM-Servicio'!$W$185 -> 4704.26 | E27: =D27+E26 -> 193050.01 | F27: ='KM-Servicio'!O185 -> 88.659254 | G27: =SUM('KM-Servicio'!B185:C185) -> 229 | H27: =SUM('KM-Servicio'!D185:E185) -> 123 | K27: ='Oferta Diaria'!AA40 -> 373047.82 | L27: Laboral
A28: 45714 | B28: ='KM-Servicio'!N192 -> 10347 | C28: =B28+C27 -> 211379 | D28: ='KM-Servicio'!$W$192 -> 9802.67 | E28: =D28+E27 -> 202852.68 | F28: ='KM-Servicio'!O192 -> 94.739248 | G28: =SUM('KM-Servicio'!B192:C192) -> 223 | H28: =SUM('KM-Servicio'!D192:E192) -> 223 | K28: ='Oferta Diaria'!AB40 -> 777351.73 | L28: Laboral
A29: 45715 | B29: ='KM-Servicio'!N201 -> 11137 | C29: =B29+C28 -> 222516 | D29: ='KM-Servicio'!$W$201 -> 10235.1 | E29: =D29+E28 -> 213087.78 | F29: ='KM-Servicio'!O201 -> 91.901769 | G29: =SUM('KM-Servicio'!B201:C201) -> 229 | H29: =SUM('KM-Servicio'!D201:E201) -> 229 | K29: ='Oferta Diaria'!AC40 -> 811643.43 | L29: Laboral
A30: 45716 | B30: ='KM-Servicio'!N210 -> 11004 | C30: =B30+C29 -> 233520 | D30: ='KM-Servicio'!$W$210 -> 10260.5 | E30: =D30+E29 -> 223348.28 | F30: ='KM-Servicio'!O210 -> 93.243366 | G30: =SUM('KM-Servicio'!B210:C210) -> 229 | H30: =SUM('KM-Servicio'!D210:E210) -> 229 | K30: ='Oferta Diaria'!AD40 -> 813657.65 | L30: Laboral
A34: TOTAL | B34: =SUM(B3:B30) -> 233520 | C34: =SUM(C3:C30) -> 3261223 | D34: =SUM(D3:D30) -> 223348.28 | E34: =SUM(E3:E30) -> 3136102.3 | F34: =AVERAGE(F3:F30) -> 95.88377 | G34: =SUM(G3:G30) -> 5448 | H34: =SUM(H3:H30) -> 5328 | I34: =SUM(I3:I32) -> 0 | J34: =SUM(J3:J32) -> 0 | K34: =SUM(K3:K30) -> 17711519

Sheet RESUMEN
A3: VARIABLES OPERACIONALES
A4: VARIABLE | B4: Promedio diario | C4: Total | D4: Programado
A5: Nº trenes | B5: =C5/30 -> 187.43333 | C5: ='KM-Servicio'!J253 -> 5623 | D5: ='KM-Servicio'!C248 -> 5746
A6: Nº servicios | B6: =C6/30 -> 177.6 | C6: ='KM-Servicio'!K246 -> 5328 | D6: ='KM-Servicio'!D246 -> 5448
A7: Tren-km | B7: =C7/30 -> 7461.9557 | C7: ='KM-Servicio'!M246 -> 223858.67 | D7: ='KM-Servicio'!F246 -> 228832.94
A8: Km-serv | B8: =C8/30 -> 7037.844 | C8: ='KM-Servicio'!L246 -> 211135.32 | D8: ='KM-Servicio'!E246 -> 215980.2
A9: Asientos km | B9: =C9/30 -> 776043.39 | C9: ='KM-Servicio'!N246 -> 23281302 | D9: ='KM-Servicio'!G246 -> 23798626
A10: UMR %
A11: Energía kwh | B11: =C11/30 -> 40531.733 | C11: 1215952 | D11: -
A12: Pax
A13: TIEMPO DE VIAJE (PU-LI)
