Workbook

Sheet Odometro-Kilometraje
A1: Control Contador Kilometraje de Trenes
B2: 45717 | C2: 45718 | D2: 45719 | E2: 45720 | F2: 45721 | G2: 45722 | H2: 45723 | I2: 45724 | J2: 45725 | K2: 45726 | L2: 45727 | M2: 45728 | N2: 45729 | O2: 45730 | P2: 45731 | Q2: 45732 | R2: 45733 | S2: 45734 | T2: 45735 | U2: 45736 | V2: 45737 | W2: 45738 | X2: 45739 | Y2: 45740 | Z2: 45741 | AA2: 45742 | AB2: 45743 | AC2: 45744 | AD2: 45745 | AE2: 45746 | AF2: 45747
B3: Contador | C3: Contador | D3: Contador | E3: Contador | F3: Contador | G3: Contador | H3: Contador | I3: Contador | J3: Contador | K3: Contador | L3: Contador | M3: Contador | N3: Contador | O3: Contador | P3: Contador | Q3: Contador | R3: Contador | S3: Contador | T3: Contador | U3: Contador | V3: Contador | W3: Contador | X3: Contador | Y3: Contador | Z3: Contador | AA3: Contador | AB3: Contador | AC3: Contador | AD3: Contador | AE3: Contador | AF3: Contador
A4: Tren | B4: Odómetro | C4: Odómetro | D4: Odómetro | E4: Odómetro | F4: Odómetro | G4: Odómetro | H4: Odómetro | I4: Odómetro | J4: Odómetro | K4: Odómetro | L4: Odómetro | M4: Odómetro | N4: Odómetro | O4: Odómetro | P4: Odómetro | Q4: Odómetro | R4: Odómetro | S4: Odómetro | T4: Odómetro | U4: Odómetro | V4: Odómetro | W4: Odómetro | X4: Odómetro | Y4: Odómetro | Z4: Odómetro | AA4: Odómetro | AB4: Odómetro | AC4: Odómetro | AD4: Odómetro | AE4: Odómetro | AF4: Odómetro
A5: M01 | B5: 1987958 | C5: 1987958 | D5: 1988221 | E5: 1988747 | F5: 1989307 | G5: 1989823 | H5: 1990169 | I5: 1990729 | J5: 1990772 | K5: 1991044 | L5: 1991540 | M5: 1992058 | N5: 1992514 | O5: 1992763 | P5: 1992763 | Q5: 1992763 | R5: 1993013 | S5: 1993265 | T5: 1993851 | U5: 1994105 | V5: 1994356 | W5: 1994356 | X5: 1994356 | Y5: 1994550 | Z5: 1994718 | AA5: 1995008 | AB5: 1995430 | AC5: 1995714 | AD5: 1995714 | AE5: 1995714 | AF5: 1995898
A6: M02 | B6: 1973652 | C6: 1973652 | D6: 1974088 | E6: 1974394 | F6: 1974699 | G6: 1974962 | H6: 1975412 | I6: 1975412 | J6: 1975412 | K6: 1975616 | L6: 1975913 | M6: 1976430 | N6: 1976991 | O6: 1977551 | P6: 1977853 | Q6: 1977941 | R6: 1978144 | S6: 1978224 | T6: 1978485 | U6: 1978767 | V6: 1979019 | W6: 1979019 | X6: 1979019 | Y6: 1979275 | Z6: 1979790 | AA6: 1979993 | AB6: 1980244 | AC6: 1980435 | AD6: 1980435 | AE6: 1980435 | AF6: 1980980
A7: M03 | B7: 2042460 | C7: 2042979 | D7: 2043375 | E7: 2043849 | F7: 2044114 | G7: 2044719 | H7: 2044897 | I7: 2044897 | J7: 2044897 | K7: 2045416 | L7: 2045618 | M7: 2045809 | N7: 2046105 | O7: 2046580 | P7: 2046607 | Q7: 2047085 | R7: 2047391 | S7: 2047910 | T7: 2048471 | U7: 2048963 | V7: 2049158 | W7: 2049158 | X7: 2049158 | Y7: 2049410 | Z7: 2049666 | AA7: 2050097 | AB7: 2050384 | AC7: 2050971 | AD7: 2051492 | AE7: 2051924 | AF7: 2052441
A8: M04 | B8: 2044111 | C8: 2044111 | D8: 2044363 | E8: 2044615 | F8: 2045013 | G8: 2045271 | H8: 2045525 | I8: 2045784 | J8: 2045786 | K8: 2046091 | L8: 2046441 | M8: 2046935 | N8: 2047187 | O8: 2047390 | P8: 2047390 | Q8: 2047390 | R8: 2047642 | S8: 2047893 | T8: 2048145 | U8: 2048337 | V8: 2048838 | W8: 2049403 | X8: 2049446 | Y8: 2050007 | Z8: 2050525 | AA8: 2051010 | AB8: 2051178 | AC8: 2051568 | AD8: 2051612 | AE8: 2052132 | AF8: 2052736
A9: M05 | B9: 1952560 | C9: 1952561 | D9: 1953081 | E9: 1953531 | F9: 1953725 | G9: 1953977 | H9: 1954227 | I9: 1954227 | J9: 1954227 | K9: 1954479 | L9: 1954674 | M9: 1955186 | N9: 1955791 | O9: 1956310 | P9: 1956872 | Q9: 1957261 | R9: 1957498 | S9: 1957750 | T9: 1958063 | U9: 1958605 | V9: 1959230 | W9: 1959273 | X9: 1959792 | Y9: 1960114 | Z9: 1960562 | AA9: 1961020 | AB9: 1961264 | AC9: 1961516 | AD9: 1961516 | AE9: 1961516 | AF9: 1961768
A10: M06 | B10: 2063874 | C10: 2064377 | D10: 2064637 | E10: 2065155 | F10: 2065714 | G10: 2066274 | H10: 2066647 | I10: 2067207 | J10: 2067207 | K10: 2067728 | L10: 2068273 | M10: 2068765 | N10: 2068967 | O10: 2069486 | P10: 2070005 | Q10: 2070095 | R10: 2070612 | S10: 2070869 | T10: 2071055 | U10: 2071465 | V10: 2071939 | W10: 2072456 | X10: 2072499 | Y10: 2073015 | Z10: 2073460 | AA10: 2073651 | AB10: 2073902 | AC10: 2074153 | AD10: 2074153 | AE10: 2074153 | AF10: 2074404
A11: M07 | B11: 2089922 | C11: 2090400 | D11: 2091007 | E11: 2091571 | F11: 2092023 | G11: 2092193 | H11: 2092714 | I11: 2093235 | J11: 2093756 | K11: 2094018 | L11: 2094542 | M11: 2094798 | N11: 2095234 | O11: 2095758 | P11: 2096321 | Q11: 2096365 | R11: 2096649 | S11: 2096982 | T11: 2097176 | U11: 2097426 | V11: 2097678 | W11: 2097678 | X11: 2097678 | Y11: 2098209 | Z11: 2098558 | AA11: 2098870 | AB11: 2099393 | AC11: 2100003 | AD11: 2100570 | AE11: 2101004 | AF11: 2101568
A12: M08 | B12: 1994451 | C12: 1994453 | D12: 1994973 | E12: 1995356 | F12: 1995960 | G12: 1996565 | H12: 1997100 | I12: 1997100 | J12: 1997100 | K12: 1997500 | L12: 1997704 | M12: 1998188 | N12: 1998539 | O12: 1998992 | P12: 1998992 | Q12: 1998992 | R12: 1999194 | S12: 1999756 | T12: 2000235 | U12: 2000520 | V12: 2000772 | W12: 2000774 | X12: 2000774 | Y12: 2001294 | Z12: 2001849 | AA12: 2002126 | AB12: 2002424 | AC12: 2003028 | AD12: 2003073 | AE12: 2003549 | AF12: 2004153
A13: M09 | B13: 1978640 | C13: 1978683 | D13: 1978896 | E13: 1979165 | F13: 1979697 | G13: 1980224 | H13: 1980492 | I13: 1981060 | J13: 1981280 | K13: 1981483 | L13: 1981738 | M13: 1982248 | N13: 1982514 | O13: 1983128 | P13: 1983655 | Q13: 1984094 | R13: 1984446 | S13: 1985017 | T13: 1985414 | U13: 1985855 | V13: 1986423 | W13: 1986468 | X13: 1986950 | Y13: 1987451 | Z13: 1987707 | AA13: 1987901 | AB13: 1988157 | AC13: 1988351 | AD13: 1988351 | AE13: 1988351 | AF13: 1988548
A14: M10 | B14: 2055772 | C14: 2056248 | D14: 2056655 | E14: 2056867 | F14: 2057174 | G14: 2057693 | H14: 2057998 | I14: 2058516 | J14: 2058947 | K14: 2059426 | L14: 2059728 | M14: 2060160 | N14: 2060440 | O14: 2060634 | P14: 2060634 | Q14: 2060634 | R14: 2061202 | S14: 2061483 | T14: 2061677 | U14: 2062018 | V14: 2062581 | W14: 2063098 | X14: 2063573 | Y14: 2064177 | Z14: 2064378 | AA14: 2064770 | AB14: 2064850 | AC14: 2065193 | AD14: 2065713 | AE14: 2065801 | AF14: 2066252
A15: M11 | B15: 2071551 | C15: 2071551 | D15: 2071807 | E15: 2072415 | F15: 2072626 | G15: 2073192 | H15: 2073583 | I15: 2073847 | J15: 2074327 | K15: 2074738 | L15: 2074993 | M15: 2075235 | N15: 2075576 | O15: 2075826 | P15: 2075826 | Q15: 2075826 | R15: 2076158 | S15: 2076511 | T15: 2076993 | U15: 2077600 | V15: 2078163 | W15: 2078686 | X15: 2079164 | Y15: 2079411 | Z15: 2079894 | AA15: 2080300 | AB15: 2080608 | AC15: 2081172 | AD15: 2081260 | AE15: 2081261 | AF15: 2081458
A16: M12 | B16: 1911593 | C16: 1911637 | D16: 1912157 | E16: 1912503 | F16: 1912679 | G16: 1913241 | H16: 1913631 | I16: 1914151 | J16: 1914626 | K16: 1914817 | L16: 1915335 | M16: 1915854 | N16: 1916244 | O16: 1916805 | P16: 1917324 | Q16: 1917799 | R16: 1918403 | S16: 1918896 | T16: 1919160 | U16: 1919486 | V16: 1920090 | W16: 1920651 | X16: 1920875 | Y16: 1921307 | Z16: 1921509 | AA16: 1922043 | AB16: 1922495 | AC16: 1922661 | AD16: 1923184 | AE16: 1923662 | AF16: 1924155
... A39: XM35 | B39: 645879 | C39: 645879 | D39: 646049 | E39: 646396 | F39: 646761 | G39: 647012 | H39: 647213 | I39: 647213 | J39: 647213 | K39: 647456 | L39: 647858 | M39: 648111 | N39: 648383 | O39: 648634 | P39: 648634 | Q39: 648634 | R39: 648972 | S39: 649224 | T39: 649537 | U39: 649799 | V39: 650250 | W39: 650250 | X39: 650250 | Y39: 650502 | Z39: 650816 | AA39: 651023 | AB39: 651543 | AC39: 651805 | AD39: 651806 | AE39: 651809 | AF39: 652247
A41: Kilometraje Diario Recorrido
B42: 45717 | C42: 45718 | D42: 45719 | E42: 45720 | F42: 45721 | G42: 45722 | H42: 45723 | I42: 45724 | J42: 45725 | K42: 45726 | L42: 45727 | M42: 45728 | N42: 45729 | O42: 45730 | P42: 45731 | Q42: 45732 | R42: 45733 | S42: 45734 | T42: 45735 | U42: 45736 | V42: 45737 | W42: 45738 | X42: 45739 | Y42: 45740 | Z42: 45741 | AA42: 45742 | AB42: 45743 | AC42: 45744 | AD42: 45745 | AE42: 45746 | AF42: 45747
B43: Kilometraje | C43: Kilometraje | D43: Kilometraje | E43: Kilometraje | F43: Kilometraje | G43: Kilometraje | H43: Kilometraje | I43: Kilometraje | J43: Kilometraje | K43: Kilometraje | L43: Kilometraje | M43: Kilometraje | N43: Kilometraje | O43: Kilometraje | P43: Kilometraje | Q43: Kilometraje | R43: Kilometraje | S43: Kilometraje | T43: Kilometraje | U43: Kilometraje | V43: Kilometraje | W43: Kilometraje | X43: Kilometraje | Y43: Kilometraje | Z43: Kilometraje | AA43: Kilometraje | AB43: Kilometraje | AC43: Kilometraje | AD43: Kilometraje | AE43: Kilometraje | AF43: Kilometraje
A44: Tren | B44: Diario | C44: Diario | D44: Diario | E44: Diario | F44: Diario | G44: Diario | H44: Diario | I44: Diario | J44: Diario | K44: Diario | L44: Diario | M44: Diario | N44: Diario | O44: Diario | P44: Diario | Q44: Diario | R44: Diario | S44: Diario | T44: Diario | U44: Diario | V44: Diario | W44: Diario | X44: Diario | Y44: Diario | Z44: Diario | AA44: Diario | AB44: Diario | AC44: Diario | AD44: Diario | AE44: Diario | AF44: Diario
A45: M01 | B45: 449 | C45: =C5-B5 -> 0 | D45: =D5-C5 -> 263 | E45: =E5-D5 -> 526 | F45: =F5-E5 -> 560 | G45: =G5-F5 -> 516 | H45: =H5-G5 -> 346 | I45: =I5-H5 -> 560 | J45: =J5-I5 -> 43 | ... AF45: =AF5-AE5 -> 184
A46: M02 | B46: 0 | C46: =C6-B6 -> 0 | D46: =D6-C6 -> 436 | E46: =E6-D6 -> 306 | F46: =F6-E6 -> 305 | G46: =G6-F6 -> 263 | H46: =H6-G6 -> 450 | I46: =I6-H6 -> 0 | J46: =J6-I6 -> 0 | ... AF46: =AF6-AE6 -> 545
A47: M03 | B47: 573 | C47: =C7-B7 -> 519 | D47: =D7-C7 -> 396 | E47: =E7-D7 -> 474 | F47: =F7-E7 -> 265 | G47: =G7-F7 -> 605 | H47: =H7-G7 -> 178 | I47: =I7-H7 -> 0 | J47: =J7-I7 -> 0 | ... AF47: =AF7-AE7 -> 517
A48: M04 | B48: 174 | C48: =C8-B8 -> 0 | D48: =D8-C8 -> 252 | E48: =E8-D8 -> 252 | F48: =F8-E8 -> 398 | G48: =G8-F8 -> 258 | H48: =H8-G8 -> 254 | I48: =I8-H8 -> 259 | J48: =J8-I8 -> 2 | ... AF48: =AF8-AE8 -> 604
A49: M05 | B49: 279 | C49: =C9-B9 -> 1 | D49: =D9-C9 -> 520 | E49: =E9-D9 -> 450 | F49: =F9-E9 -> 194 | G49: =G9-F9 -> 252 | H49: =H9-G9 -> 250 | I49: =I9-H9 -> 0 | J49: =J9-I9 -> 0 | ... AF49: =AF9-AE9 -> 252
A50: M06 | B50: 259 | C50: =C10-B10 -> 503 | D50: =D10-C10 -> 260 | E50: =E10-D10 -> 518 | F50: =F10-E10 -> 559 | G50: =G10-F10 -> 560 | H50: =H10-G10 -> 373 | I50: =I10-H10 -> 560 | J50: =J10-I10 -> 0 | ... AF50: =AF10-AE10 -> 251
A51: M07 | B51: 282 | C51: =C11-B11 -> 478 | D51: =D11-C11 -> 607 | E51: =E11-D11 -> 564 | F51: =F11-E11 -> 452 | G51: =G11-F11 -> 170 | H51: =H11-G11 -> 521 | I51: =I11-H11 -> 521 | J51: =J11-I11 -> 521 | ... AF51: =AF11-AE11 -> 564
A52: M08 | B52: 0 | C52: =C12-B12 -> 2 | D52: =D12-C12 -> 520 | E52: =E12-D12 -> 383 | F52: =F12-E12 -> 604 | G52: =G12-F12 -> 605 | H52: =H12-G12 -> 535 | I52: =I12-H12 -> 0 | J52: =J12-I12 -> 0 | ... AF52: =AF12-AE12 -> 604
A53: M09 | B53: 220 | C53: =C13-B13 -> 43 | D53: =D13-C13 -> 213 | E53: =E13-D13 -> 269 | F53: =F13-E13 -> 532 | G53: =G13-F13 -> 527 | H53: =H13-G13 -> 268 | I53: =I13-H13 -> 568 | J53: =J13-I13 -> 220 | ... AF53: =AF13-AE13 -> 197
A54: M10 | B54: 158 | C54: =C14-B14 -> 476 | D54: =D14-C14 -> 407 | E54: =E14-D14 -> 212 | F54: =F14-E14 -> 307 | G54: =G14-F14 -> 519 | H54: =H14-G14 -> 305 | I54: =I14-H14 -> 518 | J54: =J14-I14 -> 431 | ... AF54: =AF14-AE14 -> 451
A55: M11 | B55: 0 | C55: =C15-B15 -> 0 | D55: =D15-C15 -> 256 | E55: =E15-D15 -> 608 | F55: =F15-E15 -> 211 | G55: =G15-F15 -> 566 | H55: =H15-G15 -> 391 | I55: =I15-H15 -> 264 | J55: =J15-I15 -> 480 | ... AF55: =AF15-AE15 -> 197
A56: M12 | B56: 621 | C56: =C16-B16 -> 44 | D56: =D16-C16 -> 520 | E56: =E16-D16 -> 346 | F56: =F16-E16 -> 176 | G56: =G16-F16 -> 562 | H56: =H16-G16 -> 390 | I56: =I16-H16 -> 520 | J56: =J16-I16 -> 475 | ... AF56: =AF16-AE16 -> 493
... A79: XM35 | B79: 0 | C79: =C39-B39 -> 0 | D79: =D39-C39 -> 170 | E79: =E39-D39 -> 347 | F79: =F39-E39 -> 365 | G79: =G39-F39 -> 251 | H79: =H39-G39 -> 201 | I79: =I39-H39 -> 0 | J79: =J39-I39 -> 0 | ... AF79: =AF39-AE39 -> 438
A81: Kilometraje Diario | B81: =SUM(B45:B79) -> 8422 | C81: =SUM(C45:C79) -> 5211 | D81: =SUM(D45:D79) -> 11744 | E81: =SUM(E45:E79) -> 11775 | F81: =SUM(F45:F79) -> 11732 | G81: =SUM(G45:G79) -> 11736 | H81: =SUM(H45:H79) -> 11720 | I81: =SUM(I45:I79) -> 6497 | ... AF81: =SUM(AF45:AF79) -> 12023

Sheet KM-Servicio
H1: SA-MI | I1: 21.7 | J1: EB-PU | K1: 25.4 | L1: PU-SA | M1: 29.11 | N1: QU-LI / LI-QU | O1: 21.7 | P1: VM-PU | Q1: 8.3 | R1: VM-LI | S1: 34.83 | T1: LI-PO | U1: 39.19 | W1: PU-ES/ES-PU | X1: 11.71
B2: CANTIDAD DE SERVICIOS | D2: CANTIDAD DE SERVICIOS | H2: PU-PE | I2: 30.4 | J2: PO-SA | K2: 25.4 | L2: PU-LI | M2: 43.13 | N2: MI-LI / LI-MI | O2: 35.73 | P2: HO-LI/LI-HO | Q2: 33.97 | R2: PU-MI | S2: 7.4 | T2: LI-PE | U2: 12.72 | W2: MI-SA | X2: 21.7
B3: PROGRAMADOS | D3: REALIZADOS | F3: Origen-Destino | G3: Total Trenes | H3: Total Trenes P | I3: Total Servicios | J3: Kms.xTrenes | K3: Kmsxservicios. | L3: Asientos x Kms. | M3: Disp x Km. | N3: Total Odómetro | O3: % Uso Trenes | Q3: Cortes | T3: Acoples | W3: KmTren R | X3: KmTren P
B4: Simples | C4: Dobles | D4: Simples | E4: Dobles | Q4: EB | R4: SA | S4: PE | T4: EB | U4: SA | V4: PE
A5: 45717 | B5: 53 | C5: 19 | D5: ='Data Ocupacion'!D42 -> 54 | E5: ='Data Ocupacion'!E42 -> 18 | F5: PU-LI | G5: =D5+E5*2 -> 90 | H5: =B5+C5*2 -> 91 | I5: =D5+E5 -> 72 | J5: =G5*M$2 -> 3881.7 | K5: =I5*M$2 -> 3105.36 | L5: =J5*104 -> 403696.8 | M5: =I5*104 -> 7488 | W5: =J5-(Q5*($M$2-$K$1)+(R5*($M$2-$M$1))+ (S5*($M$2-$I$2))) -> 3881.7 | X5: =H5*$M$2 -> 3924.83
A6: PLANILLA FESTIVAL VINA DEL MAR SABADO (SERVICIOS NOCTURNOS) | B6: 59 | C6: 16 | D6: ='Data Ocupacion'!D43 -> 58 | E6: ='Data Ocupacion'!E43 -> 17 | F6: LI-PU | G6: =D6+E6*2 -> 92 | H6: =B6+C6*2 -> 91 | I6: =D6+E6 -> 75 | J6: =G6*M$2 -> 3967.96 | K6: =I6*M$2 -> 3234.75 | L6: =J6*104 -> 412667.84 | M6: =I6*104 -> 7800 | T6: 4 | W6: =J6-(T6*($M$2-$K$1)+(U6*($M$2-$M$1))) -> 3897.04 | X6: =H6*$M$2 -> 3924.83
B7: 0 | C7: 0 | D7: ='Data Ocupacion'!D44 -> 0 | E7: ='Data Ocupacion'!E44 -> 0 | F7: PU-SA | G7: =D7+E7*2 -> 0 | H7: =B7+C7*2 -> 0 | I7: =D7+E7 -> 0 | J7: =G7*M$1 -> 0 | K7: =I7*M$1 -> 0 | L7: =J7*104 -> 0 | M7: =I7*104 -> 0 | W7: =J7-(Q7*($M$1-$K$1)) -> 0 | X7: =H7*$M$1 -> 0
B8: 0 | C8: 0 | D8: ='Data Ocupacion'!D45 -> 0 | E8: ='Data Ocupacion'!E45 -> 0 | F8: SA-PU | G8: =D8+E8*2 -> 0 | H8: =B8+C8*2 -> 0 | I8: =D8+E8 -> 0 | J8: =G8*M$1 -> 0 | K8: =I8*M$1 -> 0 | L8: =J8*104 -> 0 | M8: =I8*104 -> 0 | W8: =J8 -> 0 | X8: =H8*$M$1 -> 0
B9: 0 | C9: 0 | D9: ='Data Ocupacion'!D46 -> 0 | E9: ='Data Ocupacion'!E46 -> 0 | F9: PU-EB | G9: =D9+E9*2 -> 0 | H9: =B9+C9*2 -> 0 | I9: =D9+E9 -> 0 | J9: =G9*K$1 -> 0 | K9: =I9*K$1 -> 0 | L9: =J9*104 -> 0 | M9: =I9*104 -> 0 | W9: =J9 -> 0 | X9: =H9*$K$1 -> 0
B10: 0 | C10: 0 | D10: ='Data Ocupacion'!D47 -> 0 | E10: ='Data Ocupacion'!E47 -> 0 | F10: EB-PU | G10: =D10+E10*2 -> 0 | H10: =B10+C10*2 -> 0 | I10: =D10+E10 -> 0 | J10: =G10*K$1 -> 0 | K10: =I10*K$1 -> 0 | L10: =J10*104 -> 0 | M10: =I10*104 -> 0 | W10: =J10 -> 0 | X10: =H10*$K$1 -> 0
B11: 4 | C11: 0 | D11: ='Data Ocupacion'!D50 -> 3 | E11: ='Data Ocupacion'!E50 -> 1 | F11: VM-LI | G11: =D11+E11*2 -> 5 | H11: =B11+C11*2 -> 4 | I11: =D11+E11 -> 4 | J11: =G11*S$1 -> 174.15 | K11: =I11*S$1 -> 139.32 | L11: =J11*104 -> 18111.6 | M11: =I11*104 -> 416 | W11: =J11 -> 174.15 | X11: =H11*$S$1 -> 139.32
B12: 2 | C12: 0 | D12: ='Data Ocupacion'!D51 -> 2 | E12: ='Data Ocupacion'!E51 -> 0 | F12: VM-PU | G12: =D12+E12*2 -> 2 | H12: =B12+C12*2 -> 2 | I12: =D12+E12 -> 2 | J12: =G12*Q$1 -> 16.6 | K12: =I12*Q$1 -> 16.6 | L12: =J12*104 -> 1726.4 | M12: =I12*104 -> 208 | W12: =J12 -> 16.6 | X12: =H12*$Q$1 -> 16.6
B13: =SUM(B5:B12) -> 118 | C13: =SUM(C5:C12) -> 35 | D13: =SUM(D5:D12) -> 117 | E13: =SUM(E5:E12) -> 36 | G13: =SUM(G5:G12) -> 189 | H13: =SUM(H5:H12) -> 188 | I13: =SUM(I5:I12) -> 153 | J13: =SUM(J5:J12) -> 8040.41 | K13: =SUM(K5:K12) -> 6496.03 | L13: =SUM(L5:L12) -> 836202.64 | M13: =SUM(M5:M12) -> 15912 | N13: ='Odometro-Kilometraje'!B81 -> 8422 | O13: =(W13/N13)*100 -> 94.627048 | W13: =SUM(W5:W12) -> 7969.49 | X13: =SUM(X5:X12) -> 8005.58
A14: =A5+1 -> 45718 | B14: 51 | C14: 3 | D14: ='Data Ocupacion'!F42 -> 52 | E14: ='Data Ocupacion'!G42 -> 2 | F14: PU-LI | G14: =D14+E14*2 -> 56 | H14: =B14+C14*2 -> 57 | I14: =D14+E14 -> 54 | J14: =G14*M$2 -> 2415.28 | K14: =I14*M$2 -> 2329.02 | L14: =J14*104 -> 251189.12 | M14: =I14*104 -> 5616 | W14: =J14-(Q14*($M$2-$K$1)+(R14*($M$2-$M$1))+ (S14*($M$2-$I$2))+ (T14*($M$2-$K$1))) -> 2415.28 | X14: =H14*$M$2 -> 2458.41
A15: PLANILLA FESTIVAL VINA DEL MAR (SERVICIOS NOCTURNOS) | B15: 57 | C15: 0 | D15: ='Data Ocupacion'!F43 -> 57 | E15: ='Data Ocupacion'!G43 -> 0 | F15: LI-PU | G15: =D15+E15*2 -> 57 | H15: =B15+C15*2 -> 57 | I15: =D15+E15 -> 57 | J15: =G15*M$2 -> 2458.41 | K15: =I15*M$2 -> 2458.41 | L15: =J15*104 -> 255674.64 | M15: =I15*104 -> 5928 | W15: =J15-(T15*($M$2-$K$1)+(U15*($M$2-$M$1))) -> 2458.41 | X15: =H15*$M$2 -> 2458.41
B16: 0 | C16: 0 | D16: ='Data Ocupacion'!F44 -> 0 | E16: ='Data Ocupacion'!G44 -> 0 | F16: PU-SA | G16: =D16+E16*2 -> 0 | H16: =B16+C16*2 -> 0 | I16: =D16+E16 -> 0 | J16: =G16*M$1 -> 0 | K16: =I16*M$1 -> 0 | L16: =J16*104 -> 0 | M16: =I16*104 -> 0 | W16: =J16-(Q16*($M$1-$K$1)) -> 0 | X16: =H16*$M$1 -> 0
B17: 0 | C17: 0 | D17: ='Data Ocupacion'!F45 -> 0 | E17: ='Data Ocupacion'!G45 -> 0 | F17: SA-PU | G17: =D17+E17*2 -> 0 | H17: =B17+C17*2 -> 0 | I17: =D17+E17 -> 0 | J17: =G17*M$1 -> 0 | K17: =I17*M$1 -> 0 | L17: =J17*104 -> 0 | M17: =I17*104 -> 0 | W17: =J17 -> 0 | X17: =H17*$M$1 -> 0
B18: 0 | C18: 0 | D18: ='Data Ocupacion'!F46 -> 0 | E18: ='Data Ocupacion'!G46 -> 0 | F18: PU-EB | G18: =D18+E18*2 -> 0 | H18: =B18+C18*2 -> 0 | I18: =D18+E18 -> 0 | J18: =G18*K$1 -> 0 | K18: =I18*K$1 -> 0 | L18: =J18*104 -> 0 | M18: =I18*104 -> 0 | W18: =J18 -> 0 | X18: =H18*$K$1 -> 0
B19: 0 | C19: 0 | D19: ='Data Ocupacion'!F47 -> 0 | E19: ='Data Ocupacion'!G47 -> 0 | F19: EB-PU | G19: =D19+E19*2 -> 0 | H19: =B19+C19*2 -> 0 | I19: =D19+E19 -> 0 | J19: =G19*K$1 -> 0 | K19: =I19*K$1 -> 0 | L19: =J19*104 -> 0 | M19: =I19*104 -> 0 | W19: =J19 -> 0 | X19: =H19*$K$1 -> 0
B20: 4 | C20: 0 | D20: ='Data Ocupacion'!F50 -> 3 | E20: ='Data Ocupacion'!G50 -> 1 | F20: VM-LI | G20: =D20+E20*2 -> 5 | H20: =B20+C20*2 -> 4 | I20: =D20+E20 -> 4 | J20: =G20*S$1 -> 174.15 | K20: =I20*S$1 -> 139.32 | L20: =J20*104 -> 18111.6 | M20: =I20*104 -> 416 | W20: =J20 -> 174.15 | X20: =H20*$S$1 -> 139.32
B21: 2 | C21: 0 | D21: ='Data Ocupacion'!F51 -> 2 | E21: ='Data Ocupacion'!G51 -> 0 | F21: VM-PU | G21: =D21+E21*2 -> 2 | H21: =B21+C21*2 -> 2 | I21: =D21+E21 -> 2 | J21: =G21*Q$1 -> 16.6 | K21: =I21*Q$1 -> 16.6 | L21: =J21*104 -> 1726.4 | M21: =I21*104 -> 208 | W21: =J21 -> 16.6 | X21: =H21*$Q$1 -> 16.6
B22: =SUM(B14:B21) -> 114 | C22: =SUM(C14:C21) -> 3 | D22: =SUM(D14:D21) -> 114 | E22: =SUM(E14:E21) -> 3 | G22: =SUM(G14:G21) -> 120 | H22: =SUM(H14:H21) -> 120 | I22: =SUM(I14:I21) -> 117 | J22: =SUM(J14:J20) -> 5047.84 | K22: =SUM(K14:K21) -> 4943.35 | L22: =SUM(L14:L21) -> 526701.76 | M22: =SUM(M14:M21) -> 12168 | N22: ='Odometro-Kilometraje'!C81 -> 5211 | O22: =(W22/N22)*100 -> 97.187488 | W22: =SUM(W14:W21) -> 5064.44 | X22: =SUM(X14:X21) -> 5072.74
A23: =A14+1 -> 45719 | B23: 51 | C23: 28 | D23: ='Data Ocupacion'!H42 -> 51 | E23: ='Data Ocupacion'!I42 -> 28 | F23: PU-LI | G23: =D23+E23*2 -> 107 | H23: =B23+C23*2 -> 107 | I23: =D23+E23 -> 79 | J23: =G23*M$2 -> 4614.91 | K23: =I23*M$2 -> 3407.27 | L23: =J23*104 -> 479950.64 | M23: =I23*104 -> 8216 | Q23: 1 | W23: =J23-(Q23*($M$2-$K$1)+(R23*($M$2-$M$1))+ (S23*($M$2-$I$2))+(T23*$K$1)) -> 4597.18 | X23: =H23*$M$2 -> 4614.91
A24: Planila 025 Laboral Lun-Vie Ver 1 | B24: 49 | C24: 29 | D24: ='Data Ocupacion'!H43 -> 49 | E24: ='Data Ocupacion'!I43 -> 29 | F24: LI-PU | G24: =D24+E24*2 -> 107 | H24: =B24+C24*2 -> 107 | I24: =D24+E24 -> 78 | J24: =G24*M$2 -> 4614.91 | K24: =I24*M$2 -> 3364.14 | L24: =J24*104 -> 479950.64 | M24: =I24*104 -> 8112 | W24: =J24-(T24*($M$2-$K$1)+(U24*($M$2-$M$1))) -> 4614.91 | X24: =H24*$M$2 -> 4614.91
B25: 30 | C25: 3 | D25: ='Data Ocupacion'!H44 -> 30 | E25: ='Data Ocupacion'!I44 -> 3 | F25: PU-SA | G25: =D25+E25*2 -> 36 | H25: =B25+C25*2 -> 36 | I25: =D25+E25 -> 33 | J25: =G25*M$1 -> 1047.96 | K25: =I25*M$1 -> 960.63 | L25: =J25*104 -> 108987.84 | M25: =I25*104 -> 3432 | W25: =J25-(Q25*($M$1-$K$1)) -> 1047.96 | X25: =H25*$M$1 -> 1047.96
B26: 29 | C26: 3 | D26: ='Data Ocupacion'!H45 -> 29 | E26: ='Data Ocupacion'!I45 -> 3 | F26: SA-PU | G26: =D26+E26*2 -> 35 | H26: =B26+C26*2 -> 35 | I26: =D26+E26 -> 32 | J26: =G26*M$1 -> 1018.85 | K26: =I26*M$1 -> 931.52 | L26: =J26*104 -> 105960.4 | M26: =I26*104 -> 3328 | W26: =J26 -> 1018.85 | X26: =H26*$M$1 -> 1018.85
B27: 0 | C27: 0 | D27: ='Data Ocupacion'!H46 -> 0 | E27: ='Data Ocupacion'!I46 -> 0 | F27: PU-EB | G27: =D27+E27*2 -> 0 | H27: =B27+C27*2 -> 0 | I27: =D27+E27 -> 0 | J27: =G27*K$1 -> 0 | K27: =I27*K$1 -> 0 | L27: =J27*104 -> 0 | M27: =I27*104 -> 0 | W27: =J27 -> 0 | X27: =H27*$K$1 -> 0
B28: 1 | C28: 0 | D28: ='Data Ocupacion'!H47 -> 1 | E28: ='Data Ocupacion'!I47 -> 0 | F28: EB-PU | G28: =D28+E28*2 -> 1 | H28: =B28+C28*2 -> 1 | I28: =D28+E28 -> 1 | J28: =G28*K$1 -> 25.4 | K28: =I28*K$1 -> 25.4 | L28: =J28*104 -> 2641.6 | M28: =I28*104 -> 104 | W28: =J28 -> 25.4 | X28: =H28*$K$1 -> 25.4
B29: =SUM(B23:B28) -> 160 | C29: =SUM(C23:C28) -> 63 | D29: =SUM(D23:D28) -> 160 | E29: =SUM(E23:E28) -> 63 | G29: =SUM(G23:G28) -> 286 | H29: =SUM(H23:H28) -> 286 | I29: =SUM(I23:I28) -> 223 | J29: =SUM(J23:J28) -> 11322.03 | K29: =SUM(K23:K28) -> 8688.96 | L29: =SUM(L23:L28) -> 1177491.1 | M29: =SUM(M23:M28) -> 23192 | N29: ='Odometro-Kilometraje'!D81 -> 11744 | O29: =(W29/N29)*100 -> 96.25596 | W29: =SUM(W23:W28) -> 11304.3 | X29: =SUM(X23:X28) -> 11322.03
A30: =A23+1 -> 45720 | B30: 51 | C30: 28 | D30: ='Data Ocupacion'!J42 -> 51 | E30: ='Data Ocupacion'!K42 -> 28 | F30: PU-LI | G30: =D30+E30*2 -> 107 | H30: =B30+C30*2 -> 107 | I30: =D30+E30 -> 79 | J30: =G30*M$2 -> 4614.91 | K30: =I30*M$2 -> 3407.27 | L30: =J30*104 -> 479950.64 | M30: =I30*104 -> 8216 | Q30: 2 | W30: =J30-(Q30*($M$2-$K$1)+(R30*($M$2-$M$1))+ (S30*($M$2-$I$2))) -> 4579.45 | X30: =H30*$M$2 -> 4614.91
B31: 49 | C31: 29 | D31: ='Data Ocupacion'!J43 -> 49 | E31: ='Data Ocupacion'!K43 -> 29 | F31: LI-PU | G31: =D31+E31*2 -> 107 | H31: =B31+C31*2 -> 107 | I31: =D31+E31 -> 78 | J31: =G31*M$2 -> 4614.91 | K31: =I31*M$2 -> 3364.14 | L31: =J31*104 -> 479950.64 | M31: =I31*104 -> 8112 | W31: =J31-(T31*($M$2-$K$1)+(U31*($M$2-$M$1))+(V31*($M$2-$I$2))) -> 4614.91 | X31: =H31*$M$2 -> 4614.91
B32: 30 | C32: 3 | D32: ='Data Ocupacion'!J44 -> 30 | E32: ='Data Ocupacion'!K44 -> 3 | F32: PU-SA | G32: =D32+E32*2 -> 36 | H32: =B32+C32*2 -> 36 | I32: =D32+E32 -> 33 | J32: =G32*M$1 -> 1047.96 | K32: =I32*M$1 -> 960.63 | L32: =J32*104 -> 108987.84 | M32: =I32*104 -> 3432 | W32: =J32-(Q32*($M$1-$K$1)) -> 1047.96 | X32: =H32*$M$1 -> 1047.96
B33: 29 | C33: 3 | D33: ='Data Ocupacion'!J45 -> 29 | E33: ='Data Ocupacion'!K45 -> 3 | F33: SA-PU | G33: =D33+E33*2 -> 35 | H33: =B33+C33*2 -> 35 | I33: =D33+E33 -> 32 | J33: =G33*M$1 -> 1018.85 | K33: =I33*M$1 -> 931.52 | L33: =J33*104 -> 105960.4 | M33: =I33*104 -> 3328 | W33: =J33 -> 1018.85 | X33: =H33*$M$1 -> 1018.85
B34: 0 | C34: 0 | D34: ='Data Ocupacion'!J46 -> 0 | E34: ='Data Ocupacion'!K46 -> 0 | F34: PU-EB | G34: =D34+E34*2 -> 0 | H34: =B34+C34*2 -> 0 | I34: =D34+E34 -> 0 | J34: =G34*K$1 -> 0 | K34: =I34*K$1 -> 0 | L34: =J34*104 -> 0 | M34: =I34*104 -> 0 | W34: =J34 -> 0 | X34: =H34*$K$1 -> 0
B35: 1 | C35: 0 | D35: ='Data Ocupacion'!J47 -> 1 | E35: ='Data Ocupacion'!K47 -> 0 | F35: EB-PU | G35: =D35+E35*2 -> 1 | H35: =B35+C35*2 -> 1 | I35: =D35+E35 -> 1 | J35: =G35*K$1 -> 25.4 | K35: =I35*K$1 -> 25.4 | L35: =J35*104 -> 2641.6 | M35: =I35*104 -> 104 | W35: =J35 -> 25.4 | X35: =H35*$K$1 -> 25.4
B36: =SUM(B30:B35) -> 160 | C36: =SUM(C30:C35) -> 63 | D36: =SUM(D30:D35) -> 160 | E36: =SUM(E30:E35) -> 63 | G36: =SUM(G30:G35) -> 286 | H36: =SUM(H30:H35) -> 286 | I36: =SUM(I30:I35) -> 223 | J36: =SUM(J30:J35) -> 11322.03 | K36: =SUM(K30:K35) -> 8688.96 | L36: =SUM(L30:L35) -> 1177491.1 | M36: =SUM(M30:M35) -> 23192 | N36: ='Odometro-Kilometraje'!E81 -> 11775 | O36: =(W36/N36)*100 -> 95.851975 | W36: =SUM(W30:W35) -> 11286.57 | X36: =SUM(X30:X35) -> 11322.03
A37: =A30+1 -> 45721 | B37: 51 | C37: 28 | D37: ='Data Ocupacion'!L42 -> 51 | E37: ='Data Ocupacion'!M42 -> 28 | F37: PU-LI | G37: =D37+E37*2 -> 107 | H37: =B37+C37*2 -> 107 | I37: =D37+E37 -> 79 | J37: =G37*M$2 -> 4614.91 | K37: =I37*M$2 -> 3407.27 | L37: =J37*104 -> 479950.64 | M37: =I37*104 -> 8216 | Q37: 2 | T37: 1 | W37: =J37-(Q37*($M$2-$K$1)+(R37*($M$2-$M$1))+ (S37*($M$2-$I$2))+(T37*$K$1)) -> 4554.05 | X37: =H37*$M$2 -> 4614.91
B38: 49 | C38: 29 | D38: ='Data Ocupacion'!L43 -> 49 | E38: ='Data Ocupacion'!M43 -> 29 | F38: LI-PU | G38: =D38+E38*2 -> 107 | H38: =B38+C38*2 -> 107 | I38: =D38+E38 -> 78 | J38: =G38*M$2 -> 4614.91 | K38: =I38*M$2 -> 3364.14 | L38: =J38*104 -> 479950.64 | M38: =I38*104 -> 8112 | W38: =J38-(T38*($M$2-$K$1)+(U38*($M$2-$M$1))) -> 4614.91 | X38: =H38*$M$2 -> 4614.91
B39: 30 | C39: 3 | D39: ='Data Ocupacion'!L44 -> 30 | E39: ='Data Ocupacion'!M44 -> 3 | F39: PU-SA | G39: =D39+E39*2 -> 36 | H39: =B39+C39*2 -> 36 | I39: =D39+E39 -> 33 | J39: =G39*M$1 -> 1047.96 | K39: =I39*M$1 -> 960.63 | L39: =J39*104 -> 108987.84 | M39: =I39*104 -> 3432 | W39: =J39-(Q39*($M$1-$K$1)) -> 1047.96 | X39: =H39*$M$1 -> 1047.96
B40: 29 | C40: 3 | D40: ='Data Ocupacion'!L45 -> 29 | E40: ='Data Ocupacion'!M45 -> 3 | F40: SA-PU | G40: =D40+E40*2 -> 35 | H40: =B40+C40*2 -> 35 | I40: =D40+E40 -> 32 | J40: =G40*M$1 -> 1018.85 | K40: =I40*M$1 -> 931.52 | L40: =J40*104 -> 105960.4 | M40: =I40*104 -> 3328 | W40: =J40 -> 1018.85 | X40: =H40*$M$1 -> 1018.85
B41: 0 | C41: 0 | D41: ='Data Ocupacion'!L46 -> 0 | E41: ='Data Ocupacion'!M46 -> 0 | F41: PU-EB | G41: =D41+E41*2 -> 0 | H41: =B41+C41*2 -> 0 | I41: =D41+E41 -> 0 | J41: =G41*K$1 -> 0 | K41: =I41*K$1 -> 0 | L41: =J41*104 -> 0 | M41: =I41*104 -> 0 | W41: =J41 -> 0 | X41: =H41*$K$1 -> 0
B42: 1 | C42: 0 | D42: ='Data Ocupacion'!L47 -> 1 | E42: ='Data Ocupacion'!M47 -> 0 | F42: EB-PU | G42: =D42+E42*2 -> 1 | H42: =B42+C42*2 -> 1 | I42: =D42+E42 -> 1 | J42: =G42*K$1 -> 25.4 | K42: =I42*K$1 -> 25.4 | L42: =J42*104 -> 2641.6 | M42: =I42*104 -> 104 | W42: =J42 -> 25.4 | X42: =H42*$K$1 -> 25.4
B43: =SUM(B37:B42) -> 160 | C43: =SUM(C37:C42) -> 63 | D43: =SUM(D37:D42) -> 160 | E43: =SUM(E37:E42) -> 63 | G43: =SUM(G37:G42) -> 286 | H43: =SUM(H37:H42) -> 286 | I43: =SUM(I37:I42) -> 223 | J43: =SUM(J37:J42) -> 11322.03 | K43: =SUM(K37:K42) -> 8688.96 | L43: =SUM(L37:L42) -> 1177491.1 | M43: =SUM(M37:M42) -> 23192 | N43: ='Odometro-Kilometraje'!F81 -> 11732 | O43: =(W43/N43)*100 -> 95.986788 | W43: =SUM(W37:W42) -> 11261.17 | X43: =SUM(X37:X42) -> 11322.03
A44: =A37+1 -> 45722 | B44: 51 | C44: 28 | D44: ='Data Ocupacion'!N42 -> 48 | E44: ='Data Ocupacion'!O42 -> 31 | F44: PU-LI | G44: =D44+E44*2 -> 110 | H44: =B44+C44*2 -> 107 | I44: =D44+E44 -> 79 | J44: =G44*M$2 -> 4744.3 | K44: =I44*M$2 -> 3407.27 | L44: =J44*104 -> 493407.2 | M44: =I44*104 -> 8216 | Q44: 1 | T44: 3 | W44: =J44-(Q44*($M$2-$K$1)+(R44*($M$2-$M$1))+ (S44*($M$2-$I$2))+(T44*$K$1)) -> 4650.37 | X44: =H44*$M$2 -> 4614.91
B45: 49 | C45: 29 | D45: ='Data Ocupacion'!N43 -> 49 | E45: ='Data Ocupacion'!O43 -> 29 | F45: LI-PU | G45: =D45+E45*2 -> 107 | H45: =B45+C45*2 -> 107 | I45: =D45+E45 -> 78 | J45: =G45*M$2 -> 4614.91 | K45: =I45*M$2 -> 3364.14 | L45: =J45*104 -> 479950.64 | M45: =I45*104 -> 8112 | T45: 1 | W45: =J45-(T45*($M$2-$K$1)+(U45*($M$2-$M$1))) -> 4597.18 | X45: =H45*$M$2 -> 4614.91
B46: 30 | C46: 3 | D46: ='Data Ocupacion'!N44 -> 30 | E46: ='Data Ocupacion'!O44 -> 3 | F46: PU-SA | G46: =D46+E46*2 -> 36 | H46: =B46+C46*2 -> 36 | I46: =D46+E46 -> 33 | J46: =G46*M$1 -> 1047.96 | K46: =I46*M$1 -> 960.63 | L46: =J46*104 -> 108987.84 | M46: =I46*104 -> 3432 | W46: =J46-(Q46*($M$1-$K$1)) -> 1047.96 | X46: =H46*$M$1 -> 1047.96
B47: 29 | C47: 3 | D47: ='Data Ocupacion'!N45 -> 29 | E47: ='Data Ocupacion'!O45 -> 3 | F47: SA-PU | G47: =D47+E47*2 -> 35 | H47: =B47+C47*2 -> 35 | I47: =D47+E47 -> 32 | J47: =G47*M$1 -> 1018.85 | K47: =I47*M$1 -> 931.52 | L47: =J47*104 -> 105960.4 | M47: =I47*104 -> 3328 | W47: =J47 -> 1018.85 | X47: =H47*$M$1 -> 1018.85
B48: 0 | C48: 0 | D48: ='Data Ocupacion'!N46 -> 0 | E48: ='Data Ocupacion'!O46 -> 0 | F48: PU-EB | G48: =D48+E48*2 -> 0 | H48: =B48+C48*2 -> 0 | I48: =D48+E48 -> 0 | J48: =G48*K$1 -> 0 | K48: =I48*K$1 -> 0 | L48: =J48*104 -> 0 | M48: =I48*104 -> 0 | W48: =J48 -> 0 | X48: =H48*$K$1 -> 0
B49: 1 | C49: 0 | D49: ='Data Ocupacion'!N47 -> 1 | E49: ='Data Ocupacion'!O47 -> 0 | F49: EB-PU | G49: =D49+E49*2 -> 1 | H49: =B49+C49*2 -> 1 | I49: =D49+E49 -> 1 | J49: =G49*K$1 -> 25.4 | K49: =I49*K$1 -> 25.4 | L49: =J49*104 -> 2641.6 | M49: =I49*104 -> 104 | W49: =J49 -> 25.4 | X49: =H49*$K$1 -> 25.4
B50: =SUM(B44:B49) -> 160 | C50: =SUM(C44:C49) -> 63 | D50: =SUM(D44:D49) -> 157 | E50: =SUM(E44:E49) -> 66 | G50: =SUM(G44:G49) -> 289 | H50: =SUM(H44:H49) -> 286 | I50: =SUM(I44:I49) -> 223 | J50: =SUM(J44:J49) -> 11451.42 | K50: =SUM(K44:K49) -> 8688.96 | L50: =SUM(L44:L49) -> 1190947.7 | M50: =SUM(M44:M49) -> 23192 | N50: ='Odometro-Kilometraje'!G81 -> 11736 | O50: =(W50/N50)*100 -> 96.623722 | W50: =SUM(W44:W49) -> 11339.76 | X50: =SUM(X44:X49) -> 11322.03
A51: =A44+1 -> 45723 | B51: 51 | C51: 28 | D51: ='Data Ocupacion'!P42 -> 50 | E51: ='Data Ocupacion'!Q42 -> 29 | F51: PU-LI | G51: =D51+E51*2 -> 108 | H51: =B51+C51*2 -> 107 | I51: =D51+E51 -> 79 | J51: =G51*M$2 -> 4658.04 | K51: =I51*M$2 -> 3407.27 | L51: =J51*104 -> 484436.16 | M51: =I51*104 -> 8216 | Q51: 1 | W51: =J51-(Q51*($M$2-$K$1)+(R51*($M$2-$M$1))+ (S51*($M$2-$I$2))) -> 4640.31 | X51: =H51*$M$2 -> 4614.91
B52: 49 | C52: 29 | D52: ='Data Ocupacion'!P43 -> 49 | E52: ='Data Ocupacion'!Q43 -> 29 | F52: LI-PU | G52: =D52+E52*2 -> 107 | H52: =B52+C52*2 -> 107 | I52: =D52+E52 -> 78 | J52: =G52*M$2 -> 4614.91 | K52: =I52*M$2 -> 3364.14 | L52: =J52*104 -> 479950.64 | M52: =I52*104 -> 8112 | W52: =J52-(T52*($M$2-$K$1)+(U52*($M$2-$M$1))) -> 4614.91 | X52: =H52*$M$2 -> 4614.91
B53: 30 | C53: 3 | D53: ='Data Ocupacion'!P44 -> 30 | E53: ='Data Ocupacion'!Q44 -> 3 | F53: PU-SA | G53: =D53+E53*2 -> 36 | H53: =B53+C53*2 -> 36 | I53: =D53+E53 -> 33 | J53: =G53*M$1 -> 1047.96 | K53: =I53*M$1 -> 960.63 | L53: =J53*104 -> 108987.84 | M53: =I53*104 -> 3432 | W53: =J53-(Q53*($M$1-$K$1)) -> 1047.96 | X53: =H53*$M$1 -> 1047.96
B54: 29 | C54: 3 | D54: ='Data Ocupacion'!P45 -> 29 | E54: ='Data Ocupacion'!Q45 -> 3 | F54: SA-PU | G54: =D54+E54*2 -> 35 | H54: =B54+C54*2 -> 35 | I54: =D54+E54 -> 32 | J54: =G54*M$1 -> 1018.85 | K54: =I54*M$1 -> 931.52 | L54: =J54*104 -> 105960.4 | M54: =I54*104 -> 3328 | W54: =J54 -> 1018.85 | X54: =H54*$M$1 -> 1018.85
B55: 0 | C55: 0 | D55: ='Data Ocupacion'!P46 -> 0 | E55: ='Data Ocupacion'!Q46 -> 0 | F55: PU-EB | G55: =D55+E55*2 -> 0 | H55: =B55+C55*2 -> 0 | I55: =D55+E55 -> 0 | J55: =G55*K$1 -> 0 | K55: =I55*K$1 -> 0 | L55: =J55*104 -> 0 | M55: =I55*104 -> 0 | W55: =J55 -> 0 | X55: =H55*$K$1 -> 0
B56: 1 | C56: 0 | D56: ='Data Ocupacion'!P47 -> 1 | E56: ='Data Ocupacion'!Q47 -> 0 | F56: EB-PU | G56: =D56+E56*2 -> 1 | H56: =B56+C56*2 -> 1 | I56: =D56+E56 -> 1 | J56: =G56*K$1 -> 25.4 | K56: =I56*K$1 -> 25.4 | L56: =J56*104 -> 2641.6 | M56: =I56*104 -> 104 | W56: =J56 -> 25.4 | X56: =H56*$K$1 -> 25.4
B57: =SUM(B51:B56) -> 160 | C57: =SUM(C51:C56) -> 63 | D57: =SUM(D51:D56) -> 159 | E57: =SUM(E51:E56) -> 64 | G57: =SUM(G51:G56) -> 287 | H57: =SUM(H51:H56) -> 286 | I57: =SUM(I51:I56) -> 223 | J57: =SUM(J51:J56) -> 11365.16 | K57: =SUM(K51:K56) -> 8688.96 | L57: =SUM(L51:L56) -> 1181976.6 | M57: =SUM(M51:M56) -> 23192 | N57: ='Odometro-Kilometraje'!H81 -> 11720 | O57: =(W57/N57)*100 -> 96.821075 | W57: =SUM(W51:W56) -> 11347.43 | X57: =SUM(X51:X56) -> 11322.03
A58: =A51+1 -> 45724 | B58: 69 | C58: 3 | D58: ='Data Ocupacion'!R42 -> 69 | E58: ='Data Ocupacion'!S42 -> 3 | F58: PU-LI | G58: =D58+E58*2 -> 75 | H58: =B58+C58*2 -> 75 | I58: =D58+E58 -> 72 | J58: =G58*M$2 -> 3234.75 | K58: =I58*M$2 -> 3105.36 | L58: =J58*104 -> 336414 | M58: =I58*104 -> 7488 | W58: =J58-(Q58*($M$2-$K$1)+(R58*($M$2-$M$1))+ (S58*($M$2-$I$2))+(T58*$K$1)) -> 3234.75 | X58: =H58*$M$2 -> 3234.75
B59: 75 | C59: 0 | D59: ='Data Ocupacion'!R43 -> 75 | E59: ='Data Ocupacion'!S43 -> 0 | F59: LI-PU | G59: =D59+E59*2 -> 75 | H59: =B59+C59*2 -> 75 | I59: =D59+E59 -> 75 | J59: =G59*M$2 -> 3234.75 | K59: =I59*M$2 -> 3234.75 | L59: =J59*104 -> 336414 | M59: =I59*104 -> 7800 | W59: =J59-(T59*($M$2-$K$1)+(U59*($M$2-$M$1))) -> 3234.75 | X59: =H59*$M$2 -> 3234.75
B60: 0 | C60: 0 | D60: ='Data Ocupacion'!R44 -> 0 | E60: ='Data Ocupacion'!S44 -> 0 | F60: PU-SA | G60: =D60+E60*2 -> 0 | H60: =B60+C60*2 -> 0 | I60: =D60+E60 -> 0 | J60: =G60*M$1 -> 0 | K60: =I60*M$1 -> 0 | L60: =J60*104 -> 0 | M60: =I60*104 -> 0 | W60: =J60-(Q60*($M$1-$K$1)) -> 0 | X60: =H60*$M$1 -> 0
B61: 0 | C61: 0 | D61: ='Data Ocupacion'!R45 -> 0 | E61: ='Data Ocupacion'!S45 -> 0 | F61: SA-PU | G61: =D61+E61*2 -> 0 | H61: =B61+C61*2 -> 0 | I61: =D61+E61 -> 0 | J61: =G61*M$1 -> 0 | K61: =I61*M$1 -> 0 | L61: =J61*104 -> 0 | M61: =I61*104 -> 0 | W61: =J61 -> 0 | X61: =H61*$M$1 -> 0 | BM61: v
B62: 0 | C62: 0 | D62: ='Data Ocupacion'!R46 -> 0 | E62: ='Data Ocupacion'!S46 -> 0 | F62: PU-EB | G62: =D62+E62*2 -> 0 | H62: =B62+C62*2 -> 0 | I62: =D62+E62 -> 0 | J62: =G62*K$1 -> 0 | K62: =I62*K$1 -> 0 | L62: =J62*104 -> 0 | M62: =I62*104 -> 0 | W62: =J62 -> 0 | X62: =H62*$K$1 -> 0
B63: 0 | C63: 0 | D63: ='Data Ocupacion'!R47 -> 0 | E63: ='Data Ocupacion'!S47 -> 0 | F63: EB-PU | G63: =D63+E63*2 -> 0 | H63: =B63+C63*2 -> 0 | I63: =D63+E63 -> 0 | J63: =G63*K$1 -> 0 | K63: =I63*K$1 -> 0 | L63: =J63*104 -> 0 | M63: =I63*104 -> 0 | W63: =J63 -> 0 | X63: =H63*$K$1 -> 0
B64: =SUM(B58:B63) -> 144 | C64: =SUM(C58:C63) -> 3 | D64: =SUM(D58:D63) -> 144 | E64: =SUM(E58:E63) -> 3 | G64: =SUM(G58:G63) -> 150 | H64: =SUM(H58:H63) -> 150 | I64: =SUM(I58:I63) -> 147 | J64: =SUM(J58:J63) -> 6469.5 | K64: =SUM(K58:K63) -> 6340.11 | L64: =SUM(L58:L63) -> 672828 | M64: =SUM(M58:M63) -> 15288 | N64: ='Odometro-Kilometraje'!I81 -> 6497 | O64: =(W64/N64)*100 -> 99.576728 | W64: =SUM(W58:W63) -> 6469.5 | X64: =SUM(X58:X63) -> 6469.5
A65: =A58+1 -> 45725 | B65: 51 | C65: 3 | D65: ='Data Ocupacion'!T42 -> 51 | E65: ='Data Ocupacion'!U42 -> 3 | F65: PU-LI | G65: =D65+E65*2 -> 57 | H65: =B65+C65*2 -> 57 | I65: =D65+E65 -> 54 | J65: =G65*M$2 -> 2458.41 | K65: =I65*M$2 -> 2329.02 | L65: =J65*104 -> 255674.64 | M65: =I65*104 -> 5616 | W65: =J65-(Q65*($M$2-$K$1)+(R65*($M$2-$M$1))+ (S65*($M$2-$I$2))+(T65*$K$1)) -> 2458.41 | X65: =H65*$M$2 -> 2458.41
B66: 57 | C66: 0 | D66: ='Data Ocupacion'!T43 -> 57 | E66: ='Data Ocupacion'!U43 -> 0 | F66: LI-PU | G66: =D66+E66*2 -> 57 | H66: =B66+C66*2 -> 57 | I66: =D66+E66 -> 57 | J66: =G66*M$2 -> 2458.41 | K66: =I66*M$2 -> 2458.41 | L66: =J66*104 -> 255674.64 | M66: =I66*104 -> 5928 | W66: =J66-(T66*($M$2-$K$1)+(U66*($M$2-$M$1))) -> 2458.41 | X66: =H66*$M$2 -> 2458.41
B67: 0 | C67: 0 | D67: ='Data Ocupacion'!T44 -> 0 | E67: ='Data Ocupacion'!U44 -> 0 | F67: PU-SA | G67: =D67+E67*2 -> 0 | H67: =B67+C67*2 -> 0 | I67: =D67+E67 -> 0 | J67: =G67*M$1 -> 0 | K67: =I67*M$1 -> 0 | L67: =J67*104 -> 0 | M67: =I67*104 -> 0 | W67: =J67-(Q67*($M$1-$K$1)) -> 0 | X67: =H67*$M$1 -> 0
B68: 0 | C68: 0 | D68: ='Data Ocupacion'!T45 -> 0 | E68: ='Data Ocupacion'!U45 -> 0 | F68: SA-PU | G68: =D68+E68*2 -> 0 | H68: =B68+C68*2 -> 0 | I68: =D68+E68 -> 0 | J68: =G68*M$1 -> 0 | K68: =I68*M$1 -> 0 | L68: =J68*104 -> 0 | M68: =I68*104 -> 0 | W68: =J68 -> 0 | X68: =H68*$M$1 -> 0
B69: 0 | C69: 0 | D69: ='Data Ocupacion'!T46 -> 0 | E69: ='Data Ocupacion'!U46 -> 0 | F69: PU-EB | G69: =D69+E69*2 -> 0 | H69: =B69+C69*2 -> 0 | I69: =D69+E69 -> 0 | J69: =G69*K$1 -> 0 | K69: =I69*K$1 -> 0 | L69: =J69*104 -> 0 | M69: =I69*104 -> 0 | W69: =J69 -> 0 | X69: =H69*$K$1 -> 0
B70: 0 | C70: 0 | D70: ='Data Ocupacion'!T47 -> 0 | E70: ='Data Ocupacion'!U47 -> 0 | F70: EB-PU | G70: =D70+E70*2 -> 0 | H70: =B70+C70*2 -> 0 | I70: =D70+E70 -> 0 | J70: =G70*K$1 -> 0 | K70: =I70*K$1 -> 0 | L70: =J70*104 -> 0 | M70: =I70*104 -> 0 | W70: =J70 -> 0 | X70: =H70*$K$1 -> 0
B71: =SUM(B65:B70) -> 108 | C71: =SUM(C65:C70) -> 3 | D71: =SUM(D65:D70) -> 108 | E71: =SUM(E65:E70) -> 3 | G71: =SUM(G65:G70) -> 114 | H71: =SUM(H65:H70) -> 114 | I71: =SUM(I65:I70) -> 111 | J71: =SUM(J65:J70) -> 4916.82 | K71: =SUM(K65:K70) -> 4787.43 | L71: =SUM(L65:L70) -> 511349.28 | M71: =SUM(M65:M70) -> 11544 | N71: ='Odometro-Kilometraje'!J81 -> 4974 | O71: =(W71/N71)*100 -> 98.850422 | W71: =SUM(W65:W70) -> 4916.82 | X71: =SUM(X65:X70) -> 4916.82
A72: =A65+1 -> 45726 | B72: 51 | C72: 28 | D72: ='Data Ocupacion'!V42 -> 51 | E72: ='Data Ocupacion'!W42 -> 28 | F72: PU-LI | G72: =D72+E72*2 -> 107 | H72: =B72+C72*2 -> 107 | I72: =D72+E72 -> 79 | J72: =G72*M$2 -> 4614.91 | K72: =I72*M$2 -> 3407.27 | L72: =J72*104 -> 479950.64 | M72: =I72*104 -> 8216 | Q72: 2 | W72: =J72-(Q72*($M$2-$K$1)+(R72*($M$2-$M$1))+ (S72*($M$2-$I$2))) -> 4579.45 | X72: =H72*$M$2 -> 4614.91
A73: XT-24 Indisponible en “Hora Punta Tarde” por Avería N°6389. XT-29 Indisponible en “Hora Punta Tarde” por Avería N°4235. XT-31 Indisponible en “Hora Punta Tarde” por Avería N°7052. | B73: 49 | C73: 29 | D73: ='Data Ocupacion'!V43 -> 49 | E73: ='Data Ocupacion'!W43 -> 29 | F73: LI-PU | G73: =D73+E73*2 -> 107 | H73: =B73+C73*2 -> 107 | I73: =D73+E73 -> 78 | J73: =G73*M$2 -> 4614.91 | K73: =I73*M$2 -> 3364.14 | L73: =J73*104 -> 479950.64 | M73: =I73*104 -> 8112 | V73: 1 | W73: =J73-(T73*($M$2-$K$1)+(U73*($M$2-$M$1))+(V73*($U$2))) -> 4602.19 | X73: =H73*$M$2 -> 4614.91
B74: 30 | C74: 3 | D74: ='Data Ocupacion'!V44 -> 30 | E74: ='Data Ocupacion'!W44 -> 3 | F74: PU-SA | G74: =D74+E74*2 -> 36 | H74: =B74+C74*2 -> 36 | I74: =D74+E74 -> 33 | J74: =G74*M$1 -> 1047.96 | K74: =I74*M$1 -> 960.63 | L74: =J74*104 -> 108987.84 | M74: =I74*104 -> 3432 | W74: =J74-(Q74*($M$1-$K$1)) -> 1047.96 | X74: =H74*$M$1 -> 1047.96
B75: 29 | C75: 3 | D75: ='Data Ocupacion'!V45 -> 29 | E75: ='Data Ocupacion'!W45 -> 3 | F75: SA-PU | G75: =D75+E75*2 -> 35 | H75: =B75+C75*2 -> 35 | I75: =D75+E75 -> 32 | J75: =G75*M$1 -> 1018.85 | K75: =I75*M$1 -> 931.52 | L75: =J75*104 -> 105960.4 | M75: =I75*104 -> 3328 | W75: =J75 -> 1018.85 | X75: =H75*$M$1 -> 1018.85
B76: 0 | C76: 0 | D76: ='Data Ocupacion'!V46 -> 0 | E76: ='Data Ocupacion'!W46 -> 0 | F76: PU-EB | G76: =D76+E76*2 -> 0 | H76: =B76+C76*2 -> 0 | I76: =D76+E76 -> 0 | J76: =G76*K$1 -> 0 | K76: =I76*K$1 -> 0 | L76: =J76*104 -> 0 | M76: =I76*104 -> 0 | W76: =J76 -> 0 | X76: =H76*$K$1 -> 0
B77: 1 | C77: 0 | D77: ='Data Ocupacion'!V47 -> 1 | E77: ='Data Ocupacion'!W47 -> 0 | F77: EB-PU | G77: =D77+E77*2 -> 1 | H77: =B77+C77*2 -> 1 | I77: =D77+E77 -> 1 | J77: =G77*K$1 -> 25.4 | K77: =I77*K$1 -> 25.4 | L77: =J77*104 -> 2641.6 | M77: =I77*104 -> 104 | W77: =J77 -> 25.4 | X77: =H77*$K$1 -> 25.4
B78: =SUM(B72:B77) -> 160 | C78: =SUM(C72:C77) -> 63 | D78: =SUM(D72:D77) -> 160 | E78: =SUM(E72:E77) -> 63 | G78: =SUM(G72:G77) -> 286 | H78: =SUM(H72:H77) -> 286 | I78: =SUM(I72:I77) -> 223 | J78: =SUM(J72:J77) -> 11322.03 | K78: =SUM(K72:K77) -> 8688.96 | L78: =SUM(L72:L77) -> 1177491.1 | M78: =SUM(M72:M77) -> 23192 | N78: ='Odometro-Kilometraje'!K81 -> 11698 | O78: =(W78/N78)*100 -> 96.374167 | W78: =SUM(W72:W77) -> 11273.85 | X78: =SUM(X72:X77) -> 11322.03
A79: =A72+1 -> 45727 | B79: 49 | C79: 30 | D79: ='Data Ocupacion'!X42 -> 41 | E79: ='Data Ocupacion'!Y42 -> 27 | F79: PU-LI | G79: =D79+E79*2 -> 95 | H79: =B79+C79*2 -> 109 | I79: =D79+E79 -> 68 | J79: =G79*M$2 -> 4097.35 | K79: =I79*M$2 -> 2932.84 | L79: =J79*104 -> 426124.4 | M79: =I79*104 -> 7072 | T79: 1 | W79: =J79-(Q79*($M$2-$K$1)+(R79*($M$2-$M$1))+ (S79*($M$2-$I$2))+(T79*$K$1)) -> 4071.95 | X79: =H79*$M$2 -> 4701.17 | Y79: 41 | Z79: 27
A80: EVENTO PROTESTAS PESCADORES PO, BUCLE MI-LI y LI-MI. Y PLANILLA VERSION 2 | B80: 47 | C80: 31 | D80: ='Data Ocupacion'!X43 -> 38 | E80: ='Data Ocupacion'!Y43 -> 28 | F80: LI-PU | G80: =D80+E80*2 -> 94 | H80: =B80+C80*2 -> 109 | I80: =D80+E80 -> 66 | J80: =G80*M$2 -> 4054.22 | K80: =I80*M$2 -> 2846.58 | L80: =J80*104 -> 421638.88 | M80: =I80*104 -> 6864 | W80: =J80-(T80*($M$2-$K$1)+(U80*($M$2-$M$1))) -> 4054.22 | X80: =H80*$M$2 -> 4701.17 | Y80: 38 | Z80: 28
B81: 30 | C81: 3 | D81: ='Data Ocupacion'!X44 -> 27 | E81: ='Data Ocupacion'!Y44 -> 3 | F81: PU-SA | G81: =D81+E81*2 -> 33 | H81: =B81+C81*2 -> 36 | I81: =D81+E81 -> 30 | J81: =G81*M$1 -> 960.63 | K81: =I81*M$1 -> 873.3 | L81: =J81*104 -> 99905.52 | M81: =I81*104 -> 3120 | W81: =J81-(Q81*($M$1-$K$1)) -> 960.63 | X81: =H81*$M$1 -> 1047.96 | Y81: 27 | Z81: 3
B82: 29 | C82: 3 | D82: ='Data Ocupacion'!X45 -> 25 | E82: ='Data Ocupacion'!Y45 -> 3 | F82: SA-PU | G82: =D82+E82*2 -> 31 | H82: =B82+C82*2 -> 35 | I82: =D82+E82 -> 28 | J82: =G82*M$1 -> 902.41 | K82: =I82*M$1 -> 815.08 | L82: =J82*104 -> 93850.64 | M82: =I82*104 -> 2912 | W82: =J82 -> 902.41 | X82: =H82*$M$1 -> 1018.85 | Y82: 25 | Z82: 3
B83: 0 | C83: 0 | D83: ='Data Ocupacion'!X46 -> 0 | E83: ='Data Ocupacion'!Y46 -> 0 | F83: PU-EB | G83: =D83+E83*2 -> 0 | H83: =B83+C83*2 -> 0 | I83: =D83+E83 -> 0 | J83: =G83*K$1 -> 0 | K83: =I83*K$1 -> 0 | L83: =J83*104 -> 0 | M83: =I83*104 -> 0 | W83: =J83 -> 0 | X83: =H83*$K$1 -> 0 | Y83: 0 | Z83: 0
B84: 1 | C84: 0 | D84: ='Data Ocupacion'!X47 -> 1 | E84: ='Data Ocupacion'!Y47 -> 0 | F84: EB-PU | G84: =D84+E84*2 -> 1 | H84: =B84+C84*2 -> 1 | I84: =D84+E84 -> 1 | J84: =G84*K$1 -> 25.4 | K84: =I84*K$1 -> 25.4 | L84: =J84*104 -> 2641.6 | M84: =I84*104 -> 104 | W84: =J84 -> 25.4 | X84: =H84*$K$1 -> 25.4 | Y84: 1 | Z84: 0
B85: 0 | C85: 0 | D85: ='Data Ocupacion'!X52 -> 1 | E85: ='Data Ocupacion'!Y52 -> 0 | F85: MI-SA | G85: =D85+E85*2 -> 1 | H85: =B85+C85*2 -> 0 | I85: =D85+E85 -> 1 | J85: =G85*I$1 -> 21.7 | K85: =I85*I$1 -> 21.7 | L85: =J85*104 -> 2256.8 | M85: =I85*104 -> 104 | W85: =J85 -> 21.7 | X85: =H85*$I$1 -> 0 | Y85: 1 | Z85: 0
B86: 0 | C86: 0 | D86: ='Data Ocupacion'!X53 -> 4 | E86: ='Data Ocupacion'!Y53 -> 0 | F86: SA-MI | G86: =D86+E86*2 -> 4 | H86: =B86+C86*2 -> 0 | I86: =D86+E86 -> 4 | J86: =G86*I$1 -> 86.8 | K86: =I86*I$1 -> 86.8 | L86: =J86*104 -> 9027.2 | M86: =I86*104 -> 416 | W86: =J86 -> 86.8 | X86: =H86*$I$1 -> 0 | Y86: 4 | Z86: 0
B87: 0 | C87: 0 | D87: ='Data Ocupacion'!X54 -> 2 | E87: ='Data Ocupacion'!Y54 -> 4 | F87: MI-LI | G87: =D87+E87*2 -> 10 | H87: =B87+C87*2 -> 0 | I87: =D87+E87 -> 6 | J87: =G87*O$2 -> 357.3 | K87: =I87*O$2 -> 214.38 | L87: =J87*104 -> 37159.2 | M87: =I87*104 -> 624 | W87: =J87 -> 357.3 | X87: =H87*$O$2 -> 0 | Y87: 2 | Z87: 4
B88: 0 | C88: 0 | D88: ='Data Ocupacion'!X55 -> 10 | E88: ='Data Ocupacion'!Y55 -> 2 | F88: LI-MI | G88: =D88+E88*2 -> 14 | H88: =B88+C88*2 -> 0 | I88: =D88+E88 -> 12 | J88: =G88*O$2 -> 500.22 | K88: =I88*O$2 -> 428.76 | L88: =J88*104 -> 52022.88 | M88: =I88*104 -> 1248 | W88: =J88 -> 500.22 | X88: =H88*$O$2 -> 0 | Y88: 10 | Z88: 2
B89: =SUM(B79:B88) -> 156 | C89: =SUM(C79:C88) -> 67 | D89: =SUM(D79:D88) -> 149 | E89: =SUM(E79:E88) -> 67 | G89: =SUM(G79:G88) -> 283 | H89: =SUM(H79:H88) -> 290 | I89: =SUM(I79:I88) -> 216 | J89: =SUM(J79:J88) -> 11006.03 | K89: =SUM(K79:K88) -> 8244.84 | L89: =SUM(L79:L88) -> 1144627.1 | M89: =SUM(M79:M88) -> 22464 | N89: ='Odometro-Kilometraje'!L81 -> 11605 | O89: =(W89/N89)*100 -> 94.619819 | W89: =SUM(W79:W88) -> 10980.63 | X89: =SUM(X79:X88) -> 11494.55
A90: =A79+1 -> 45728 | B90: 49 | C90: 30 | D90: ='Data Ocupacion'!Z42 -> 50 | E90: ='Data Ocupacion'!AA42 -> 29 | F90: PU-LI | G90: =D90+E90*2 -> 108 | H90: =B90+C90*2 -> 109 | I90: =D90+E90 -> 79 | J90: =G90*M$2 -> 4658.04 | K90: =I90*M$2 -> 3407.27 | L90: =J90*104 -> 484436.16 | M90: =I90*104 -> 8216 | Q90: 3 | T90: 3 | W90: =J90-(Q90*($M$2-$K$1)+(R90*($M$2-$M$1))+ (S90*($M$2-$I$2))+(T90*$K$1)) -> 4528.65 | X90: =H90*$M$2 -> 4701.17 | Y90: =SUM(Y79:Y88) -> 149 | Z90: =SUM(Z79:Z88) -> 67
A91: XT-24 Indisponible en “Hora Punta Tarde” por Avería N°6389. XT-29 Indisponible en “Hora Punta Tarde” por Avería N°4235. XT-17 Indisponible en “Hora Punta Mañana” por Avería, | B91: 47 | C91: 31 | D91: ='Data Ocupacion'!Z43 -> 48 | E91: ='Data Ocupacion'!AA43 -> 30 | F91: LI-PU | G91: =D91+E91*2 -> 108 | H91: =B91+C91*2 -> 109 | I91: =D91+E91 -> 78 | J91: =G91*M$2 -> 4658.04 | K91: =I91*M$2 -> 3364.14 | L91: =J91*104 -> 484436.16 | M91: =I91*104 -> 8112 | W91: =J91-(T91*($M$2-$K$1)+(U91*($M$2-$M$1))) -> 4658.04 | X91: =H91*$M$2 -> 4701.17
B92: 30 | C92: 3 | D92: ='Data Ocupacion'!Z44 -> 30 | E92: ='Data Ocupacion'!AA44 -> 3 | F92: PU-SA | G92: =D92+E92*2 -> 36 | H92: =B92+C92*2 -> 36 | I92: =D92+E92 -> 33 | J92: =G92*M$1 -> 1047.96 | K92: =I92*M$1 -> 960.63 | L92: =J92*104 -> 108987.84 | M92: =I92*104 -> 3432 | W92: =J92-(Q92*($M$1-$K$1)) -> 1047.96 | X92: =H92*$M$1 -> 1047.96 | Z92: =SUM(Y90:Z90) -> 216
B93: 29 | C93: 3 | D93: ='Data Ocupacion'!Z45 -> 29 | E93: ='Data Ocupacion'!AA45 -> 3 | F93: SA-PU | G93: =D93+E93*2 -> 35 | H93: =B93+C93*2 -> 35 | I93: =D93+E93 -> 32 | J93: =G93*M$1 -> 1018.85 | K93: =I93*M$1 -> 931.52 | L93: =J93*104 -> 105960.4 | M93: =I93*104 -> 3328 | W93: =J93 -> 1018.85 | X93: =H93*$M$1 -> 1018.85
B94: 0 | C94: 0 | D94: ='Data Ocupacion'!Z46 -> 0 | E94: ='Data Ocupacion'!AA46 -> 0 | F94: PU-EB | G94: =D94+E94*2 -> 0 | H94: =B94+C94*2 -> 0 | I94: =D94+E94 -> 0 | J94: =G94*K$1 -> 0 | K94: =I94*K$1 -> 0 | L94: =J94*104 -> 0 | M94: =I94*104 -> 0 | W94: =J94 -> 0 | X94: =H94*$K$1 -> 0
B95: 1 | C95: 0 | D95: ='Data Ocupacion'!Z47 -> 1 | E95: ='Data Ocupacion'!AA47 -> 0 | F95: EB-PU | G95: =D95+E95*2 -> 1 | H95: =B95+C95*2 -> 1 | I95: =D95+E95 -> 1 | J95: =G95*K$1 -> 25.4 | K95: =I95*K$1 -> 25.4 | L95: =J95*104 -> 2641.6 | M95: =I95*104 -> 104 | W95: =J95 -> 25.4 | X95: =H95*$K$1 -> 25.4
B96: =SUM(B90:B95) -> 156 | C96: =SUM(C90:C95) -> 67 | D96: =SUM(D90:D95) -> 158 | E96: =SUM(E90:E95) -> 65 | G96: =SUM(G90:G95) -> 288 | H96: =SUM(H90:H95) -> 290 | I96: =SUM(I90:I95) -> 223 | J96: =SUM(J90:J95) -> 11408.29 | K96: =SUM(K90:K95) -> 8688.96 | L96: =SUM(L90:L95) -> 1186462.2 | M96: =SUM(M90:M95) -> 23192 | N96: ='Odometro-Kilometraje'!M81 -> 11812 | O96: =(W96/N96)*100 -> 95.486793 | W96: =SUM(W90:W95) -> 11278.9 | X96: =SUM(X90:X95) -> 11494.55
A97: =A90+1 -> 45729 | B97: 49 | C97: 30 | D97: ='Data Ocupacion'!AB42 -> 47 | E97: ='Data Ocupacion'!AC42 -> 32 | F97: PU-LI | G97: =D97+E97*2 -> 111 | H97: =B97+C97*2 -> 109 | I97: =D97+E97 -> 79 | J97: =G97*M$2 -> 4787.43 | K97: =I97*M$2 -> 3407.27 | L97: =J97*104 -> 497892.72 | M97: =I97*104 -> 8216 | Q97: 3 | T97: 2 | W97: =J97-(Q97*($M$2-$K$1)+(R97*($M$2-$M$1))+ (S97*($M$2-$I$2))+(T97*$K$1)) -> 4683.44 | X97: =H97*$M$2 -> 4701.17
A98: PLANILLA VERSION 2 | B98: 47 | C98: 31 | D98: ='Data Ocupacion'!AB43 -> 45 | E98: ='Data Ocupacion'!AC43 -> 33 | F98: LI-PU | G98: =D98+E98*2 -> 111 | H98: =B98+C98*2 -> 109 | I98: =D98+E98 -> 78 | J98: =G98*M$2 -> 4787.43 | K98: =I98*M$2 -> 3364.14 | L98: =J98*104 -> 497892.72 | M98: =I98*104 -> 8112 | W98: =J98-(T98*($M$2-$K$1)+(U98*($M$2-$M$1))) -> 4787.43 | X98: =H98*$M$2 -> 4701.17
B99: 30 | C99: 3 | D99: ='Data Ocupacion'!AB44 -> 30 | E99: ='Data Ocupacion'!AC44 -> 3 | F99: PU-SA | G99: =D99+E99*2 -> 36 | H99: =B99+C99*2 -> 36 | I99: =D99+E99 -> 33 | J99: =G99*M$1 -> 1047.96 | K99: =I99*M$1 -> 960.63 | L99: =J99*104 -> 108987.84 | M99: =I99*104 -> 3432 | W99: =J99-(Q99*($M$1-$K$1)) -> 1047.96 | X99: =H99*$M$1 -> 1047.96
B100: 29 | C100: 3 | D100: ='Data Ocupacion'!AB45 -> 29 | E100: ='Data Ocupacion'!AC45 -> 3 | F100: SA-PU | G100: =D100+E100*2 -> 35 | H100: =B100+C100*2 -> 35 | I100: =D100+E100 -> 32 | J100: =G100*M$1 -> 1018.85 | K100: =I100*M$1 -> 931.52 | L100: =J100*104 -> 105960.4 | M100: =I100*104 -> 3328 | W100: =J100 -> 1018.85 | X100: =H100*$M$1 -> 1018.85
...

Sheet Data Ocupacion
D1: 45717 | F1: 45718 | H1: 45719 | J1: 45720 | L1: 45721 | N1: 45722 | P1: 45723 | R1: 45724 | T1: 45725 | V1: 45726 | X1: 45727 | Z1: 45728 | AB1: 45729 | AD1: 45730 | AF1: 45731 | AH1: 45732 | AJ1: 45733 | AL1: 45734 | AN1: 45735 | AP1: 45736 | AR1: 45737 | AT1: 45738 | AV1: 45739 | AX1: 45740 | AZ1: 45741 | BB1: 45742 | BD1: 45743 | BF1: 45744 | BH1: 45745 | BJ1: 45746 | BL1: 45747
D2: S | E2: M | F2: S | G2: M | H2: S | I2: M | J2: S | K2: M | L2: S | M2: M | N2: S | O2: M | P2: S | Q2: M | R2: S | S2: M | T2: S | U2: M | V2: S | W2: M | X2: S | Y2: M | Z2: S | AA2: M | AB2: S | AC2: M | AD2: S | AE2: M | AF2: S | AG2: M | AH2: S | AI2: M | AJ2: S | AK2: M | AL2: S | AM2: M | AN2: S | AO2: M | AP2: S | AQ2: M | AR2: S | AS2: M | AT2: S | AU2: M | AV2: S | AW2: M | AX2: S | AY2: M | AZ2: S | BA2: M | BB2: S | BC2: M | BD2: S | BE2: M | BF2: S | BG2: M | BH2: S | BI2: M | BJ2: S | BK2: M | BL2: S | BM2: M
A3: Servicios PU-SA | D3: 0 | E3: 0 | F3: 0 | G3: 0 | H3: 7 | I3: 3 | J3: 7 | K3: 3 | L3: 7 | M3: 3 | N3: 7 | O3: 3 | P3: 7 | Q3: 3 | R3: 0 | S3: 0 | T3: 0 | U3: 0 | V3: 7 | W3: 3 | X3: 7 | Y3: 3 | Z3: 7 | AA3: 3 | AB3: 7 | AC3: 3 | AD3: 7 | AE3: 3 | AF3: 0 | AG3: 0 | AH3: 0 | AI3: 0 | AJ3: 7 | AK3: 3 | AL3: 7 | AM3: 3 | AN3: 7 | AO3: 3 | AP3: 7 | AQ3: 3 | AR3: 7 | AS3: 3 | AT3: 0 | AU3: 0 | AV3: 0 | AW3: 0 | AX3: 7 | AY3: 3 | AZ3: 7 | BA3: 3 | BB3: 7 | BC3: 3 | BD3: 7 | BE3: 3 | BF3: 7 | BG3: 3 | BH3: 0 | BI3: 0 | BJ3: 0 | BK3: 0 | BL3: 7 | BM3: 3
A4: Servicios PU-EB | D4: 0 | E4: 0 | F4: 0 | G4: 0 | H4: 0 | I4: 0 | J4: 0 | K4: 0 | L4: 0 | M4: 0 | N4: 0 | O4: 0 | P4: 0 | Q4: 0 | R4: 0 | S4: 0 | T4: 0 | U4: 0 | V4: 0 | W4: 0 | X4: 0 | Y4: 0 | Z4: 0 | AA4: 0 | AB4: 0 | AC4: 0 | AD4: 0 | AE4: 0 | AF4: 0 | AG4: 0 | AH4: 0 | AI4: 0 | AJ4: 0 | AK4: 0 | AL4: 0 | AM4: 0 | AN4: 0 | AO4: 0 | AP4: 0 | AQ4: 0 | AR4: 0 | AS4: 0 | AT4: 0 | AU4: 0 | AV4: 0 | AW4: 0 | AX4: 0 | AY4: 0 | AZ4: 0 | BA4: 0 | BB4: 0 | BC4: 0 | BD4: 0 | BE4: 0 | BF4: 0 | BG4: 0 | BH4: 0 | BI4: 0 | BJ4: 0 | BK4: 0 | BL4: 0 | BM4: 0
A5: Servicios PU-LI | D5: 0 | E5: 0 | F5: 0 | G5: 0 | H5: 1 | I5: 9 | J5: 1 | K5: 9 | L5: 1 | M5: 9 | N5: 1 | O5: 9 | P5: 1 | Q5: 9 | R5: 0 | S5: 0 | T5: 0 | U5: 0 | V5: 1 | W5: 9 | X5: 1 | Y5: 8 | Z5: 2 | AA5: 8 | AB5: 1 | AC5: 9 | AD5: 1 | AE5: 9 | AF5: 0 | AG5: 0 | AH5: 0 | AI5: 0 | AJ5: 3 | AK5: 7 | AL5: 2 | AM5: 8 | AN5: 2 | AO5: 8 | AP5: 2 | AQ5: 8 | AR5: 1 | AS5: 9 | AT5: 0 | AU5: 0 | AV5: 0 | AW5: 0 | AX5: 1 | AY5: 9 | AZ5: 1 | BA5: 9 | BB5: 1 | BC5: 9 | BD5: 1 | BE5: 9 | BF5: 1 | BG5: 9 | BH5: 0 | BI5: 0 | BJ5: 0 | BK5: 0 | BL5: 2 | BM5: 8
A6: Servicios SA-PU | D6: 0 | E6: 0 | F6: 0 | G6: 0 | H6: 10 | I6: 0 | J6: 10 | K6: 0 | L6: 10 | M6: 0 | N6: 10 | O6: 0 | P6: 10 | Q6: 0 | R6: 0 | S6: 0 | T6: 0 | U6: 0 | V6: 10 | W6: 0 | X6: 10 | Y6: 0 | Z6: 10 | AA6: 0 | AB6: 10 | AC6: 0 | AD6: 10 | AE6: 0 | AF6: 0 | AG6: 0 | AH6: 0 | AI6: 0 | AJ6: 8 | AK6: 2 | AL6: 9 | AM6: 1 | AN6: 9 | AO6: 1 | AP6: 9 | AQ6: 1 | AR6: 9 | AS6: 1 | AT6: 0 | AU6: 0 | AV6: 0 | AW6: 0 | AX6: 9 | AY6: 1 | AZ6: 9 | BA6: 1 | BB6: 8 | BC6: 1 | BD6: 9 | BE6: 1 | BF6: 9 | BG6: 1 | BH6: 0 | BI6: 0 | BJ6: 0 | BK6: 0 | BL6: 8 | BM6: 2
A7: Servicios EB-PU | D7: 0 | E7: 0 | F7: 0 | G7: 0 | H7: 0 | I7: 0 | J7: 0 | K7: 0 | L7: 0 | M7: 0 | N7: 0 | O7: 0 | P7: 0 | Q7: 0 | R7: 0 | S7: 0 | T7: 0 | U7: 0 | V7: 0 | W7: 0 | X7: 0 | Y7: 0 | Z7: 0 | AA7: 0 | AB7: 0 | AC7: 0 | AD7: 0 | AE7: 0 | AF7: 0 | AG7: 0 | AH7: 0 | AI7: 0 | AJ7: 0 | AK7: 0 | AL7: 0 | AM7: 0 | AN7: 0 | AO7: 0 | AP7: 0 | AQ7: 0 | AR7: 0 | AS7: 0 | AT7: 0 | AU7: 0 | AV7: 0 | AW7: 0 | AX7: 0 | AY7: 0 | AZ7: 0 | BA7: 0 | BB7: 0 | BC7: 0 | BD7: 0 | BE7: 0 | BF7: 0 | BG7: 0 | BH7: 0 | BI7: 0 | BJ7: 0 | BK7: 0 | BL7: 0 | BM7: 0
A8: Servicios LI-PU | D8: 0 | E8: 0 | F8: 0 | G8: 0 | H8: 6 | I8: 4 | J8: 6 | K8: 4 | L8: 6 | M8: 4 | N8: 6 | O8: 4 | P8: 6 | Q8: 4 | R8: 0 | S8: 0 | T8: 0 | U8: 0 | V8: 6 | W8: 4 | X8: 5 | Y8: 5 | Z8: 5 | AA8: 5 | AB8: 4 | AC8: 6 | AD8: 4 | AE8: 6 | AF8: 0 | AG8: 0 | AH8: 0 | AI8: 0 | AJ8: 6 | AK8: 4 | AL8: 5 | AM8: 5 | AN8: 5 | AO8: 5 | AP8: 5 | AQ8: 5 | AR8: 4 | AS8: 6 | AT8: 0 | AU8: 0 | AV8: 0 | AW8: 0 | AX8: 4 | AY8: 6 | AZ8: 4 | BA8: 6 | BB8: 4 | BC8: 6 | BD8: 4 | BE8: 6 | BF8: 4 | BG8: 6 | BH8: 0 | BI8: 0 | BJ8: 0 | BK8: 0 | BL8: 5 | BM8: 5
A10: Servicios PU-SA | D10: 0 | E10: 0 | F10: 0 | G10: 0 | H10: 16 | I10: 0 | J10: 16 | K10: 0 | L10: 16 | M10: 0 | N10: 16 | O10: 0 | P10: 16 | Q10: 0 | R10: 0 | S10: 0 | T10: 0 | U10: 0 | V10: 16 | W10: 0 | X10: 13 | Y10: 0 | Z10: 16 | AA10: 0 | AB10: 16 | AC10: 0 | AD10: 16 | AE10: 0 | AF10: 0 | AG10: 0 | AH10: 0 | AI10: 0 | AJ10: 15 | AK10: 1 | AL10: 15 | AM10: 1 | AN10: 15 | AO10: 1 | AP10: 15 | AQ10: 1 | AR10: 15 | AS10: 1 | AT10: 0 | AU10: 0 | AV10: 0 | AW10: 0 | AX10: 15 | AY10: 1 | AZ10: 15 | BA10: 1 | BB10: 13 | BC10: 0 | BD10: 15 | BE10: 1 | BF10: 15 | BG10: 1 | BH10: 0 | BI10: 0 | BJ10: 0 | BK10: 0 | BL10: 15 | BM10: 1
A11: Servicios PU-EB | D11: 0 | E11: 0 | F11: 0 | G11: 0 | H11: 0 | I11: 0 | J11: 0 | K11: 0 | L11: 0 | M11: 0 | N11: 0 | O11: 0 | P11: 0 | Q11: 0 | R11: 0 | S11: 0 | T11: 0 | U11: 0 | V11: 0 | W11: 0 | X11: 0 | Y11: 0 | Z11: 0 | AA11: 0 | AB11: 0 | AC11: 0 | AD11: 0 | AE11: 0 | AF11: 0 | AG11: 0 | AH11: 0 | AI11: 0 | AJ11: 0 | AK11: 0 | AL11: 0 | AM11: 0 | AN11: 0 | AO11: 0 | AP11: 0 | AQ11: 0 | AR11: 0 | AS11: 0 | AT11: 0 | AU11: 0 | AV11: 0 | AW11: 0 | AX11: 0 | AY11: 0 | AZ11: 0 | BA11: 0 | BB11: 0 | BC11: 0 | BD11: 0 | BE11: 0 | BF11: 0 | BG11: 0 | BH11: 0 | BI11: 0 | BJ11: 0 | BK11: 0 | BL11: 0 | BM11: 0
A12: Servicios PU-LI | D12: 54 | E12: 18 | F12: 52 | G12: 2 | H12: 48 | I12: 13 | J12: 48 | K12: 13 | L12: 48 | M12: 13 | N12: 45 | O12: 16 | P12: 47 | Q12: 14 | R12: 69 | S12: 3 | T12: 51 | U12: 3 | V12: 48 | W12: 13 | X12: 38 | Y12: 13 | Z12: 46 | AA12: 15 | AB12: 44 | AC12: 17 | AD12: 44 | AE12: 17 | AF12: 69 | AG12: 3 | AH12: 51 | AI12: 3 | AJ12: 44 | AK12: 17 | AL12: 44 | AM12: 17 | AN12: 44 | AO12: 17 | AP12: 42 | AQ12: 19 | AR12: 42 | AS12: 19 | AT12: 69 | AU12: 3 | AV12: 51 | AW12: 3 | AX12: 44 | AY12: 17 | AZ12: 36 | BA12: 16 | BB12: 26 | BC12: 17 | BD12: 44 | BE12: 17 | BF12: 44 | BG12: 17 | BH12: 69 | BI12: 3 | BJ12: 51 | BK12: 3 | BL12: 39 | BM12: 22
A13: Servicios SA-PU | D13: 0 | E13: 0 | F13: 0 | G13: 0 | H13: 13 | I13: 3 | J13: 13 | K13: 3 | L13: 13 | M13: 3 | N13: 13 | O13: 3 | P13: 13 | Q13: 3 | R13: 0 | S13: 0 | T13: 0 | U13: 0 | V13: 13 | W13: 3 | X13: 9 | Y13: 3 | Z13: 13 | AA13: 3 | AB13: 13 | AC13: 3 | AD13: 13 | AE13: 3 | AF13: 0 | AG13: 0 | AH13: 0 | AI13: 0 | AJ13: 13 | AK13: 3 | AL13: 13 | AM13: 3 | AN13: 13 | AO13: 3 | AP13: 13 | AQ13: 3 | AR13: 13 | AS13: 3 | AT13: 0 | AU13: 0 | AV13: 0 | AW13: 0 | AX13: 13 | AY13: 3 | AZ13: 13 | BA13: 3 | BB13: 11 | BC13: 2 | BD13: 13 | BE13: 3 | BF13: 13 | BG13: 3 | BH13: 0 | BI13: 0 | BJ13: 0 | BK13: 0 | BL13: 13 | BM13: 3
A14: Servicios EB-PU | D14: 0 | E14: 0 | F14: 0 | G14: 0 | H14: 1 | I14: 0 | J14: 1 | K14: 0 | L14: 1 | M14: 0 | N14: 1 | O14: 0 | P14: 1 | Q14: 0 | R14: 0 | S14: 0 | T14: 0 | U14: 0 | V14: 1 | W14: 0 | X14: 1 | Y14: 0 | Z14: 1 | AA14: 0 | AB14: 1 | AC14: 0 | AD14: 1 | AE14: 0 | AF14: 0 | AG14: 0 | AH14: 0 | AI14: 0 | AJ14: 1 | AK14: 0 | AL14: 1 | AM14: 0 | AN14: 1 | AO14: 0 | AP14: 1 | AQ14: 0 | AR14: 1 | AS14: 0 | AT14: 0 | AU14: 0 | AV14: 0 | AW14: 0 | AX14: 1 | AY14: 0 | AZ14: 1 | BA14: 0 | BB14: 1 | BC14: 0 | BD14: 1 | BE14: 0 | BF14: 1 | BG14: 0 | BH14: 0 | BI14: 0 | BJ14: 0 | BK14: 0 | BL14: 1 | BM14: 0
A15: Servicios LI-PU | D15: 58 | E15: 17 | F15: 57 | G15: 0 | H15: 38 | I15: 23 | J15: 38 | K15: 23 | L15: 38 | M15: 23 | N15: 38 | O15: 23 | P15: 38 | Q15: 23 | R15: 75 | S15: 0 | T15: 57 | U15: 0 | V15: 38 | W15: 23 | X15: 28 | Y15: 21 | Z15: 38 | AA15: 23 | AB15: 36 | AC15: 25 | AD15: 36 | AE15: 25 | AF15: 75 | AG15: 0 | AH15: 57 | AI15: 0 | AJ15: 38 | AK15: 23 | AL15: 37 | AM15: 24 | AN15: 36 | AO15: 25 | AP15: 37 | AQ15: 24 | AR15: 36 | AS15: 25 | AT15: 75 | AU15: 0 | AV15: 57 | AW15: 0 | AX15: 36 | AY15: 25 | AZ15: 29 | BA15: 23 | BB15: 21 | BC15: 20 | BD15: 36 | BE15: 25 | BF15: 37 | BG15: 24 | BH15: 75 | BI15: 0 | BJ15: 57 | BK15: 0 | BL15: 36 | BM15: 25
A16: Servicios PU-ES
A17: Servicios ES-PU
A18: Servicios VM-LI | D18: 3 | E18: 1 | F18: 3 | G18: 1
A19: Servicios VM-PU | D19: 2 | E19: 0 | F19: 2 | G19: 0
A20: Servicios MI-SA | X20: 1 | Y20: 0 | BB20: 2 | BC20: 0
A21: Servicios SA-MI | X21: 4 | Y21: 0 | BB21: 2 | BC21: 1
A22: Servicios MI-LI | X22: 2 | Y22: 4 | BB22: 10 | BC22: 5
A23: Servicios LI-MI | X23: 10 | Y23: 2 | BB23: 11 | BC23: 5
A24: Servicios LI-PO | AZ24: 8 | BA24: 1
A25: Servicios PO-LI | AZ25: 8 | BA25: 1
A27: Servicios PU-SA | D27: 0 | E27: 0 | F27: 0 | G27: 0 | H27: 7 | I27: 0 | J27: 7 | K27: 0 | L27: 7 | M27: 0 | N27: 7 | O27: 0 | P27: 7 | Q27: 0 | R27: 0 | S27: 0 | T27: 0 | U27: 0 | V27: 7 | W27: 0 | X27: 7 | Y27: 0 | Z27: 7 | AA27: 0 | AB27: 7 | AC27: 0 | AD27: 7 | AE27: 0 | AF27: 0 | AG27: 0 | AH27: 0 | AI27: 0 | AJ27: 7 | AK27: 0 | AL27: 7 | AM27: 0 | AN27: 7 | AO27: 0 | AP27: 7 | AQ27: 0 | AR27: 6 | AS27: 0 | AT27: 0 | AU27: 0 | AV27: 0 | AW27: 0 | AX27: 7 | AY27: 0 | AZ27: 7 | BA27: 0 | BB27: 7 | BC27: 0 | BD27: 7 | BE27: 0 | BF27: 7 | BG27: 0 | BH27: 0 | BI27: 0 | BJ27: 0 | BK27: 0 | BL27: 7 | BM27: 0
A28: Servicios PU-EB | D28: 0 | E28: 0 | F28: 0 | G28: 0 | H28: 0 | I28: 0 | J28: 0 | K28: 0 | L28: 0 | M28: 0 | N28: 0 | O28: 0 | P28: 0 | Q28: 0 | R28: 0 | S28: 0 | T28: 0 | U28: 0 | V28: 0 | W28: 0 | X28: 0 | Y28: 0 | Z28: 0 | AA28: 0 | AB28: 0 | AC28: 0 | AD28: 0 | AE28: 0 | AF28: 0 | AG28: 0 | AH28: 0 | AI28: 0 | AJ28: 0 | AK28: 0 | AL28: 0 | AM28: 0 | AN28: 0 | AO28: 0 | AP28: 0 | AQ28: 0 | AR28: 0 | AS28: 0 | AT28: 0 | AU28: 0 | AV28: 0 | AW28: 0 | AX28: 0 | AY28: 0 | AZ28: 0 | BA28: 0 | BB28: 0 | BC28: 0 | BD28: 0 | BE28: 0 | BF28: 0 | BG28: 0 | BH28: 0 | BI28: 0 | BJ28: 0 | BK28: 0 | BL28: 0 | BM28: 0
A29: Servicios PU-LI | D29: 0 | E29: 0 | F29: 0 | G29: 0 | H29: 2 | I29: 6 | J29: 2 | K29: 6 | L29: 2 | M29: 6 | N29: 2 | O29: 6 | P29: 2 | Q29: 6 | R29: 0 | S29: 0 | T29: 0 | U29: 0 | V29: 2 | W29: 6 | X29: 2 | Y29: 6 | Z29: 2 | AA29: 6 | AB29: 2 | AC29: 6 | AD29: 2 | AE29: 6 | AF29: 0 | AG29: 0 | AH29: 0 | AI29: 0 | AJ29: 3 | AK29: 5 | AL29: 3 | AM29: 5 | AN29: 2 | AO29: 6 | AP29: 3 | AQ29: 5 | AR29: 3 | AS29: 6 | AT29: 0 | AU29: 0 | AV29: 0 | AW29: 0 | AX29: 2 | AY29: 6 | AZ29: 2 | BA29: 6 | BB29: 2 | BC29: 6 | BD29: 2 | BE29: 6 | BF29: 3 | BG29: 5 | BH29: 0 | BI29: 0 | BJ29: 0 | BK29: 0 | BL29: 2 | BM29: 6
A30: Servicios SA-PU | D30: 0 | E30: 0 | F30: 0 | G30: 0 | H30: 6 | I30: 0 | J30: 6 | K30: 0 | L30: 6 | M30: 0 | N30: 6 | O30: 0 | P30: 6 | Q30: 0 | R30: 0 | S30: 0 | T30: 0 | U30: 0 | V30: 6 | W30: 0 | X30: 6 | Y30: 0 | Z30: 6 | AA30: 0 | AB30: 6 | AC30: 0 | AD30: 6 | AE30: 0 | AF30: 0 | AG30: 0 | AH30: 0 | AI30: 0 | AJ30: 6 | AK30: 0 | AL30: 6 | AM30: 0 | AN30: 6 | AO30: 0 | AP30: 6 | AQ30: 0 | AR30: 6 | AS30: 0 | AT30: 0 | AU30: 0 | AV30: 0 | AW30: 0 | AX30: 6 | AY30: 0 | AZ30: 6 | BA30: 0 | BB30: 6 | BC30: 0 | BD30: 6 | BE30: 0 | BF30: 6 | BG30: 0 | BH30: 0 | BI30: 0 | BJ30: 0 | BK30: 0 | BL30: 6 | BM30: 0
A31: Servicios EB-PU | D31: 0 | E31: 0 | F31: 0 | G31: 0 | H31: 0 | I31: 0 | J31: 0 | K31: 0 | L31: 0 | M31: 0 | N31: 0 | O31: 0 | P31: 0 | Q31: 0 | R31: 0 | S31: 0 | T31: 0 | U31: 0 | V31: 0 | W31: 0 | X31: 0 | Y31: 0 | Z31: 0 | AA31: 0 | AB31: 0 | AC31: 0 | AD31: 0 | AE31: 0 | AF31: 0 | AG31: 0 | AH31: 0 | AI31: 0 | AJ31: 0 | AK31: 0 | AL31: 0 | AM31: 0 | AN31: 0 | AO31: 0 | AP31: 0 | AQ31: 0 | AR31: 0 | AS31: 0 | AT31: 0 | AU31: 0 | AV31: 0 | AW31: 0 | AX31: 0 | AY31: 0 | AZ31: 0 | BA31: 0 | BB31: 0 | BC31: 0 | BD31: 0 | BE31: 0 | BF31: 0 | BG31: 0 | BH31: 0 | BI31: 0 | BJ31: 0 | BK31: 0 | BL31: 0 | BM31: 0
A32: Servicios LI-PU | D32: 0 | E32: 0 | F32: 0 | G32: 0 | H32: 5 | I32: 2 | J32: 5 | K32: 2 | L32: 5 | M32: 2 | N32: 5 | O32: 2 | P32: 5 | Q32: 2 | R32: 0 | S32: 0 | T32: 0 | U32: 0 | V32: 5 | W32: 2 | X32: 5 | Y32: 2 | Z32: 5 | AA32: 2 | AB32: 5 | AC32: 2 | AD32: 5 | AE32: 2 | AF32: 0 | AG32: 0 | AH32: 0 | AI32: 0 | AJ32: 5 | AK32: 2 | AL32: 5 | AM32: 2 | AN32: 5 | AO32: 2 | AP32: 5 | AQ32: 2 | AR32: 5 | AS32: 2 | AT32: 0 | AU32: 0 | AV32: 0 | AW32: 0 | AX32: 5 | AY32: 2 | AZ32: 5 | BA32: 2 | BB32: 5 | BC32: 2 | BD32: 5 | BE32: 2 | BF32: 5 | BG32: 2 | BH32: 0 | BI32: 0 | BJ32: 0 | BK32: 0 | BL32: 5 | BM32: 2
D35: =SUM(D3:D32) -> 117 | E35: =SUM(E3:E32) -> 36 | F35: =SUM(F3:F32) -> 114 | G35: =SUM(G3:G32) -> 3 | H35: =SUM(H3:H32) -> 160 | I35: =SUM(I3:I32) -> 63 | J35: =SUM(J3:J32) -> 160 | K35: =SUM(K3:K32) -> 63 | ... BM35: =SUM(BM3:BM32) -> 77
A41: Km Servicio
A42: PU - LI | D42: =D5+D12+D29 -> 54 | E42: =E5+E12+E29 -> 18 | F42: =F5+F12+F29 -> 52 | G42: =G5+G12+G29 -> 2 | H42: =H5+H12+H29 -> 51 | I42: =I5+I12+I29 -> 28 | J42: =J5+J12+J29 -> 51 | K42: =K5+K12+K29 -> 28 | ... BM42: =BM5+BM12+BM29 -> 36
A43: LI - PU | D43: =D8+D15+D32 -> 58 | E43: =E8+E15+E32 -> 17 | F43: =F8+F15+F32 -> 57 | G43: =G8+G15+G32 -> 0 | H43: =H8+H15+H32 -> 49 | I43: =I8+I15+I32 -> 29 | J43: =J8+J15+J32 -> 49 | K43: =K8+K15+K32 -> 29 | ... BM43: =BM8+BM15+BM32 -> 32
A44: PU - SA | D44: =D3+D10+D27 -> 0 | E44: =E3+E10+E27 -> 0 | F44: =F3+F10+F27 -> 0 | G44: =G3+G10+G27 -> 0 | H44: =H3+H10+H27 -> 30 | I44: =I3+I10+I27 -> 3 | J44: =J3+J10+J27 -> 30 | K44: =K3+K10+K27 -> 3 | ... BM44: =BM3+BM10+BM27 -> 4
A45: SA - PU | D45: =D6+D13+D30 -> 0 | E45: =E6+E13+E30 -> 0 | F45: =F6+F13+F30 -> 0 | G45: =G6+G13+G30 -> 0 | H45: =H6+H13+H30 -> 29 | I45: =I6+I13+I30 -> 3 | J45: =J6+J13+J30 -> 29 | K45: =K6+K13+K30 -> 3 | ... BM45: =BM6+BM13+BM30 -> 5
A46: PU-EB | D46: =D4+D11+D28 -> 0 | E46: =E4+E11+E28 -> 0 | F46: =F4+F11+F28 -> 0 | G46: =G4+G11+G28 -> 0 | H46: =H4+H11+H28 -> 0 | I46: =I4+I11+I28 -> 0 | J46: =J4+J11+J28 -> 0 | K46: =K4+K11+K28 -> 0 | ... BM46: =BM4+BM11+BM28 -> 0
A47: EB-PU | D47: =D7+D14+D31 -> 0 | E47: =E7+E14+E31 -> 0 | F47: =F7+F14+F31 -> 0 | G47: =G7+G14+G31 -> 0 | H47: =H7+H14+H31 -> 1 | I47: =I7+I14+I31 -> 0 | J47: =J7+J14+J31 -> 1 | K47: =K7+K14+K31 -> 0 | ... BM47: =BM7+BM14+BM31 -> 0
A48: PU-ES | H48: =H16 -> 0 | I48: 0
A49: ES-PU | H49: =H17 -> 0 | I49: =I17 -> 0
A50: VM-LI | D50: =D18 -> 3 | E50: =E18 -> 1 | F50: =F18 -> 3 | G50: =G18 -> 1 | AX50: =AX18 -> 0 | AY50: =AY18 -> 0 | AZ50: =AZ18 -> 0 | BA50: =BA18 -> 0 | BB50: =BB18 -> 0 | BC50: =BC18 -> 0 | BD50: =BD18 -> 0 | BE50: =BE18 -> 0 | ... BG50: =BG18 -> 0
A51: VM-PU | D51: =D19 -> 2 | E51: =E19 -> 0 | F51: =F19 -> 2 | G51: =G19 -> 0 | AX51: =AX19 -> 0 | AY51: =AY19 -> 0 | AZ51: =AZ19 -> 0 | BA51: =BA19 -> 0 | BB51: =BB19 -> 0 | BC51: =BC19 -> 0 | BD51: =BD19 -> 0 | BE51: =BE19 -> 0 | ... BG51: =BG19 -> 0
A52: MI-SA | X52: =X20 -> 1 | Y52: =Y20 -> 0
A53: SA-MI | X53: =X21 -> 4 | Y53: =Y21 -> 0
A54: MI-LI | X54: =X22 -> 2 | Y54: =Y22 -> 4 | BB54: =BB22 -> 10 | BC54: =BC22 -> 5
A55: LI-MI | X55: =X23 -> 10 | Y55: =Y23 -> 2 | BB55: =BB23 -> 11 | BC55: =BC23 -> 5
A56: LI-PO | AZ56: =AZ24 -> 8 | BA56: =BA24 -> 1
A57: PO-LI | AZ57: =AZ25 -> 8 | BA57: =BA25 -> 1
A59: total | D59: =SUM(D42:D51) -> 117 | E59: =SUM(E42:E51) -> 36 | F59: =SUM(F42:F51) -> 114 | G59: =SUM(G42:G51) -> 3 | H59: =SUM(H42:H49) -> 160 | I59: =SUM(I42:I49) -> 63 | J59: =SUM(J42:J47) -> 160 | K59: =SUM(K42:K47) -> 63 | L59: =SUM(L42:L47) -> 160 | M59: =SUM(M42:M47) -> 63 | N59: =SUM(N42:N47) -> 157 | O59: =SUM(O42:O47) -> 66 | P59: =SUM(P42:P47) -> 159 | Q59: =SUM(Q42:Q47) -> 64 | ... W59: =SUM(W42:W47) -> 63 | X59: =SUM(X42:X57) -> 149 | Y59: =SUM(Y42:Y57) -> 67 | Z59: =SUM(Z42:Z47) -> 158 | AA59: =SUM(AA42:AA47) -> 65 | AB59: =SUM(AB42:AB47) -> 152 | AC59: =SUM(AC42:AC47) -> 71 | AD59: =SUM(AD42:AD47) -> 152 | AE59: =SUM(AE42:AE47) -> 71 | AF59: =SUM(AF42:AF47) -> 144 | AG59: =SUM(AG42:AG47) -> 3 | ... AW59: =SUM(AW42:AW47) -> 3 | AX59: =SUM(AX42:AX51) -> 150 | AY59: =SUM(AY42:AY51) -> 73 | AZ59: =SUM(AZ42:AZ57) -> 151 | BA59: =SUM(BA42:BA57) -> 72 | BB59: =SUM(BB42:BB55) -> 133 | BC59: =SUM(BC42:BC55) -> 76 | BD59: =SUM(BD42:BD51) -> 150 | BE59: =SUM(BE42:BE51) -> 73 | BF59: =SUM(BF42:BF51) -> 152 | BG59: =SUM(BG42:BG51) -> 71 | BH59: =SUM(BH42:BH47) -> 144 | BI59: =SUM(BI42:BI47) -> 3 | BJ59: =SUM(BJ42:BJ47) -> 108 | BK59: =SUM(BK42:BK47) -> 3 | BL59: =SUM(BL42:BL47) -> 146 | BM59: =SUM(BM42:BM47) -> 77
A61: Servicios
A62: PU - LI | D62: =D5+E5+D12+E12+D29+E29 -> 72 | F62: =F5+G5+F12+G12+F29+G29 -> 54 | H62: =H5+I5+H12+I12+H29+I29 -> 79 | J62: =J5+K5+J12+K12+J29+K29 -> 79 | L62: =L5+M5+L12+M12+L29+M29 -> 79 | N62: =N5+O5+N12+O12+N29+O29 -> 79 | P62: =P5+Q5+P12+Q12+P29+Q29 -> 79 | R62: =R5+S5+R12+S12+R29+S29 -> 72 | T62: =T5+U5+T12+U12+T29+U29 -> 54 | V62: =V5+W5+V12+W12+V29+W29 -> 79 | X62: =X5+Y5+X12+Y12+X29+Y29 -> 68 | Z62: =Z5+AA5+Z12+AA12+Z29+AA29 -> 79 | AB62: =AB5+AC5+AB12+AC12+AB29+AC29 -> 79 | AD62: =AD5+AE5+AD12+AE12+AD29+AE29 -> 79 | AF62: =AF5+AG5+AF12+AG12+AF29+AG29 -> 72 | AH62: =AH5+AI5+AH12+AI12+AH29+AI29 -> 54 | AJ62: =AJ5+AK5+AJ12+AK12+AJ29+AK29 -> 79 | AL62: =AL5+AM5+AL12+AM12+AL29+AM29 -> 79 | AN62: =AN5+AO5+AN12+AO12+AN29+AO29 -> 79 | AP62: =AP5+AQ5+AP12+AQ12+AP29+AQ29 -> 79 | AR62: =AR5+AS5+AR12+AS12+AR29+AS29 -> 80 | AT62: =AT5+AU5+AT12+AU12+AT29+AU29 -> 72 | AV62: =AV5+AW5+AV12+AW12+AV29+AW29 -> 54 | AX62: =AX5+AY5+AX12+AY12+AX29+AY29 -> 79 | AZ62: =AZ5+BA5+AZ12+BA12+AZ29+BA29 -> 70 | BB62: =BB5+BC5+BB12+BC12+BB29+BC29 -> 61 | BD62: =BD5+BE5+BD12+BE12+BD29+BE29 -> 79 | BF62: =BF5+BG5+BF12+BG12+BF29+BG29 -> 79 | BH62: =BH5+BI5+BH12+BI12+BH29+BI29 -> 72 | BJ62: =BJ5+BK5+BJ12+BK12+BJ29+BK29 -> 54 | BL62: =BL5+BM5+BL12+BM12+BL29+BM29 -> 79
A63: LI - PU | D63: =D8+E8+D15+E15+D32+E32 -> 75 | F63: =F8+G8+F15+G15+F32+G32 -> 57 | H63: =H8+I8+H15+I15+H32+I32 -> 78 | J63: =J8+K8+J15+K15+J32+K32 -> 78 | L63: =L8+M8+L15+M15+L32+M32 -> 78 | N63: =N8+O8+N15+O15+N32+O32 -> 78 | P63: =P8+Q8+P15+Q15+P32+Q32 -> 78 | R63: =R8+S8+R15+S15+R32+S32 -> 75 | T63: =T8+U8+T15+U15+T32+U32 -> 57 | V63: =V8+W8+V15+W15+V32+W32 -> 78 | X63: =X8+Y8+X15+Y15+X32+Y32 -> 66 | Z63: =Z8+AA8+Z15+AA15+Z32+AA32 -> 78 | AB63: =AB8+AC8+AB15+AC15+AB32+AC32 -> 78 | AD63: =AD8+AE8+AD15+AE15+AD32+AE32 -> 78 | AF63: =AF8+AG8+AF15+AG15+AF32+AG32 -> 75 | AH63: =AH8+AI8+AH15+AI15+AH32+AI32 -> 57 | AJ63: =AJ8+AK8+AJ15+AK15+AJ32+AK32 -> 78 | AL63: =AL8+AM8+AL15+AM15+AL32+AM32 -> 78 | AN63: =AN8+AO8+AN15+AO15+AN32+AO32 -> 78 | AP63: =AP8+AQ8+AP15+AQ15+AP32+AQ32 -> 78 | AR63: =AR8+AS8+AR15+AS15+AR32+AS32 -> 78 | AT63: =AT8+AU8+AT15+AU15+AT32+AU32 -> 75 | AV63: =AV8+AW8+AV15+AW15+AV32+AW32 -> 57 | AX63: =AX8+AY8+AX15+AY15+AX32+AY32 -> 78 | AZ63: =AZ8+BA8+AZ15+BA15+AZ32+BA32 -> 69 | BB63: =BB8+BC8+BB15+BC15+BB32+BC32 -> 58 | BD63: =BD8+BE8+BD15+BE15+BD32+BE32 -> 78 | BF63: =BF8+BG8+BF15+BG15+BF32+BG32 -> 78 | BH63: =BH8+BI8+BH15+BI15+BH32+BI32 -> 75 | BJ63: =BJ8+BK8+BJ15+BK15+BJ32+BK32 -> 57 | BL63: =BL8+BM8+BL15+BM15+BL32+BM32 -> 78
A64: PU - SA | D64: =D3+E3+D10+E10+D27+E27 -> 0 | F64: =F3+G3+F10+G10+F27+G27 -> 0 | H64: =H3+I3+H10+I10+H27+I27 -> 33 | J64: =J3+K3+J10+K10+J27+K27 -> 33 | L64: =L3+M3+L10+M10+L27+M27 -> 33 | N64: =N3+O3+N10+O10+N27+O27 -> 33 | P64: =P3+Q3+P10+Q10+P27+Q27 -> 33 | R64: =R3+S3+R10+S10+R27+S27 -> 0 | T64: =T3+U3+T10+U10+T27+U27 -> 0 | V64: =V3+W3+V10+W10+V27+W27 -> 33 | X64: =X3+Y3+X10+Y10+X27+Y27 -> 30 | Z64: =Z3+AA3+Z10+AA10+Z27+AA27 -> 33 | AB64: =AB3+AC3+AB10+AC10+AB27+AC27 -> 33 | AD64: =AD3+AE3+AD10+AE10+AD27+AE27 -> 33 | AF64: =AF3+AG3+AF10+AG10+AF27+AG27 -> 0 | AH64: =AH3+AI3+AH10+AI10+AH27+AI27 -> 0 | AJ64: =AJ3+AK3+AJ10+AK10+AJ27+AK27 -> 33 | AL64: =AL3+AM3+AL10+AM10+AL27+AM27 -> 33 | AN64: =AN3+AO3+AN10+AO10+AN27+AO27 -> 33 | AP64: =AP3+AQ3+AP10+AQ10+AP27+AQ27 -> 33 | AR64: =AR3+AS3+AR10+AS10+AR27+AS27 -> 32 | AT64: =AT3+AU3+AT10+AU10+AT27+AU27 -> 0 | AV64: =AV3+AW3+AV10+AW10+AV27+AW27 -> 0 | AX64: =AX3+AY3+AX10+AY10+AX27+AY27 -> 33 | AZ64: =AZ3+BA3+AZ10+BA10+AZ27+BA27 -> 33 | BB64: =BB3+BC3+BB10+BC10+BB27+BC27 -> 30 | BD64: =BD3+BE3+BD10+BE10+BD27+BE27 -> 33 | BF64: =BF3+BG3+BF10+BG10+BF27+BG27 -> 33 | BH64: =BH3+BI3+BH10+BI10+BH27+BI27 -> 0 | BJ64: =BJ3+BK3+BJ10+BK10+BJ27+BK27 -> 0 | BL64: =BL3+BM3+BL10+BM10+BL27+BM27 -> 33
A65: SA - PU | D65: =D6+E6+D13+E13+D30+E30 -> 0 | F65: =F6+G6+F13+G13+F30+G30 -> 0 | H65: =H6+I6+H13+I13+H30+I30 -> 32 | J65: =J6+K6+J13+K13+J30+K30 -> 32 | L65: =L6+M6+L13+M13+L30+M30 -> 32 | N65: =N6+O6+N13+O13+N30+O30 -> 32 | P65: =P6+Q6+P13+Q13+P30+Q30 -> 32 | R65: =R6+S6+R13+S13+R30+S30 -> 0 | T65: =T6+U6+T13+U13+T30+U30 -> 0 | V65: =V6+W6+V13+W13+V30+W30 -> 32 | X65: =X6+Y6+X13+Y13+X30+Y30 -> 28 | Z65: =Z6+AA6+Z13+AA13+Z30+AA30 -> 32 | AB65: =AB6+AC6+AB13+AC13+AB30+AC30 -> 32 | AD65: =AD6+AE6+AD13+AE13+AD30+AE30 -> 32 | AF65: =AF6+AG6+AF13+AG13+AF30+AG30 -> 0 | AH65: =AH6+AI6+AH13+AI13+AH30+AI30 -> 0 | AJ65: =AJ6+AK6+AJ13+AK13+AJ30+AK30 -> 32 | AL65: =AL6+AM6+AL13+AM13+AL30+AM30 -> 32 | AN65: =AN6+AO6+AN13+AO13+AN30+AO30 -> 32 | AP65: =AP6+AQ6+AP13+AQ13+AP30+AQ30 -> 32 | AR65: =AR6+AS6+AR13+AS13+AR30+AS30 -> 32 | AT65: =AT6+AU6+AT13+AU13+AT30+AU30 -> 0 | AV65: =AV6+AW6+AV13+AW13+AV30+AW30 -> 0 | AX65: =AX6+AY6+AX13+AY13+AX30+AY30 -> 32 | AZ65: =AZ6+BA6+AZ13+BA13+AZ30+BA30 -> 32 | BB65: =BB6+BC6+BB13+BC13+BB30+BC30 -> 28 | BD65: =BD6+BE6+BD13+BE13+BD30+BE30 -> 32 | BF65: =BF6+BG6+BF13+BG13+BF30+BG30 -> 32 | BH65: =BH6+BI6+BH13+BI13+BH30+BI30 -> 0 | BJ65: =BJ6+BK6+BJ13+BK13+BJ30+BK30 -> 0 | BL65: =BL6+BM6+BL13+BM13+BL30+BM30 -> 32
A66: PU-EB | D66: =D4+E4+D11+E11+D28+E28 -> 0 | F66: =F4+G4+F11+G11+F28+G28 -> 0 | H66: =H4+I4+H11+I11+H28+I28 -> 0 | J66: =J4+K4+J11+K11+J28+K28 -> 0 | L66: =L4+M4+L11+M11+L28+M28 -> 0 | N66: =N4+O4+N11+O11+N28+O28 -> 0 | P66: =P4+Q4+P11+Q11+P28+Q28 -> 0 | R66: =R4+S4+R11+S11+R28+S28 -> 0 | T66: =T4+U4+T11+U11+T28+U28 -> 0 | V66: =V4+W4+V11+W11+V28+W28 -> 0 | X66: =X4+Y4+X11+Y11+X28+Y28 -> 0 | Z66: =Z4+AA4+Z11+AA11+Z28+AA28 -> 0 | AB66: =AB4+AC4+AB11+AC11+AB28+AC28 -> 0 | AD66: =AD4+AE4+AD11+AE11+AD28+AE28 -> 0 | AF66: =AF4+AG4+AF11+AG11+AF28+AG28 -> 0 | AH66: =AH4+AI4+AH11+AI11+AH28+AI28 -> 0 | AJ66: =AJ4+AK4+AJ11+AK11+AJ28+AK28 -> 0 | AL66: =AL4+AM4+AL11+AM11+AL28+AM28 -> 0 | AN66: =AN4+AO4+AN11+AO11+AN28+AO28 -> 0 | AP66: =AP4+AQ4+AP11+AQ11+AP28+AQ28 -> 0 | AR66: =AR4+AS4+AR11+AS11+AR28+AS28 -> 0 | AT66: =AT4+AU4+AT11+AU11+AT28+AU28 -> 0 | AV66: =AV4+AW4+AV11+AW11+AV28+AW28 -> 0 | AX66: =AX4+AY4+AX11+AY11+AX28+AY28 -> 0 | AZ66: =AZ4+BA4+AZ11+BA11+AZ28+BA28 -> 0 | BB66: =BB4+BC4+BB11+BC11+BB28+BC28 -> 0 | BD66: =BD4+BE4+BD11+BE11+BD28+BE28 -> 0 | BF66: =BF4+BG4+BF11+BG11+BF28+BG28 -> 0 | BH66: =BH4+BI4+BH11+BI11+BH28+BI28 -> 0 | BJ66: =BJ4+BK4+BJ11+BK11+BJ28+BK28 -> 0 | BL66: =BL4+BM4+BL11+BM11+BL28+BM28 -> 0
A67: EB-PU | D67: =D7+E7+D14+E14+D31+E31 -> 0 | F67: =F7+G7+F14+G14+F31+G31 -> 0 | H67: =H7+I7+H14+I14+H31+I31 -> 1 | J67: =J7+K7+J14+K14+J31+K31 -> 1 | L67: =L7+M7+L14+M14+L31+M31 -> 1 | N67: =N7+O7+N14+O14+N31+O31 -> 1 | P67: =P7+Q7+P14+Q14+P31+Q31 -> 1 | R67: =R7+S7+R14+S14+R31+S31 -> 0 | T67: =T7+U7+T14+U14+T31+U31 -> 0 | V67: =V7+W7+V14+W14+V31+W31 -> 1 | X67: =X7+Y7+X14+Y14+X31+Y31 -> 1 | Z67: =Z7+AA7+Z14+AA14+Z31+AA31 -> 1 | AB67: =AB7+AC7+AB14+AC14+AB31+AC31 -> 1 | AD67: =AD7+AE7+AD14+AE14+AD31+AE31 -> 1 | AF67: =AF7+AG7+AF14+AG14+AF31+AG31 -> 0 | AH67: =AH7+AI7+AH14+AI14+AH31+AI31 -> 0 | AJ67: =AJ7+AK7+AJ14+AK14+AJ31+AK31 -> 1 | AL67: =AL7+AM7+AL14+AM14+AL31+AM31 -> 1 | AN67: =AN7+AO7+AN14+AO14+AN31+AO31 -> 1 | AP67: =AP7+AQ7+AP14+AQ14+AP31+AQ31 -> 1 | AR67: =AR7+AS7+AR14+AS14+AR31+AS31 -> 1 | AT67: =AT7+AU7+AT14+AU14+AT31+AU31 -> 0 | AV67: =AV7+AW7+AV14+AW14+AV31+AW31 -> 0 | AX67: =AX7+AY7+AX14+AY14+AX31+AY31 -> 1 | AZ67: =AZ7+BA7+AZ14+BA14+AZ31+BA31 -> 1 | BB67: =BB7+BC7+BB14+BC14+BB31+BC31 -> 1 | BD67: =BD7+BE7+BD14+BE14+BD31+BE31 -> 1 | BF67: =BF7+BG7+BF14+BG14+BF31+BG31 -> 1 | BH67: =BH7+BI7+BH14+BI14+BH31+BI31 -> 0 | BJ67: =BJ7+BK7+BJ14+BK14+BJ31+BK31 -> 0 | BL67: =BL7+BM7+BL14+BM14+BL31+BM31 -> 1
A68: PU-ES | H68: =H16+I16 -> 0
A69: ES-PU | H69: =H17+I17 -> 0
A70: VM-LI | D70: =D18+E18 -> 4 | F70: =F18+G18 -> 4 | AX70: =AX18+AY18 -> 0 | AZ70: =AZ18+BA18 -> 0 | BB70: =BB18+BC18 -> 0 | BD70: =BD18+BE18 -> 0 | BF70: =BF18+BG18 -> 0
A71: VM-PU | D71: =D19+E19 -> 2 | F71: =F19+G19 -> 2 | AX71: =AX19+AY19 -> 0 | AZ71: =AZ19+BA19 -> 0 | BB71: =BB19+BC19 -> 0 | BD71: =BD19+BE19 -> 0 | BF71: =BF19+BG19 -> 0
A72: MI-SA | X72: =X20+Y20 -> 1 | BB72: =BB20+BC20 -> 2
A73: SA-MI | X73: =X21+Y21 -> 4 | BB73: =BB21+BC21 -> 3
A74: MI-LI | X74: =X22+Y22 -> 6 | BB74: =BB22+BC22 -> 15
A75: LI-MI | X75: =X23+Y23 -> 12 | BB75: =BB23+BC23 -> 16
A76: LI-PO | AZ76: =AZ24+BA24 -> 9
A77: PO-LI | AZ77: =AZ25+BA25 -> 9
A79: Trenes
A80: PU - LI | D80: =(D5+D12+D29)+2*(E5+E12+E29) -> 90 | F80: =(F5+F12+F29)+2*(G5+G12+G29) -> 56 | H80: =(H5+H12+H29)+2*(I5+I12+I29) -> 107 | J80: =(J5+J12+J29)+2*(K5+K12+K29) -> 107 | L80: =(L5+L12+L29)+2*(M5+M12+M29) -> 107 | N80: =(N5+N12+N29)+2*(O5+O12+O29) -> 110 | P80: =(P5+P12+P29)+2*(Q5+Q12+Q29) -> 108 | R80: =(R5+R12+R29)+2*(S5+S12+S29) -> 75 | T80: =(T5+T12+T29)+2*(U5+U12+U29) -> 57 | V80: =(V5+V12+V29)+2*(W5+W12+W29) -> 107 | X80: =(X5+X12+X29)+2*(Y5+Y12+Y29) -> 95 | Z80: =(Z5+Z12+Z29)+2*(AA5+AA12+AA29) -> 108 | AB80: =(AB5+AB12+AB29)+2*(AC5+AC12+AC29) -> 111 | AD80: =(AD5+AD12+AD29)+2*(AE5+AE12+AE29) -> 111 | AF80: =(AF5+AF12+AF29)+2*(AG5+AG12+AG29) -> 75 | AH80: =(AH5+AH12+AH29)+2*(AI5+AI12+AI29) -> 57 | AJ80: =(AJ5+AJ12+AJ29)+2*(AK5+AK12+AK29) -> 108 | AL80: =(AL5+AL12+AL29)+2*(AM5+AM12+AM29) -> 109 | AN80: =(AN5+AN12+AN29)+2*(AO5+AO12+AO29) -> 110 | AP80: =(AP5+AP12+AP29)+2*(AQ5+AQ12+AQ29) -> 111 | AR80: =(AR5+AR12+AR29)+2*(AS5+AS12+AS29) -> 114 | AT80: =(AT5+AT12+AT29)+2*(AU5+AU12+AU29) -> 75 | AV80: =(AV5+AV12+AV29)+2*(AW5+AW12+AW29) -> 57 | AX80: =(AX5+AX12+AX29)+2*(AY5+AY12+AY29) -> 111 | AZ80: =(AZ5+AZ12+AZ29)+2*(BA5+BA12+BA29) -> 101 | BB80: =(BB5+BB12+BB29)+2*(BC5+BC12+BC29) -> 93 | BD80: =(BD5+BD12+BD29)+2*(BE5+BE12+BE29) -> 111 | BF80: =(BF5+BF12+BF29)+2*(BG5+BG12+BG29) -> 110 | BH80: =(BH5+BH12+BH29)+2*(BI5+BI12+BI29) -> 75 | BJ80: =(BJ5+BJ12+BJ29)+2*(BK5+BK12+BK29) -> 57 | BL80: =(BL5+BL12+BL29)+2*(BM5+BM12+BM29) -> 115
A81: LI - PU | D81: =(D8+D15+D32)+2*(E8+E15+E32) -> 92 | F81: =(F8+F15+F32)+2*(G8+G15+G32) -> 57 | H81: =(H8+H15+H32)+2*(I8+I15+I32) -> 107 | J81: =(J8+J15+J32)+2*(K8+K15+K32) -> 107 | L81: =(L8+L15+L32)+2*(M8+M15+M32) -> 107 | N81: =(N8+N15+N32)+2*(O8+O15+O32) -> 107 | P81: =(P8+P15+P32)+2*(Q8+Q15+Q32) -> 107 | R81: =(R8+R15+R32)+2*(S8+S15+S32) -> 75 | T81: =(T8+T15+T32)+2*(U8+U15+U32) -> 57 | V81: =(V8+V15+V32)+2*(W8+W15+W32) -> 107 | X81: =(X8+X15+X32)+2*(Y8+Y15+Y32) -> 94 | Z81: =(Z8+Z15+Z32)+2*(AA8+AA15+AA32) -> 108 | AB81: =(AB8+AB15+AB32)+2*(AC8+AC15+AC32) -> 111 | AD81: =(AD8+AD15+AD32)+2*(AE8+AE15+AE32) -> 111 | AF81: =(AF8+AF15+AF32)+2*(AG8+AG15+AG32) -> 75 | AH81: =(AH8+AH15+AH32)+2*(AI8+AI15+AI32) -> 57 | AJ81: =(AJ8+AJ15+AJ32)+2*(AK8+AK15+AK32) -> 107 | AL81: =(AL8+AL15+AL32)+2*(AM8+AM15+AM32) -> 109 | AN81: =(AN8+AN15+AN32)+2*(AO8+AO15+AO32) -> 110 | AP81: =(AP8+AP15+AP32)+2*(AQ8+AQ15+AQ32) -> 109 | AR81: =(AR8+AR15+AR32)+2*(AS8+AS15+AS32) -> 111 | AT81: =(AT8+AT15+AT32)+2*(AU8+AU15+AU32) -> 75 | AV81: =(AV8+AV15+AV32)+2*(AW8+AW15+AW32) -> 57 | AX81: =(AX8+AX15+AX32)+2*(AY8+AY15+AY32) -> 111 | AZ81: =(AZ8+AZ15+AZ32)+2*(BA8+BA15+BA32) -> 100 | BB81: =(BB8+BB15+BB32)+2*(BC8+BC15+BC32) -> 86 | BD81: =(BD8+BD15+BD32)+2*(BE8+BE15+BE32) -> 111 | BF81: =(BF8+BF15+BF32)+2*(BG8+BG15+BG32) -> 110 | BH81: =(BH8+BH15+BH32)+2*(BI8+BI15+BI32) -> 75 | BJ81: =(BJ8+BJ15+BJ32)+2*(BK8+BK15+BK32) -> 57 | BL81: =(BL8+BL15+BL32)+2*(BM8+BM15+BM32) -> 110
A82: PU - SA | D82: =(D3+D10+D27)+2*(E3+E10+E27) -> 0 | F82: =(F3+F10+F27)+2*(G3+G10+G27) -> 0 | H82: =(H3+H10+H27)+2*(I3+I10+I27) -> 36 | J82: =(J3+J10+J27)+2*(K3+K10+K27) -> 36 | L82: =(L3+L10+L27)+2*(M3+M10+M27) -> 36 | N82: =(N3+N10+N27)+2*(O3+O10+O27) -> 36 | P82: =(P3+P10+P27)+2*(Q3+Q10+Q27) -> 36 | R82: =(R3+R10+R27)+2*(S3+S10+S27) -> 0 | T82: =(T3+T10+T27)+2*(U3+U10+U27) -> 0 | V82: =(V3+V10+V27)+2*(W3+W10+W27) -> 36 | X82: =(X3+X10+X27)+2*(Y3+Y10+Y27) -> 33 | Z82: =(Z3+Z10+Z27)+2*(AA3+AA10+AA27) -> 36 | AB82: =(AB3+AB10+AB27)+2*(AC3+AC10+AC27) -> 36 | AD82: =(AD3+AD10+AD27)+2*(AE3+AE10+AE27) -> 36 | AF82: =(AF3+AF10+AF27)+2*(AG3+AG10+AG27) -> 0 | AH82: =(AH3+AH10+AH27)+2*(AI3+AI10+AI27) -> 0 | AJ82: =(AJ3+AJ10+AJ27)+2*(AK3+AK10+AK27) -> 37 | AL82: =(AL3+AL10+AL27)+2*(AM3+AM10+AM27) -> 37 | AN82: =(AN3+AN10+AN27)+2*(AO3+AO10+AO27) -> 37 | AP82: =(AP3+AP10+AP27)+2*(AQ3+AQ10+AQ27) -> 37 | AR82: =(AR3+AR10+AR27)+2*(AS3+AS10+AS27) -> 36 | AT82: =(AT3+AT10+AT27)+2*(AU3+AU10+AU27) -> 0 | AV82: =(AV3+AV10+AV27)+2*(AW3+AW10+AW27) -> 0 | AX82: =(AX3+AX10+AX27)+2*(AY3+AY10+AY27) -> 37 | AZ82: =(AZ3+AZ10+AZ27)+2*(BA3+BA10+BA27) -> 37 | BB82: =(BB3+BB10+BB27)+2*(BC3+BC10+BC27) -> 33 | BD82: =(BD3+BD10+BD27)+2*(BE3+BE10+BE27) -> 37 | BF82: =(BF3+BF10+BF27)+2*(BG3+BG10+BG27) -> 37 | BH82: =(BH3+BH10+BH27)+2*(BI3+BI10+BI27) -> 0 | BJ82: =(BJ3+BJ10+BJ27)+2*(BK3+BK10+BK27) -> 0 | BL82: =(BL3+BL10+BL27)+2*(BM3+BM10+BM27) -> 37
A83: SA - PU | D83: =(D6+D13+D30)+2*(E6+E13+E30) -> 0 | F83: =(F6+F13+F30)+2*(G6+G13+G30) -> 0 | H83: =(H6+H13+H30)+2*(I6+I13+I30) -> 35 | J83: =(J6+J13+J30)+2*(K6+K13+K30) -> 35 | L83: =(L6+L13+L30)+2*(M6+M13+M30) -> 35 | N83: =(N6+N13+N30)+2*(O6+O13+O30) -> 35 | P83: =(P6+P13+P30)+2*(Q6+Q13+Q30) -> 35 | R83: =(R6+R13+R30)+2*(S6+S13+S30) -> 0 | T83: =(T6+T13+T30)+2*(U6+U13+U30) -> 0 | V83: =(V6+V13+V30)+2*(W6+W13+W30) -> 35 | X83: =(X6+X13+X30)+2*(Y6+Y13+Y30) -> 31 | Z83: =(Z6+Z13+Z30)+2*(AA6+AA13+AA30) -> 35 | AB83: =(AB6+AB13+AB30)+2*(AC6+AC13+AC30) -> 35 | AD83: =(AD6+AD13+AD30)+2*(AE6+AE13+AE30) -> 35 | AF83: =(AF6+AF13+AF30)+2*(AG6+AG13+AG30) -> 0 | AH83: =(AH6+AH13+AH30)+2*(AI6+AI13+AI30) -> 0 | AJ83: =(AJ6+AJ13+AJ30)+2*(AK6+AK13+AK30) -> 37 | AL83: =(AL6+AL13+AL30)+2*(AM6+AM13+AM30) -> 36 | AN83: =(AN6+AN13+AN30)+2*(AO6+AO13+AO30) -> 36 | AP83: =(AP6+AP13+AP30)+2*(AQ6+AQ13+AQ30) -> 36 | AR83: =(AR6+AR13+AR30)+2*(AS6+AS13+AS30) -> 36 | AT83: =(AT6+AT13+AT30)+2*(AU6+AU13+AU30) -> 0 | AV83: =(AV6+AV13+AV30)+2*(AW6+AW13+AW30) -> 0 | AX83: =(AX6+AX13+AX30)+2*(AY6+AY13+AY30) -> 36 | AZ83: =(AZ6+AZ13+AZ30)+2*(BA6+BA13+BA30) -> 36 | BB83: =(BB6+BB13+BB30)+2*(BC6+BC13+BC30) -> 31 | BD83: =(BD6+BD13+BD30)+2*(BE6+BE13+BE30) -> 36 | BF83: =(BF6+BF13+BF30)+2*(BG6+BG13+BG30) -> 36 | BH83: =(BH6+BH13+BH30)+2*(BI6+BI13+BI30) -> 0 | BJ83: =(BJ6+BJ13+BJ30)+2*(BK6+BK13+BK30) -> 0 | BL83: =(BL6+BL13+BL30)+2*(BM6+BM13+BM30) -> 37
A84: PU-EB | D84: =(D4+D11+D28)+2*(E4+E11+E28) -> 0 | F84: =(F4+F11+F28)+2*(G4+G11+G28) -> 0 | H84: =(H4+H11+H28)+2*(I4+I11+I28) -> 0 | J84: =(J4+J11+J28)+2*(K4+K11+K28) -> 0 | L84: =(L4+L11+L28)+2*(M4+M11+M28) -> 0 | N84: =(N4+N11+N28)+2*(O4+O11+O28) -> 0 | P84: =(P4+P11+P28)+2*(Q4+Q11+Q28) -> 0 | R84: =(R4+R11+R28)+2*(S4+S11+S28) -> 0 | T84: =(T4+T11+T28)+2*(U4+U11+U28) -> 0 | V84: =(V4+V11+V28)+2*(W4+W11+W28) -> 0 | X84: =(X4+X11+X28)+2*(Y4+Y11+Y28) -> 0 | Z84: =(Z4+Z11+Z28)+2*(AA4+AA11+AA28) -> 0 | AB84: =(AB4+AB11+AB28)+2*(AC4+AC11+AC28) -> 0 | AD84: =(AD4+AD11+AD28)+2*(AE4+AE11+AE28) -> 0 | AF84: =(AF4+AF11+AF28)+2*(AG4+AG11+AG28) -> 0 | AH84: =(AH4+AH11+AH28)+2*(AI4+AI11+AI28) -> 0 | AJ84: =(AJ4+AJ11+AJ28)+2*(AK4+AK11+AK28) -> 0 | AL84: =(AL4+AL11+AL28)+2*(AM4+AM11+AM28) -> 0 | AN84: =(AN4+AN11+AN28)+2*(AO4+AO11+AO28) -> 0 | AP84: =(AP4+AP11+AP28)+2*(AQ4+AQ11+AQ28) -> 0 | AR84: =(AR4+AR11+AR28)+2*(AS4+AS11+AS28) -> 0 | AT84: =(AT4+AT11+AT28)+2*(AU4+AU11+AU28) -> 0 | AV84: =(AV4+AV11+AV28)+2*(AW4+AW11+AW28) -> 0 | AX84: =(AX4+AX11+AX28)+2*(AY4+AY11+AY28) -> 0 | AZ84: =(AZ4+AZ11+AZ28)+2*(BA4+BA11+BA28) -> 0 | BB84: =(BB4+BB11+BB28)+2*(BC4+BC11+BC28) -> 0 | BD84: =(BD4+BD11+BD28)+2*(BE4+BE11+BE28) -> 0 | BF84: =(BF4+BF11+BF28)+2*(BG4+BG11+BG28) -> 0 | BH84: =(BH4+BH11+BH28)+2*(BI4+BI11+BI28) -> 0 | BJ84: =(BJ4+BJ11+BJ28)+2*(BK4+BK11+BK28) -> 0 | BL84: =(BL4+BL11+BL28)+2*(BM4+BM11+BM28) -> 0
A85: EB-PU | D85: =(D7+D14+D31)+2*(E7+E14+E31) -> 0 | F85: =(F7+F14+F31)+2*(G7+G14+G31) -> 0 | H85: =(H7+H14+H31)+2*(I7+I14+I31) -> 1 | J85: =(J7+J14+J31)+2*(K7+K14+K31) -> 1 | L85: =(L7+L14+L31)+2*(M7+M14+M31) -> 1 | N85: =(N7+N14+N31)+2*(O7+O14+O31) -> 1 | P85: =(P7+P14+P31)+2*(Q7+Q14+Q31) -> 1 | R85: =(R7+R14+R31)+2*(S7+S14+S31) -> 0 | T85: =(T7+T14+T31)+2*(U7+U14+U31) -> 0 | V85: =(V7+V14+V31)+2*(W7+W14+W31) -> 1 | X85: =(X7+X14+X31)+2*(Y7+Y14+Y31) -> 1 | Z85: =(Z7+Z14+Z31)+2*(AA7+AA14+AA31) -> 1 | AB85: =(AB7+AB14+AB31)+2*(AC7+AC14+AC31) -> 1 | AD85: =(AD7+AD14+AD31)+2*(AE7+AE14+AE31) -> 1 | AF85: =(AF7+AF14+AF31)+2*(AG7+AG14+AG31) -> 0 | AH85: =(AH7+AH14+AH31)+2*(AI7+AI14+AI31) -> 0 | AJ85: =(AJ7+AJ14+AJ31)+2*(AK7+AK14+AK31) -> 1 | AL85: =(AL7+AL14+AL31)+2*(AM7+AM14+AM31) -> 1 | AN85: =(AN7+AN14+AN31)+2*(AO7+AO14+AO31) -> 1 | AP85: =(AP7+AP14+AP31)+2*(AQ7+AQ14+AQ31) -> 1 | AR85: =(AR7+AR14+AR31)+2*(AS7+AS14+AS31) -> 1 | AT85: =(AT7+AT14+AT31)+2*(AU7+AU14+AU31) -> 0 | AV85: =(AV7+AV14+AV31)+2*(AW7+AW14+AW31) -> 0 | AX85: =(AX7+AX14+AX31)+2*(AY7+AY14+AY31) -> 1 | AZ85: =(AZ7+AZ14+AZ31)+2*(BA7+BA14+BA31) -> 1 | BB85: =(BB7+BB14+BB31)+2*(BC7+BC14+BC31) -> 1 | BD85: =(BD7+BD14+BD31)+2*(BE7+BE14+BE31) -> 1 | BF85: =(BF7+BF14+BF31)+2*(BG7+BG14+BG31) -> 1 | BH85: =(BH7+BH14+BH31)+2*(BI7+BI14+BI31) -> 0 | BJ85: =(BJ7+BJ14+BJ31)+2*(BK7+BK14+BK31) -> 0 | BL85: =(BL7+BL14+BL31)+2*(BM7+BM14+BM31) -> 1
A86: PU-ES | H86: 6
A87: ES-PU | H87: 4
A88: VM-LI | D88: =(D18)+2*(E18) -> 5 | F88: =(F18)+2*(G18) -> 5 | AX88: =(AX18)+2*(AY18) -> 0 | AZ88: =(AZ18)+2*(BA18) -> 0 | BB88: =(BB18)+2*(BC18) -> 0 | BD88: =(BD18)+2*(BE18) -> 0 | BF88: =(BF18)+2*(BG18) -> 0
A89: VM-PU | D89: =(D19)+2*(E19) -> 2 | F89: =(F19)+2*(G19) -> 2 | AX89: =(AX19)+2*(AY19) -> 0 | AZ89: =(AZ19)+2*(BA19) -> 0 | BB89: =(BB19)+2*(BC19) -> 0 | BD89: =(BD19)+2*(BE19) -> 0 | BF89: =(BF19)+2*(BG19) -> 0
A90: MI-SA | X90: =(X20)+2*(Y20) -> 1 | BB90: =(BB20)+2*(BC20) -> 2
A91: SA-MI | X91: =(X21)+2*(Y21) -> 4 | BB91: =(BB21)+2*(BC21) -> 4
A92: MI-LI | X92: =(X22)+2*(Y22) -> 10 | BB92: =(BB22)+2*(BC22) -> 20
A93: LI-MI | X93: =(X23)+2*(Y23) -> 14 | BB93: =(BB23)+2*(BC23) -> 21
A94: LI-PO | AZ94: =(AZ24)+2*(BA24) -> 10
A95: PO-LI | AZ95: =(AZ25)+2*(BA25) -> 10
AI110: 7 | AJ110: 0 | AK110: 2 | AL110: 8 | AM110: 0 | AN110: 5 | AP110: 15 | AQ110: 0 | AR110: 39 | AS110: 13 | AT110: 1 | AU110: 36 | AW110: 7 | AX110: 0 | AY110: 2 | AZ110: 6 | BA110: 0 | BB110: 5
AI111: 3 | AJ111: 0 | AK111: 8 | AL111: 2 | AM111: 0 | AN111: 5 | AP111: 1 | AQ111: 0 | AR111: 22 | AS111: 3 | AT111: 0 | AU111: 25 | AW111: 0 | AX111: 0 | AY111: 6 | AZ111: 0 | BA111: 0 | BB111: 2

Sheet Oferta Diaria
A1: Oferta Marzo 2025
C3: 45717 | D3: 45718 | E3: 45719 | F3: 45720 | G3: 45721 | H3: 45722 | I3: 45723 | J3: 45724 | K3: 45725 | L3: 45726 | M3: 45727 | N3: 45728 | O3: 45729 | P3: 45730 | Q3: 45731 | R3: 45732 | S3: 45733 | T3: 45734 | U3: 45735 | V3: 45736 | W3: 45737 | X3: 45738 | Y3: 45739 | Z3: 45740 | AA3: 45741 | AB3: 45742 | AC3: 45743 | AD3: 45744 | AE3: 45745 | AF3: 45746 | AG3: 45747
A4: HÁBIL | B4: km
A5: Servicios PU-LI | B5: 43.13 | C5: ='Data Ocupacion'!D62 -> 72 | D5: ='Data Ocupacion'!F62 -> 54 | E5: ='Data Ocupacion'!H62 -> 79 | F5: ='Data Ocupacion'!J62 -> 79 | G5: ='Data Ocupacion'!L62 -> 79 | H5: ='Data Ocupacion'!N62 -> 79 | I5: ='Data Ocupacion'!P62 -> 79 | J5: ='Data Ocupacion'!R62 -> 72 | K5: ='Data Ocupacion'!T62 -> 54 | L5: ='Data Ocupacion'!V62 -> 79 | M5: ='Data Ocupacion'!X62 -> 68 | N5: ='Data Ocupacion'!Z62 -> 79 | O5: ='Data Ocupacion'!AB62 -> 79 | P5: ='Data Ocupacion'!AD62 -> 79 | Q5: ='Data Ocupacion'!AF62 -> 72 | R5: ='Data Ocupacion'!AH62 -> 54 | S5: ='Data Ocupacion'!AJ62 -> 79 | T5: ='Data Ocupacion'!AL62 -> 79 | U5: ='Data Ocupacion'!AN62 -> 79 | V5: ='Data Ocupacion'!AP62 -> 79 | W5: ='Data Ocupacion'!AR62 -> 80 | X5: ='Data Ocupacion'!AT62 -> 72 | Y5: ='Data Ocupacion'!AV62 -> 54 | Z5: ='Data Ocupacion'!AX62 -> 79 | AA5: ='Data Ocupacion'!AZ62 -> 70 | AB5: ='Data Ocupacion'!BB62 -> 61 | AC5: ='Data Ocupacion'!BD62 -> 79 | AD5: ='Data Ocupacion'!BF62 -> 79 | AE5: ='Data Ocupacion'!BH62 -> 72 | AF5: ='Data Ocupacion'!BJ62 -> 54 | AG5: ='Data Ocupacion'!BL62 -> 79
A6: Servicios LI-PU | B6: 43.13 | C6: ='Data Ocupacion'!D63 -> 75 | D6: ='Data Ocupacion'!F63 -> 57 | E6: ='Data Ocupacion'!H63 -> 78 | F6: ='Data Ocupacion'!J63 -> 78 | G6: ='Data Ocupacion'!L63 -> 78 | H6: ='Data Ocupacion'!N63 -> 78 | I6: ='Data Ocupacion'!P63 -> 78 | J6: ='Data Ocupacion'!R63 -> 75 | K6: ='Data Ocupacion'!T63 -> 57 | L6: ='Data Ocupacion'!V63 -> 78 | M6: ='Data Ocupacion'!X63 -> 66 | N6: ='Data Ocupacion'!Z63 -> 78 | O6: ='Data Ocupacion'!AB63 -> 78 | P6: ='Data Ocupacion'!AD63 -> 78 | Q6: ='Data Ocupacion'!AF63 -> 75 | R6: ='Data Ocupacion'!AH63 -> 57 | S6: ='Data Ocupacion'!AJ63 -> 78 | T6: ='Data Ocupacion'!AL63 -> 78 | U6: ='Data Ocupacion'!AN63 -> 78 | V6: ='Data Ocupacion'!AP63 -> 78 | W6: ='Data Ocupacion'!AR63 -> 78 | X6: ='Data Ocupacion'!AT63 -> 75 | Y6: ='Data Ocupacion'!AV63 -> 57 | Z6: ='Data Ocupacion'!AX63 -> 78 | AA6: ='Data Ocupacion'!AZ63 -> 69 | AB6: ='Data Ocupacion'!BB63 -> 58 | AC6: ='Data Ocupacion'!BD63 -> 78 | AD6: ='Data Ocupacion'!BF63 -> 78 | AE6: ='Data Ocupacion'!BH63 -> 75 | AF6: ='Data Ocupacion'!BJ63 -> 57 | AG6: ='Data Ocupacion'!BL63 -> 78
A7: Servicios PU-SA | B7: 29.11 | C7: ='Data Ocupacion'!D64 -> 0 | D7: ='Data Ocupacion'!F64 -> 0 | E7: ='Data Ocupacion'!H64 -> 33 | F7: ='Data Ocupacion'!J64 -> 33 | G7: ='Data Ocupacion'!L64 -> 33 | H7: ='Data Ocupacion'!N64 -> 33 | I7: ='Data Ocupacion'!P64 -> 33 | J7: ='Data Ocupacion'!R64 -> 0 | K7: ='Data Ocupacion'!T64 -> 0 | L7: ='Data Ocupacion'!V64 -> 33 | M7: ='Data Ocupacion'!X64 -> 30 | N7: ='Data Ocupacion'!Z64 -> 33 | O7: ='Data Ocupacion'!AB64 -> 33 | P7: ='Data Ocupacion'!AD64 -> 33 | Q7: ='Data Ocupacion'!AF64 -> 0 | R7: ='Data Ocupacion'!AH64 -> 0 | S7: ='Data Ocupacion'!AJ64 -> 33 | T7: ='Data Ocupacion'!AL64 -> 33 | U7: ='Data Ocupacion'!AN64 -> 33 | V7: ='Data Ocupacion'!AP64 -> 33 | W7: ='Data Ocupacion'!AR64 -> 32 | X7: ='Data Ocupacion'!AT64 -> 0 | Y7: ='Data Ocupacion'!AV64 -> 0 | Z7: ='Data Ocupacion'!AX64 -> 33 | AA7: ='Data Ocupacion'!AZ64 -> 33 | AB7: ='Data Ocupacion'!BB64 -> 30 | AC7: ='Data Ocupacion'!BD64 -> 33 | AD7: ='Data Ocupacion'!BF64 -> 33 | AE7: ='Data Ocupacion'!BH64 -> 0 | AF7: ='Data Ocupacion'!BJ64 -> 0 | AG7: ='Data Ocupacion'!BL64 -> 33
A8: Servicios SA-PU | B8: 29.11 | C8: ='Data Ocupacion'!D65 -> 0 | D8: ='Data Ocupacion'!F65 -> 0 | E8: ='Data Ocupacion'!H65 -> 32 | F8: ='Data Ocupacion'!J65 -> 32 | G8: ='Data Ocupacion'!L65 -> 32 | H8: ='Data Ocupacion'!N65 -> 32 | I8: ='Data Ocupacion'!P65 -> 32 | J8: ='Data Ocupacion'!R65 -> 0 | K8: ='Data Ocupacion'!T65 -> 0 | L8: ='Data Ocupacion'!V65 -> 32 | M8: ='Data Ocupacion'!X65 -> 28 | N8: ='Data Ocupacion'!Z65 -> 32 | O8: ='Data Ocupacion'!AB65 -> 32 | P8: ='Data Ocupacion'!AD65 -> 32 | Q8: ='Data Ocupacion'!AF65 -> 0 | R8: ='Data Ocupacion'!AH65 -> 0 | S8: ='Data Ocupacion'!AJ65 -> 32 | T8: ='Data Ocupacion'!AL65 -> 32 | U8: ='Data Ocupacion'!AN65 -> 32 | V8: ='Data Ocupacion'!AP65 -> 32 | W8: ='Data Ocupacion'!AR65 -> 32 | X8: ='Data Ocupacion'!AT65 -> 0 | Y8: ='Data Ocupacion'!AV65 -> 0 | Z8: ='Data Ocupacion'!AX65 -> 32 | AA8: ='Data Ocupacion'!AZ65 -> 32 | AB8: ='Data Ocupacion'!BB65 -> 28 | AC8: ='Data Ocupacion'!BD65 -> 32 | AD8: ='Data Ocupacion'!BF65 -> 32 | AE8: ='Data Ocupacion'!BH65 -> 0 | AF8: ='Data Ocupacion'!BJ65 -> 0 | AG8: ='Data Ocupacion'!BL65 -> 32
A9: Servicios PU-EB | B9: 25.4 | C9: ='Data Ocupacion'!D66 -> 0 | D9: ='Data Ocupacion'!F66 -> 0 | E9: ='Data Ocupacion'!H66 -> 0 | F9: ='Data Ocupacion'!J66 -> 0 | G9: ='Data Ocupacion'!L66 -> 0 | H9: ='Data Ocupacion'!N66 -> 0 | I9: ='Data Ocupacion'!P66 -> 0 | J9: ='Data Ocupacion'!R66 -> 0 | K9: ='Data Ocupacion'!T66 -> 0 | L9: ='Data Ocupacion'!V66 -> 0 | M9: ='Data Ocupacion'!X66 -> 0 | N9: ='Data Ocupacion'!Z66 -> 0 | O9: ='Data Ocupacion'!AB66 -> 0 | P9: ='Data Ocupacion'!AD66 -> 0 | Q9: ='Data Ocupacion'!AF66 -> 0 | R9: ='Data Ocupacion'!AH66 -> 0 | S9: ='Data Ocupacion'!AJ66 -> 0 | T9: ='Data Ocupacion'!AL66 -> 0 | U9: ='Data Ocupacion'!AN66 -> 0 | V9: ='Data Ocupacion'!AP66 -> 0 | W9: ='Data Ocupacion'!AR66 -> 0 | X9: ='Data Ocupacion'!AT66 -> 0 | Y9: ='Data Ocupacion'!AV66 -> 0 | Z9: ='Data Ocupacion'!AX66 -> 0 | AA9: ='Data Ocupacion'!AZ66 -> 0 | AB9: ='Data Ocupacion'!BB66 -> 0 | AC9: ='Data Ocupacion'!BD66 -> 0 | AD9: ='Data Ocupacion'!BF66 -> 0 | AE9: ='Data Ocupacion'!BH66 -> 0 | AF9: ='Data Ocupacion'!BJ66 -> 0 | AG9: ='Data Ocupacion'!BL66 -> 0
A10: Servicios EB-PU | B10: 25.4 | C10: ='Data Ocupacion'!D67 -> 0 | D10: ='Data Ocupacion'!F67 -> 0 | E10: ='Data Ocupacion'!H67 -> 1 | F10: ='Data Ocupacion'!J67 -> 1 | G10: ='Data Ocupacion'!L67 -> 1 | H10: ='Data Ocupacion'!N67 -> 1 | I10: ='Data Ocupacion'!P67 -> 1 | J10: ='Data Ocupacion'!R67 -> 0 | K10: ='Data Ocupacion'!T67 -> 0 | L10: ='Data Ocupacion'!V67 -> 1 | M10: ='Data Ocupacion'!X67 -> 1 | N10: ='Data Ocupacion'!Z67 -> 1 | O10: ='Data Ocupacion'!AB67 -> 1 | P10: ='Data Ocupacion'!AD67 -> 1 | Q10: ='Data Ocupacion'!AF67 -> 0 | R10: ='Data Ocupacion'!AH67 -> 0 | S10: ='Data Ocupacion'!AJ67 -> 1 | T10: ='Data Ocupacion'!AL67 -> 1 | U10: ='Data Ocupacion'!AN67 -> 1 | V10: ='Data Ocupacion'!AP67 -> 1 | W10: ='Data Ocupacion'!AR67 -> 1 | X10: ='Data Ocupacion'!AT67 -> 0 | Y10: ='Data Ocupacion'!AV67 -> 0 | Z10: ='Data Ocupacion'!AX67 -> 1 | AA10: ='Data Ocupacion'!AZ67 -> 1 | AB10: ='Data Ocupacion'!BB67 -> 1 | AC10: ='Data Ocupacion'!BD67 -> 1 | AD10: ='Data Ocupacion'!BF67 -> 1 | AE10: ='Data Ocupacion'!BH67 -> 0 | AF10: ='Data Ocupacion'!BJ67 -> 0 | AG10: ='Data Ocupacion'!BL67 -> 1
A11: Servicios PU-ES | B11: 11.71
A12: Servicios ES-PU | B12: 11.71
A13: Servicios VM-LI | B13: 34.83 | C13: ='Data Ocupacion'!D70 -> 4 | D13: ='Data Ocupacion'!F70 -> 4
A14: Servicios VM-PU | B14: 8.3 | C14: ='Data Ocupacion'!D71 -> 2 | D14: ='Data Ocupacion'!F71 -> 2
A15: Servicios MI-SA | B15: 21.7 | M15: ='Data Ocupacion'!X72 -> 1 | AB15: ='Data Ocupacion'!BB72 -> 2
A16: Servicios SA-MI | B16: 21.7 | M16: ='Data Ocupacion'!X73 -> 4 | AB16: ='Data Ocupacion'!BB73 -> 3
A17: Servicios LI-PO | B17: 39.19 | AA17: ='Data Ocupacion'!AZ76 -> 9
A18: Servicios PO-LI | B18: 39.19 | AA18: ='Data Ocupacion'!AZ77 -> 9
A19: Servicios MI-LI | B19: 35.73 | M19: ='Data Ocupacion'!X74 -> 6 | AB19: ='Data Ocupacion'!BB74 -> 15
A20: Servicios LI-MI | B20: 35.73 | M20: ='Data Ocupacion'!X75 -> 12 | AB20: ='Data Ocupacion'!BB75 -> 16
A22: Trenes PU-LI | B22: 43.13 | C22: ='Data Ocupacion'!D80 -> 90 | D22: ='Data Ocupacion'!F80 -> 56 | E22: ='Data Ocupacion'!H80 -> 107 | F22: ='Data Ocupacion'!J80 -> 107 | G22: ='Data Ocupacion'!L80 -> 107 | H22: ='Data Ocupacion'!N80 -> 110 | I22: ='Data Ocupacion'!P80 -> 108 | J22: ='Data Ocupacion'!R80 -> 75 | K22: ='Data Ocupacion'!T80 -> 57 | L22: ='Data Ocupacion'!V80 -> 107 | M22: ='Data Ocupacion'!X80 -> 95 | N22: ='Data Ocupacion'!Z80 -> 108 | O22: ='Data Ocupacion'!AB80 -> 111 | P22: ='Data Ocupacion'!AD80 -> 111 | Q22: ='Data Ocupacion'!AF80 -> 75 | R22: ='Data Ocupacion'!AH80 -> 57 | S22: ='Data Ocupacion'!AJ80 -> 108 | T22: ='Data Ocupacion'!AL80 -> 109 | U22: ='Data Ocupacion'!AN80 -> 110 | V22: ='Data Ocupacion'!AP80 -> 111 | W22: ='Data Ocupacion'!AR80 -> 114 | X22: ='Data Ocupacion'!AT80 -> 75 | Y22: ='Data Ocupacion'!AV80 -> 57 | Z22: ='Data Ocupacion'!AX80 -> 111 | AA22: ='Data Ocupacion'!AZ80 -> 101 | AB22: ='Data Ocupacion'!BB80 -> 93 | AC22: ='Data Ocupacion'!BD80 -> 111 | AD22: ='Data Ocupacion'!BF80 -> 110 | AE22: ='Data Ocupacion'!BH80 -> 75 | AF22: ='Data Ocupacion'!BJ80 -> 57 | AG22: ='Data Ocupacion'!BL80 -> 115
A23: Trenes LI-PU | B23: 43.13 | C23: ='Data Ocupacion'!D81 -> 92 | D23: ='Data Ocupacion'!F81 -> 57 | E23: ='Data Ocupacion'!H81 -> 107 | F23: ='Data Ocupacion'!J81 -> 107 | G23: ='Data Ocupacion'!L81 -> 107 | H23: ='Data Ocupacion'!N81 -> 107 | I23: ='Data Ocupacion'!P81 -> 107 | J23: ='Data Ocupacion'!R81 -> 75 | K23: ='Data Ocupacion'!T81 -> 57 | L23: ='Data Ocupacion'!V81 -> 107 | M23: ='Data Ocupacion'!X81 -> 94 | N23: ='Data Ocupacion'!Z81 -> 108 | O23: ='Data Ocupacion'!AB81 -> 111 | P23: ='Data Ocupacion'!AD81 -> 111 | Q23: ='Data Ocupacion'!AF81 -> 75 | R23: ='Data Ocupacion'!AH81 -> 57 | S23: ='Data Ocupacion'!AJ81 -> 107 | T23: ='Data Ocupacion'!AL81 -> 109 | U23: ='Data Ocupacion'!AN81 -> 110 | V23: ='Data Ocupacion'!AP81 -> 109 | W23: ='Data Ocupacion'!AR81 -> 111 | X23: ='Data Ocupacion'!AT81 -> 75 | Y23: ='Data Ocupacion'!AV81 -> 57 | Z23: ='Data Ocupacion'!AX81 -> 111 | AA23: ='Data Ocupacion'!AZ81 -> 100 | AB23: ='Data Ocupacion'!BB81 -> 86 | AC23: ='Data Ocupacion'!BD81 -> 111 | AD23: ='Data Ocupacion'!BF81 -> 110 | AE23: ='Data Ocupacion'!BH81 -> 75 | AF23: ='Data Ocupacion'!BJ81 -> 57 | AG23: ='Data Ocupacion'!BL81 -> 110
A24: Trenes PU-SA | B24: 29.11 | C24: ='Data Ocupacion'!D82 -> 0 | D24: ='Data Ocupacion'!F82 -> 0 | E24: ='Data Ocupacion'!H82 -> 36 | F24: ='Data Ocupacion'!J82 -> 36 | G24: ='Data Ocupacion'!L82 -> 36 | H24: ='Data Ocupacion'!N82 -> 36 | I24: ='Data Ocupacion'!P82 -> 36 | J24: ='Data Ocupacion'!R82 -> 0 | K24: ='Data Ocupacion'!T82 -> 0 | L24: ='Data Ocupacion'!V82 -> 36 | M24: ='Data Ocupacion'!X82 -> 33 | N24: ='Data Ocupacion'!Z82 -> 36 | O24: ='Data Ocupacion'!AB82 -> 36 | P24: ='Data Ocupacion'!AD82 -> 36 | Q24: ='Data Ocupacion'!AF82 -> 0 | R24: ='Data Ocupacion'!AH82 -> 0 | S24: ='Data Ocupacion'!AJ82 -> 37 | T24: ='Data Ocupacion'!AL82 -> 37 | U24: ='Data Ocupacion'!AN82 -> 37 | V24: ='Data Ocupacion'!AP82 -> 37 | W24: ='Data Ocupacion'!AR82 -> 36 | X24: ='Data Ocupacion'!AT82 -> 0 | Y24: ='Data Ocupacion'!AV82 -> 0 | Z24: ='Data Ocupacion'!AX82 -> 37 | AA24: ='Data Ocupacion'!AZ82 -> 37 | AB24: ='Data Ocupacion'!BB82 -> 33 | AC24: ='Data Ocupacion'!BD82 -> 37 | AD24: ='Data Ocupacion'!BF82 -> 37 | AE24: ='Data Ocupacion'!BH82 -> 0 | AF24: ='Data Ocupacion'!BJ82 -> 0 | AG24: ='Data Ocupacion'!BL82 -> 37
A25: Trenes SA-PU | B25: 29.11 | C25: ='Data Ocupacion'!D83 -> 0 | D25: ='Data Ocupacion'!F83 -> 0 | E25: ='Data Ocupacion'!H83 -> 35 | F25: ='Data Ocupacion'!J83 -> 35 | G25: ='Data Ocupacion'!L83 -> 35 | H25: ='Data Ocupacion'!N83 -> 35 | I25: ='Data Ocupacion'!P83 -> 35 | J25: ='Data Ocupacion'!R83 -> 0 | K25: ='Data Ocupacion'!T83 -> 0 | L25: ='Data Ocupacion'!V83 -> 35 | M25: ='Data Ocupacion'!X83 -> 31 | N25: ='Data Ocupacion'!Z83 -> 35 | O25: ='Data Ocupacion'!AB83 -> 35 | P25: ='Data Ocupacion'!AD83 -> 35 | Q25: ='Data Ocupacion'!AF83 -> 0 | R25: ='Data Ocupacion'!AH83 -> 0 | S25: ='Data Ocupacion'!AJ83 -> 37 | T25: ='Data Ocupacion'!AL83 -> 36 | U25: ='Data Ocupacion'!AN83 -> 36 | V25: ='Data Ocupacion'!AP83 -> 36 | W25: ='Data Ocupacion'!AR83 -> 36 | X25: ='Data Ocupacion'!AT83 -> 0 | Y25: ='Data Ocupacion'!AV83 -> 0 | Z25: ='Data Ocupacion'!AX83 -> 36 | AA25: ='Data Ocupacion'!AZ83 -> 36 | AB25: ='Data Ocupacion'!BB83 -> 31 | AC25: ='Data Ocupacion'!BD83 -> 36 | AD25: ='Data Ocupacion'!BF83 -> 36 | AE25: ='Data Ocupacion'!BH83 -> 0 | AF25: ='Data Ocupacion'!BJ83 -> 0 | AG25: ='Data Ocupacion'!BL83 -> 37
A26: Trenes EB-PU | B26: 25.4 | C26: ='Data Ocupacion'!D85 -> 0 | D26: ='Data Ocupacion'!F85 -> 0 | E26: ='Data Ocupacion'!H85 -> 1 | F26: ='Data Ocupacion'!J85 -> 1 | G26: ='Data Ocupacion'!L85 -> 1 | H26: ='Data Ocupacion'!N85 -> 1 | I26: ='Data Ocupacion'!P85 -> 1 | J26: ='Data Ocupacion'!R85 -> 0 | K26: ='Data Ocupacion'!T85 -> 0 | L26: ='Data Ocupacion'!V85 -> 1 | M26: ='Data Ocupacion'!X85 -> 1 | N26: ='Data Ocupacion'!Z85 -> 1 | O26: ='Data Ocupacion'!AB85 -> 1 | P26: ='Data Ocupacion'!AD85 -> 1 | Q26: ='Data Ocupacion'!AF85 -> 0 | R26: ='Data Ocupacion'!AH85 -> 0 | S26: ='Data Ocupacion'!AJ85 -> 1 | T26: ='Data Ocupacion'!AL85 -> 1 | U26: ='Data Ocupacion'!AN85 -> 1 | V26: ='Data Ocupacion'!AP85 -> 1 | W26: ='Data Ocupacion'!AR85 -> 1 | X26: ='Data Ocupacion'!AT85 -> 0 | Y26: ='Data Ocupacion'!AV85 -> 0 | Z26: ='Data Ocupacion'!AX85 -> 1 | AA26: ='Data Ocupacion'!AZ85 -> 1 | AB26: ='Data Ocupacion'!BB85 -> 1 | AC26: ='Data Ocupacion'!BD85 -> 1 | AD26: ='Data Ocupacion'!BF85 -> 1 | AE26: ='Data Ocupacion'!BH85 -> 0 | AF26: ='Data Ocupacion'!BJ85 -> 0 | AG26: ='Data Ocupacion'!BL85 -> 1
A27: Trenes PU-EB | B27: 25.4 | C27: 0 | D27: 0 | E27: 0 | F27: 0 | G27: 0 | H27: 0 | I27: 0 | J27: 0 | K27: 0 | L27: 0 | M27: 0 | N27: 0 | O27: 0 | P27: 0 | Q27: 0 | R27: 0 | S27: 0 | T27: 0 | U27: 0 | V27: 0 | W27: 0 | X27: 0 | Y27: 0 | Z27: 0 | AA27: 0 | AB27: 0 | AC27: 0 | AD27: 0 | AE27: 0 | AF27: 0 | AG27: 0
A28: Trenes PU-ES | B28: 11.71
A29: Trenes ES-PU | B29: 11.71
A30: Trenes VM-LI | B30: 34.83 | C30: ='Data Ocupacion'!D88 -> 5 | D30: ='Data Ocupacion'!F88 -> 5
A31: Trenes VM-PU | B31: 8.3 | C31: ='Data Ocupacion'!D89 -> 2 | D31: ='Data Ocupacion'!F89 -> 2
A32: Trenes MI-SA | B32: 21.7 | M32: ='Data Ocupacion'!X90 -> 1 | AB32: ='Data Ocupacion'!BB90 -> 2
A33: Trenes SA-MI | B33: 21.7 | M33: ='Data Ocupacion'!X91 -> 4 | AB33: ='Data Ocupacion'!BB91 -> 4
A34: Trenes LI-PO | B34: 39.19 | AA34: ='Data Ocupacion'!AZ94 -> 10
A35: Trenes PO-LI | B35: 39.19 | AA35: ='Data Ocupacion'!AZ95 -> 10
A36: Trenes MI-LI | B36: 35.73 | M36: ='Data Ocupacion'!X92 -> 10 | AB36: ='Data Ocupacion'!BB92 -> 20
A37: Trenes LI-MI | B37: 35.73 | M37: ='Data Ocupacion'!X93 -> 14 | AB37: ='Data Ocupacion'!BB93 -> 21
A39: Corte EB (600) | B39: -17.73 | C39: ='KM-Servicio'!Q5 -> 0 | D39: ='KM-Servicio'!Q14 -> 0 | E39: ='KM-Servicio'!Q23 -> 1 | F39: ='KM-Servicio'!Q30 -> 2 | G39: ='KM-Servicio'!Q37 -> 2 | H39: ='KM-Servicio'!Q44 -> 1 | I39: ='KM-Servicio'!Q51 -> 1 | J39: ='KM-Servicio'!Q58 -> 0 | K39: ='KM-Servicio'!Q65 -> 0 | L39: ='KM-Servicio'!Q72 -> 2 | M39: ='KM-Servicio'!Q79 -> 0 | N39: ='KM-Servicio'!Q90 -> 3 | O39: ='KM-Servicio'!Q97 -> 3 | P39: ='KM-Servicio'!Q104 -> 0 | Q39: ='KM-Servicio'!Q111 -> 0 | R39: ='KM-Servicio'!Q118 -> 0 | S39: ='KM-Servicio'!Q125 -> 1 | T39: ='KM-Servicio'!Q132 -> 3 | U39: ='KM-Servicio'!Q139 -> 3 | V39: ='KM-Servicio'!Q146 -> 3 | W39: ='KM-Servicio'!Q153 -> 1 | X39: ='KM-Servicio'!Q160 -> 0 | Z39: ='KM-Servicio'!Q174 -> 3 | AA39: ='KM-Servicio'!Q181 -> 0 | AB39: ='KM-Servicio'!Q190 -> 0 | AC39: ='KM-Servicio'!Q201 -> 0 | AD39: ='KM-Servicio'!Q208 -> 0 | AE39: ='KM-Servicio'!Q215 -> 0 | AF39: ='KM-Servicio'!Q222 -> 0 | AG39: ='KM-Servicio'!Q229 -> 4
A40: Acople EB (600) | B40: -17.73 | C40: ='KM-Servicio'!T6 -> 4 | D40: ='KM-Servicio'!T15 -> 0 | E40: ='KM-Servicio'!T24 -> 0 | F40: ='KM-Servicio'!T31 -> 0 | G40: ='KM-Servicio'!T38 -> 0 | H40: ='KM-Servicio'!T45 -> 1 | I40: ='KM-Servicio'!T52 -> 0 | J40: ='KM-Servicio'!T59 -> 0 | K40: ='KM-Servicio'!T66 -> 0 | L40: ='KM-Servicio'!T73 -> 0 | M40: ='KM-Servicio'!T80 -> 0 | N40: ='KM-Servicio'!T91 -> 0 | O40: ='KM-Servicio'!T98 -> 0 | P40: ='KM-Servicio'!T105 -> 0 | Q40: ='KM-Servicio'!T112 -> 0 | R40: ='KM-Servicio'!T119 -> 0 | S40: ='KM-Servicio'!T126 -> 0 | T40: ='KM-Servicio'!T133 -> 0 | U40: ='KM-Servicio'!T140 -> 0 | V40: ='KM-Servicio'!T147 -> 0 | W40: ='KM-Servicio'!T154 -> 0 | X40: ='KM-Servicio'!T161 -> 0 | Y40: ='KM-Servicio'!T168 -> 0 | Z40: ='KM-Servicio'!T175 -> 0 | AA40: ='KM-Servicio'!T182 -> 0 | AB40: ='KM-Servicio'!T191 -> 0 | AC40: 0 | AD40: ='KM-Servicio'!T209 -> 0 | AE40: ='KM-Servicio'!T216 -> 0 | AF40: ='KM-Servicio'!T223 -> 0 | AG40: ='KM-Servicio'!T230 -> 0
A41: Acople/Corte SA (600) | B41: -14.02 | C41: ='KM-Servicio'!U6 -> 0 | D41: ='KM-Servicio'!U15 -> 0 | E41: ='KM-Servicio'!U24 -> 0 | F41: ='KM-Servicio'!U31 -> 0 | G41: ='KM-Servicio'!U38 -> 0 | H41: ='KM-Servicio'!U45 -> 0 | I41: ='KM-Servicio'!U52 -> 0 | J41: ='KM-Servicio'!U59 -> 0 | K41: ='KM-Servicio'!U66 -> 0 | L41: ='KM-Servicio'!U73 -> 0 | M41: ='KM-Servicio'!U80 -> 0 | N41: ='KM-Servicio'!U91 -> 0 | O41: ='KM-Servicio'!U98 -> 0 | P41: ='KM-Servicio'!U105 -> 0 | Q41: ='KM-Servicio'!U112 -> 0 | R41: ='KM-Servicio'!U119 -> 0 | S41: ='KM-Servicio'!U126 -> 0 | T41: ='KM-Servicio'!U133 -> 0 | U41: ='KM-Servicio'!U140 -> 0 | V41: ='KM-Servicio'!U147 -> 0 | W41: ='KM-Servicio'!U154 -> 0 | X41: ='KM-Servicio'!U161 -> 0 | Y41: ='KM-Servicio'!U168 -> 0 | Z41: ='KM-Servicio'!U175 -> 0 | AA41: ='KM-Servicio'!U182 -> 0 | AB41: ='KM-Servicio'!U191 -> 0 | AC41: ='KM-Servicio'!U202 -> 0 | AD41: ='KM-Servicio'!U209 -> 0 | AE41: ='KM-Servicio'!U216 -> 0 | AF41: ='KM-Servicio'!U223 -> 0 | AG41: ='KM-Servicio'!U230 -> 0
A42: Corte EB (400) | B42: -3.71 | E42: ='KM-Servicio'!Q25 -> 0 | G42: ='KM-Servicio'!Q39 -> 0 | N42: ='KM-Servicio'!Q92 -> 0
A43: Acople EB (600) vía 1 | B43: -25.4 | G43: 1 | H43: 3 | M43: 1 | N43: 3 | O43: 2 | P43: 1 | U43: 1 | V43: 2 | AC43: 4 | AD43: 3 | AG43: 5
A44: Acople PE (600) via 2 | B44: -12.72 | L44: 1
A46: Servicios | B46: =SUM(C46:AG46) -> 5969 | C46: =SUM(C5:C14) -> 153 | D46: =SUM(D5:D14) -> 117 | E46: =SUM(E5:E12) -> 223 | F46: =SUM(F5:F10) -> 223 | G46: =SUM(G5:G10) -> 223 | H46: =SUM(H5:H10) -> 223 | I46: =SUM(I5:I10) -> 223 | J46: =SUM(J5:J10) -> 147 | K46: =SUM(K5:K10) -> 111 | L46: =SUM(L5:L10) -> 223 | M46: =SUM(M5:M20) -> 216 | N46: =SUM(N5:N10) -> 223 | O46: =SUM(O5:O10) -> 223 | P46: =SUM(P5:P10) -> 223 | Q46: =SUM(Q5:Q10) -> 147 | R46: =SUM(R5:R10) -> 111 | S46: =SUM(S5:S10) -> 223 | T46: =SUM(T5:T10) -> 223 | U46: =SUM(U5:U10) -> 223 | ... Y46: =SUM(Y5:Y10) -> 111 | Z46: =SUM(Z5:Z14) -> 223 | AA46: =SUM(AA5:AA18) -> 223 | AB46: =SUM(AB5:AB20) -> 214 | AC46: =SUM(AC5:AC14) -> 223 | AD46: =SUM(AD5:AD14) -> 223 | AE46: =SUM(AE5:AE10) -> 147 | AF46: =SUM(AF5:AF10) -> 111 | AG46: =SUM(AG5:AG10) -> 223
A47: Trenes | B47: =SUM(C47:AG47) -> 7484 | C47: =SUM(C22:C31) -> 189 | D47: =SUM(D22:D31) -> 120 | E47: =SUM(E22:E29) -> 286 | F47: =SUM(F22:F27) -> 286 | G47: =SUM(G22:G27) -> 286 | H47: =SUM(H22:H27) -> 289 | I47: =SUM(I22:I27) -> 287 | J47: =SUM(J22:J27) -> 150 | K47: =SUM(K22:K27) -> 114 | L47: =SUM(L22:L27) -> 286 | M47: =SUM(M22:M37) -> 283 | N47: =SUM(N22:N27) -> 288 | O47: =SUM(O22:O27) -> 294 | P47: =SUM(P22:P27) -> 294 | Q47: =SUM(Q22:Q27) -> 150 | R47: =SUM(R22:R27) -> 114 | S47: =SUM(S22:S27) -> 290 | T47: =SUM(T22:T27) -> 292 | U47: =SUM(U22:U27) -> 294 | ... Y47: =SUM(Y22:Y27) -> 114 | Z47: =SUM(Z22:Z31) -> 296 | AA47: =SUM(AA22:AA35) -> 295 | AB47: =SUM(AB22:AB37) -> 291 | AC47: =SUM(AC22:AC31) -> 296 | AD47: =SUM(AD22:AD31) -> 294 | AE47: =SUM(AE22:AE27) -> 150 | AF47: =SUM(AF22:AF27) -> 114 | AG47: =SUM(AG22:AG27) -> 300
A48: Trenes KM | B48: =SUM(C48:AG48) -> 299045.92 | C48: =(C22*$B$22+C23*$B$23+C24*$B$24+C25*$B$25+C27*$B$27+C40*$B$40+C26*$B$26+C39*$B$39+C41*$B$41+C42*$B$42+C30*$B$30+C31*$B$31) -> 7969.49 | D48: =(D22*$B$22+D23*$B$23+D24*$B$24+D25*$B$25+D27*$B$27+D40*$B$40+D26*$B$26+D39*$B$39+D41*$B$41+D42*$B$42+D30*$B$30+D31*$B$31) -> 5064.44 | E48: =(E22*$B$22+E23*$B$23+E24*$B$24+E25*$B$25+E27*$B$27+E40*$B$40+E26*$B$26+E39*$B$39+E41*$B$41+E42*$B$42+E28*B28+E29*B29) -> 11304.3 | F48: =(F22*$B$22+F23*$B$23+F24*$B$24+F25*$B$25+F27*$B$27+F40*$B$40+F26*$B$26+F39*$B$39+F41*$B$41+F42*$B$42) -> 11286.57 | G48: =(G22*$B$22+G23*$B$23+G24*$B$24+G25*$B$25+G27*$B$27+G40*$B$40+G26*$B$26+G39*$B$39+G41*$B$41+G42*$B$42+G43*B43) -> 11261.17 | H48: =(H22*$B$22+H23*$B$23+H24*$B$24+H25*$B$25+H27*$B$27+H40*$B$40+H26*$B$26+H39*$B$39+H41*$B$41+H42*$B$42+H43*B43) -> 11339.76 | I48: =(I22*$B$22+I23*$B$23+I24*$B$24+I25*$B$25+I27*$B$27+I40*$B$40+I26*$B$26+I39*$B$39+I41*$B$41+I42*$B$42) -> 11347.43 | J48: =(J22*$B$22+J23*$B$23+J24*$B$24+J25*$B$25+J27*$B$27+J40*$B$40+J26*$B$26+J39*$B$39+J41*$B$41+J42*$B$42) -> 6469.5 | K48: =(K22*$B$22+K23*$B$23+K24*$B$24+K25*$B$25+K27*$B$27+K40*$B$40+K26*$B$26+K39*$B$39+K41*$B$41+K42*$B$42) -> 4916.82 | L48: =(L22*$B$22+L23*$B$23+L24*$B$24+L25*$B$25+L27*$B$27+L40*$B$40+L26*$B$26+L39*$B$39+L41*$B$41+L42*$B$42+L44*B44) -> 11273.85 | M48: =(M22*$B$22+M23*$B$23+M24*$B$24+M25*$B$25+M27*$B$27+M40*$B$40+M26*$B$26+M39*$B$39+M41*$B$41+M42*$B$42+M32*B32+M33*B33+M36*B36+M37*B37+M43*B43) -> 10980.63 | N48: =(N22*$B$22+N23*$B$23+N24*$B$24+N25*$B$25+N27*$B$27+N40*$B$40+N26*$B$26+N39*$B$39+N41*$B$41+N42*$B$42+N43*B43) -> 11278.9 | O48: =(O22*$B$22+O23*$B$23+O24*$B$24+O25*$B$25+O27*$B$27+O40*$B$40+O26*$B$26+O39*$B$39+O41*$B$41+O42*$B$42+O43*B43) -> 11563.08 | P48: =(P22*$B$22+P23*$B$23+P24*$B$24+P25*$B$25+P27*$B$27+P40*$B$40+P26*$B$26+P39*$B$39+P41*$B$41+P42*$B$42+P43*B43) -> 11641.67 | Q48: =(Q22*$B$22+Q23*$B$23+Q24*$B$24+Q25*$B$25+Q27*$B$27+Q40*$B$40+Q26*$B$26+Q39*$B$39+Q41*$B$41+Q42*$B$42) -> 6469.5 | R48: =(R22*$B$22+R23*$B$23+R24*$B$24+R25*$B$25+R27*$B$27+R40*$B$40+R26*$B$26+R39*$B$39+R41*$B$41+R42*$B$42) -> 4916.82 | S48: =(S22*$B$22+S23*$B$23+S24*$B$24+S25*$B$25+S27*$B$27+S40*$B$40+S26*$B$26+S39*$B$39+S41*$B$41+S42*$B$42) -> 11434.76 | T48: =(T22*$B$22+T23*$B$23+T24*$B$24+T25*$B$25+T27*$B$27+T40*$B$40+T26*$B$26+T39*$B$39+T41*$B$41+T42*$B$42) -> 11499.58 | U48: =(U22*$B$22+U23*$B$23+U24*$B$24+U25*$B$25+U27*$B$27+U40*$B$40+U26*$B$26+U39*$B$39+U41*$B$41+U42*$B$42+U43*B43) -> 11560.44 | V48: =(V22*$B$22+V23*$B$23+V24*$B$24+V25*$B$25+V27*$B$27+V40*$B$40+V26*$B$26+V39*$B$39+V41*$B$41+V42*$B$42+V43*B43) -> 11535.04 | W48: =(W22*$B$22+W23*$B$23+W24*$B$24+W25*$B$25+W27*$B$27+W40*$B$40+W26*$B$26+W39*$B$39+W41*$B$41+W42*$B$42) -> 11807.84 | X48: =(X22*$B$22+X23*$B$23+X24*$B$24+X25*$B$25+X27*$B$27+X40*$B$40+X26*$B$26+X39*$B$39+X41*$B$41+X42*$B$42) -> 6469.5 | Y48: =(Y22*$B$22+Y23*$B$23+Y24*$B$24+Y25*$B$25+Y27*$B$27+Y40*$B$40+Y26*$B$26+Y39*$B$39+Y41*$B$41+Y42*$B$42) -> 4916.82 | Z48: =(Z22*$B$22+Z23*$B$23+Z24*$B$24+Z25*$B$25+Z27*$B$27+Z40*$B$40+Z26*$B$26+Z39*$B$39+Z41*$B$41+Z42*$B$42+Z30*$B$30+Z31*$B$31) -> 11672.1 | AA48: =(AA22*$B$22+AA23*$B$23+AA24*$B$24+AA25*$B$25+AA27*$B$27+AA40*$B$40+AA26*$B$26+AA39*$B$39+AA41*$B$41+AA42*$B$42+AA30*$B$30+AA31*$B$31+AA34*B34+AA35*B35) -> 11603.36 | AB48: =(AB22*$B$22+AB23*$B$23+AB24*$B$24+AB25*$B$25+AB27*$B$27+AB40*$B$40+AB26*$B$26+AB39*$B$39+AB41*$B$41+AB42*$B$42+AB30*$B$30+AB31*$B$31+AB36*B36+AB37*B37+AB32*B32+AB33*B33) -> 11203.84 | AC48: =(AC22*$B$22+AC23*$B$23+AC24*$B$24+AC25*$B$25+AC27*$B$27+AC40*$B$40+AC26*$B$26+AC39*$B$39+AC41*$B$41+AC42*$B$42+AC30*$B$30+AC31*$B$31+AC43*B43) -> 11623.69 | AD48: =(AD22*$B$22+AD23*$B$23+AD24*$B$24+AD25*$B$25+AD27*$B$27+AD40*$B$40+AD26*$B$26+AD39*$B$39+AD41*$B$41+AD42*$B$42+AD30*$B$30+AD31*$B$31+AD43*B43) -> 11562.83 | AE48: =(AE22*$B$22+AE23*$B$23+AE24*$B$24+AE25*$B$25+AE27*$B$27+AE40*$B$40+AE26*$B$26+AE39*$B$39+AE41*$B$41+AE42*$B$42) -> 6469.5 | AF48: =(AF22*$B$22+AF23*$B$23+AF24*$B$24+AF25*$B$25+AF27*$B$27+AF40*$B$40+AF26*$B$26+AF39*$B$39+AF41*$B$41+AF42*$B$42) -> 4916.82 | AG48: =(AG22*$B$22+AG23*$B$23+AG24*$B$24+AG25*$B$25+AG27*$B$27+AG40*$B$40+AG26*$B$26+AG39*$B$39+AG41*$B$41+AG42*$B$42+AG43*B43) -> 11685.87
A49: Servicios KM | B49: =SUM(C49:AG49) -> 237290.1 | C49: =$B$5*C5+$B$6*C6+$B$7*C7+$B$8*C8+$B$10*C10+$B$9*C9+C13*$B$13+C14*$B$14 -> 6496.03 | D49: =$B$5*D5+$B$6*D6+$B$7*D7+$B$8*D8+$B$10*D10+$B$9*D9+D13*$B$13+D14*$B$14 -> 4943.35 | E49: =$B$5*E5+$B$6*E6+$B$7*E7+$B$8*E8+$B$10*E10+$B$9*E9+E11*B11+E12*B12 -> 8688.96 | F49: =$B$5*F5+$B$6*F6+$B$7*F7+$B$8*F8+$B$10*F10+$B$9*F9 -> 8688.96 | G49: =$B$5*G5+$B$6*G6+$B$7*G7+$B$8*G8+$B$10*G10+$B$9*G9 -> 8688.96 | H49: =$B$5*H5+$B$6*H6+$B$7*H7+$B$8*H8+$B$10*H10+$B$9*H9 -> 8688.96 | I49: =$B$5*I5+$B$6*I6+$B$7*I7+$B$8*I8+$B$10*I10+$B$9*I9 -> 8688.96 | J49: =$B$5*J5+$B$6*J6+$B$7*J7+$B$8*J8+$B$10*J10+$B$9*J9 -> 6340.11 | K49: =$B$5*K5+$B$6*K6+$B$7*K7+$B$8*K8+$B$10*K10+$B$9*K9 -> 4787.43 | L49: =$B$5*L5+$B$6*L6+$B$7*L7+$B$8*L8+$B$10*L10+$B$9*L9 -> 8688.96 | M49: =$B$5*M5+$B$6*M6+$B$7*M7+$B$8*M8+$B$10*M10+$B$9*M9+M15*B15+M16*B16+M19*B19+M20*B20 -> 8244.84 | N49: =$B$5*N5+$B$6*N6+$B$7*N7+$B$8*N8+$B$10*N10+$B$9*N9 -> 8688.96 | O49: =$B$5*O5+$B$6*O6+$B$7*O7+$B$8*O8+$B$10*O10+$B$9*O9 -> 8688.96 | P49: =$B$5*P5+$B$6*P6+$B$7*P7+$B$8*P8+$B$10*P10+$B$9*P9 -> 8688.96 | Q49: =$B$5*Q5+$B$6*Q6+$B$7*Q7+$B$8*Q8+$B$10*Q10+$B$9*Q9 -> 6340.11 | R49: =$B$5*R5+$B$6*R6+$B$7*R7+$B$8*R8+$B$10*R10+$B$9*R9 -> 4787.43 | S49: =$B$5*S5+$B$6*S6+$B$7*S7+$B$8*S8+$B$10*S10+$B$9*S9 -> 8688.96 | T49: =$B$5*T5+$B$6*T6+$B$7*T7+$B$8*T8+$B$10*T10+$B$9*T9 -> 8688.96 | U49: =$B$5*U5+$B$6*U6+$B$7*U7+$B$8*U8+$B$10*U10+$B$9*U9 -> 8688.96 | ... Y49: =$B$5*Y5+$B$6*Y6+$B$7*Y7+$B$8*Y8+$B$10*Y10+$B$9*Y9 -> 4787.43 | Z49: =$B$5*Z5+$B$6*Z6+$B$7*Z7+$B$8*Z8+$B$10*Z10+$B$9*Z9+Z13*$B$13+Z14*$B$14 -> 8688.96 | AA49: =$B$5*AA5+$B$6*AA6+$B$7*AA7+$B$8*AA8+$B$10*AA10+$B$9*AA9+AA13*$B$13+AA14*$B$14+AA17*B17+AA18*B18 -> 8618.04 | AB49: =$B$5*AB5+$B$6*AB6+$B$7*AB7+$B$8*AB8+$B$10*AB10+$B$9*AB9+AB15*$B$15+AB16*$B$16+AB19*B19+AB20*B20 -> 8062.38 | AC49: =$B$5*AC5+$B$6*AC6+$B$7*AC7+$B$8*AC8+$B$10*AC10+$B$9*AC9+AC13*$B$13+AC14*$B$14 -> 8688.96 | AD49: =$B$5*AD5+$B$6*AD6+$B$7*AD7+$B$8*AD8+$B$10*AD10+$B$9*AD9+AD13*$B$13+AD14*$B$14 -> 8688.96 | AE49: =$B$5*AE5+$B$6*AE6+$B$7*AE7+$B$8*AE8+$B$10*AE10+$B$9*AE9 -> 6340.11 | AF49: =$B$5*AF5+$B$6*AF6+$B$7*AF7+$B$8*AF8+$B$10*AF10+$B$9*AF9 -> 4787.43 | AG49: =$B$5*AG5+$B$6*AG6+$B$7*AG7+$B$8*AG8+$B$10*AG10+$B$9*AG9 -> 8688.96
A50: Asientos KM | B50: =SUM(C50:AG50) -> 31100776 | C50: =C48*104 -> 828826.96 | D50: =D48*104 -> 526701.76 | E50: =E48*104 -> 1175647.2 | F50: =F48*104 -> 1173803.3 | G50: =G48*104 -> 1171161.7 | H50: =H48*104 -> 1179335 | I50: =I48*104 -> 1180132.7 | J50: =J48*104 -> 672828 | ... AG50: =AG48*104 -> 1215330.5
A51: Coches KM | B51: =SUM(C51:AG51) -> 598091.84 | C51: =C48*2 -> 15938.98 | D51: =D48*2 -> 10128.88 | E51: =E48*2 -> 22608.6 | F51: =F48*2 -> 22573.14 | G51: =G48*2 -> 22522.34 | H51: =H48*2 -> 22679.52 | I51: =I48*2 -> 22694.86 | J51: =J48*2 -> 12939 | ... AG51: =AG48*2 -> 23371.74
A52: Capacidad Total | B52: =SUM(C52:AG52) -> 2709208 | C52: =+C47*362 -> 68418 | D52: =+D47*362 -> 43440 | E52: =+E47*362 -> 103532 | F52: =+F47*362 -> 103532 | G52: =+G47*362 -> 103532 | H52: =+H47*362 -> 104618 | I52: =+I47*362 -> 103894 | J52: =+J47*362 -> 54300 | ... AG52: =+AG47*362 -> 108600
A53: Ton Km Brutas | B53: =SUM(C53:AG53) -> 23714341 | C53: =C48*79.3 -> 631980.56 | D53: =D48*79.3 -> 401610.09 | E53: =E48*79.3 -> 896430.99 | F53: =F48*79.3 -> 895025 | G53: =G48*79.3 -> 893010.78 | H53: =H48*79.3 -> 899242.97 | I53: =I48*79.3 -> 899851.2 | J53: =J48*79.3 -> 513031.35 | ... AG53: =AG48*79.3 -> 926689.49

Sheet UMR Resumen
A1: Marzo 2025
A2: Fecha | B2: Odómetro | C2: Odómetro acum. | D2: Tren-Km | E2: Tren-Km Acum. | F2: UMR Diario | G2: Viajes Programados | H2: Viajes Realizados | I2: IR | J2: Indice Regularidad (QU-via 2) 7:10am a 8:10am | K2: TKB (no TKBC) | L2: Tipo Dia | M2: Comentarios
A3: 45717 | B3: ='KM-Servicio'!N13 -> 8422 | C3: =B3 -> 8422 | D3: ='KM-Servicio'!W13 -> 7969.49 | E3: =D3 -> 7969.49 | F3: ='KM-Servicio'!O13 -> 94.627048 | G3: =SUM('KM-Servicio'!B13:C13) -> 153 | H3: =SUM('KM-Servicio'!D13:E13) -> 153 | K3: ='Oferta Diaria'!C53 -> 631980.56 | L3: Sábado
A4: 45718 | B4: ='KM-Servicio'!N22 -> 5211 | C4: =B4+C3 -> 13633 | D4: ='KM-Servicio'!W22 -> 5064.44 | E4: =D4+E3 -> 13033.93 | F4: ='KM-Servicio'!O22 -> 97.187488 | G4: =SUM('KM-Servicio'!B22:C22) -> 117 | H4: =SUM('KM-Servicio'!D22:E22) -> 117 | K4: ='Oferta Diaria'!D53 -> 401610.09 | L4: Dgo-Festivo
A5: 45719 | B5: ='KM-Servicio'!N29 -> 11744 | C5: =B5+C4 -> 25377 | D5: ='KM-Servicio'!W29 -> 11304.3 | E5: =D5+E4 -> 24338.23 | F5: ='KM-Servicio'!O29 -> 96.25596 | G5: =SUM('KM-Servicio'!B29:C29) -> 223 | H5: =SUM('KM-Servicio'!D29:E29) -> 223 | K5: ='Oferta Diaria'!E53 -> 896430.99 | L5: Laboral
A6: 45720 | B6: ='KM-Servicio'!N36 -> 11775 | C6: =B6+C5 -> 37152 | D6: ='KM-Servicio'!W36 -> 11286.57 | E6: =D6+E5 -> 35624.8 | F6: ='KM-Servicio'!O36 -> 95.851975 | G6: =SUM('KM-Servicio'!B36:C36) -> 223 | H6: =SUM('KM-Servicio'!D36:E36) -> 223 | K6: ='Oferta Diaria'!F53 -> 895025 | L6: Laboral
A7: 45721 | B7: ='KM-Servicio'!N43 -> 11732 | C7: =B7+C6 -> 48884 | D7: ='KM-Servicio'!W43 -> 11261.17 | E7: =D7+E6 -> 46885.97 | F7: ='KM-Servicio'!O43 -> 95.986788 | G7: =SUM('KM-Servicio'!B43:C43) -> 223 | H7: =SUM('KM-Servicio'!D43:E43) -> 223 | K7: ='Oferta Diaria'!G53 -> 893010.78 | L7: Laboral
A8: 45722 | B8: ='KM-Servicio'!N50 -> 11736 | C8: =B8+C7 -> 60620 | D8: ='KM-Servicio'!W50 -> 11339.76 | E8: =D8+E7 -> 58225.73 | F8: ='KM-Servicio'!O50 -> 96.623722 | G8: =SUM('KM-Servicio'!B50:C50) -> 223 | H8: =SUM('KM-Servicio'!D50:E50) -> 223 | K8: ='Oferta Diaria'!H53 -> 899242.97 | L8: Laboral
A9: 45723 | B9: ='KM-Servicio'!N57 -> 11720 | C9: =B9+C8 -> 72340 | D9: ='KM-Servicio'!W57 -> 11347.43 | E9: =D9+E8 -> 69573.16 | F9: ='KM-Servicio'!O57 -> 96.821075 | G9: =SUM('KM-Servicio'!B57:C57) -> 223 | H9: =SUM('KM-Servicio'!D57:E57) -> 223 | K9: ='Oferta Diaria'!I53 -> 899851.2 | L9: Laboral
A10: 45724 | B10: ='KM-Servicio'!N64 -> 6497 | C10: =B10+C9 -> 78837 | D10: ='KM-Servicio'!W64 -> 6469.5 | E10: =D10+E9 -> 76042.66 | F10: ='KM-Servicio'!O64 -> 99.576728 | G10: =SUM('KM-Servicio'!B64:C64) -> 147 | H10: =SUM('KM-Servicio'!D64:E64) -> 147 | K10: ='Oferta Diaria'!J53 -> 513031.35 | L10: Sábado
A11: 45725 | B11: ='KM-Servicio'!N71 -> 4974 | C11: =B11+C10 -> 83811 | D11: ='KM-Servicio'!W71 -> 4916.82 | E11: =D11+E10 -> 80959.48 | F11: ='KM-Servicio'!O71 -> 98.850422 | G11: =SUM('KM-Servicio'!B71:C71) -> 111 | H11: =SUM('KM-Servicio'!D71:E71) -> 111 | K11: ='Oferta Diaria'!K53 -> 389903.83 | L11: Dgo-Festivo
A12: 45726 | B12: ='KM-Servicio'!N78 -> 11698 | C12: =B12+C11 -> 95509 | D12: ='KM-Servicio'!W78 -> 11273.85 | E12: =D12+E11 -> 92233.33 | F12: ='KM-Servicio'!O78 -> 96.374167 | G12: =SUM('KM-Servicio'!B78:C78) -> 223 | H12: =SUM('KM-Servicio'!D78:E78) -> 223 | K12: ='Oferta Diaria'!L53 -> 894016.31 | L12: Laboral
A13: 45727 | B13: ='KM-Servicio'!N89 -> 11605 | C13: =B13+C12 -> 107114 | D13: ='KM-Servicio'!W89 -> 10980.63 | E13: =D13+E12 -> 103213.96 | F13: ='KM-Servicio'!O89 -> 94.619819 | G13: =SUM('KM-Servicio'!B89:C89) -> 223 | H13: =SUM('KM-Servicio'!D89:E89) -> 216 | K13: ='Oferta Diaria'!M53 -> 870763.96 | L13: Laboral
A14: 45728 | B14: ='KM-Servicio'!N96 -> 11812 | C14: =B14+C13 -> 118926 | D14: ='KM-Servicio'!W96 -> 11278.9 | E14: =D14+E13 -> 114492.86 | F14: ='KM-Servicio'!O96 -> 95.486793 | G14: =SUM('KM-Servicio'!B96:C96) -> 223 | H14: =SUM('KM-Servicio'!D96:E96) -> 223 | K14: ='Oferta Diaria'!N53 -> 894416.77 | L14: Laboral
A15: 45729 | B15: ='KM-Servicio'!N103 -> 12084 | C15: =B15+C14 -> 131010 | D15: ='KM-Servicio'!W103 -> 11563.08 | E15: =D15+E14 -> 126055.94 | F15: ='KM-Servicio'!O103 -> 95.689176 | G15: =SUM('KM-Servicio'!B103:C103) -> 223 | H15: =SUM('KM-Servicio'!D103:E103) -> 223 | K15: ='Oferta Diaria'!O53 -> 916952.24 | L15: Laboral
A16: 45730 | B16: ='KM-Servicio'!N110 -> 12053 | C16: =B16+C15 -> 143063 | D16: ='KM-Servicio'!W110 -> 11641.67 | E16: =D16+E15 -> 137697.61 | F16: ='KM-Servicio'!O110 -> 96.587323 | G16: =SUM('KM-Servicio'!B110:C110) -> 223 | H16: =SUM('KM-Servicio'!D110:E110) -> 223 | K16: ='Oferta Diaria'!P53 -> 923184.43 | L16: Laboral
A17: 45731 | B17: ='KM-Servicio'!N117 -> 6585 | C17: =B17+C16 -> 149648 | D17: ='KM-Servicio'!W117 -> 6469.5 | E17: =D17+E16 -> 144167.11 | F17: ='KM-Servicio'!O117 -> 98.246014 | G17: =SUM('KM-Servicio'!B117:C117) -> 147 | H17: =SUM('KM-Servicio'!D117:E117) -> 147 | K17: ='Oferta Diaria'!Q53 -> 513031.35 | L17: Sábado
A18: 45732 | B18: ='KM-Servicio'!$N$124 -> 4952 | C18: =B18+C17 -> 154600 | D18: ='KM-Servicio'!$W$124 -> 4916.82 | E18: =D18+E17 -> 149083.93 | F18: ='KM-Servicio'!O124 -> 99.28958 | G18: =SUM('KM-Servicio'!B124:C124) -> 111 | H18: =SUM('KM-Servicio'!D124:E124) -> 111 | K18: ='Oferta Diaria'!R53 -> 389903.83 | L18: Dgo-Festivo
A19: 45733 | B19: ='KM-Servicio'!$N$131 -> 11873 | C19: =B19+C18 -> 166473 | D19: ='KM-Servicio'!$W$131 -> 11434.76 | E19: =D19+E18 -> 160518.69 | F19: ='KM-Servicio'!O131 -> 96.308936 | G19: =SUM('KM-Servicio'!B131:C131) -> 223 | H19: =SUM('KM-Servicio'!D131:E131) -> 223 | K19: ='Oferta Diaria'!S53 -> 906776.47 | L19: Laboral
A20: 45734 | B20: ='KM-Servicio'!N138 -> 11936 | C20: =B20+C19 -> 178409 | D20: ='KM-Servicio'!$W$138 -> 11499.58 | E20: =D20+E19 -> 172018.27 | F20: ='KM-Servicio'!O138 -> 96.343666 | G20: =SUM('KM-Servicio'!B138:C138) -> 223 | H20: =SUM('KM-Servicio'!D138:E138) -> 223 | K20: ='Oferta Diaria'!T53 -> 911916.69 | L20: Laboral
A21: 45735 | B21: ='KM-Servicio'!N145 -> 12063 | C21: =B21+C20 -> 190472 | D21: ='KM-Servicio'!$W$145 -> 11560.44 | E21: =D21+E20 -> 183578.71 | F21: ='KM-Servicio'!O145 -> 95.833872 | G21: =SUM('KM-Servicio'!B145:C145) -> 223 | H21: =SUM('KM-Servicio'!D145:E145) -> 223 | K21: ='Oferta Diaria'!U53 -> 916742.89 | L21: Laboral
A22: 45736 | B22: ='KM-Servicio'!N152 -> 11903 | C22: =B22+C21 -> 202375 | D22: ='KM-Servicio'!$W$152 -> 11535.04 | E22: =D22+E21 -> 195113.75 | F22: ='KM-Servicio'!O152 -> 96.908678 | G22: =SUM('KM-Servicio'!B152:C152) -> 223 | H22: =SUM('KM-Servicio'!D152:E152) -> 223 | K22: ='Oferta Diaria'!V53 -> 914728.67 | L22: Laboral
A23: 45737 | B23: ='KM-Servicio'!N159 -> 12209 | C23: =B23+C22 -> 214584 | D23: ='KM-Servicio'!$W$159 -> 11807.84 | E23: =D23+E22 -> 206921.59 | F23: ='KM-Servicio'!O159 -> 96.714227 | G23: =SUM('KM-Servicio'!B159:C159) -> 223 | H23: =SUM('KM-Servicio'!D159:E159) -> 223 | K23: ='Oferta Diaria'!W53 -> 936361.71 | L23: Laboral
A24: 45738 | B24: ='KM-Servicio'!N166 -> 6498 | C24: =B24+C23 -> 221082 | D24: ='KM-Servicio'!$W$166 -> 6469.5 | E24: =D24+E23 -> 213391.09 | F24: ='KM-Servicio'!O166 -> 99.561404 | G24: =SUM('KM-Servicio'!B166:C166) -> 147 | H24: =SUM('KM-Servicio'!D166:E166) -> 147 | K24: ='Oferta Diaria'!X53 -> 513031.35 | L24: Sábado
A25: 45739 | B25: ='KM-Servicio'!N173 -> 4972 | C25: =B25+C24 -> 226054 | D25: ='KM-Servicio'!$W$173 -> 4916.82 | E25: =D25+E24 -> 218307.91 | F25: ='KM-Servicio'!O173 -> 98.890185 | G25: =SUM('KM-Servicio'!B173:C173) -> 111 | H25: =SUM('KM-Servicio'!D173:E173) -> 111 | K25: ='Oferta Diaria'!Y53 -> 389903.83 | L25: Dgo-Festivo
A26: 45740 | B26: ='KM-Servicio'!N180 -> 12085 | C26: =B26+C25 -> 238139 | D26: ='KM-Servicio'!$W$180 -> 11672.1 | E26: =D26+E25 -> 229980.01 | F26: ='KM-Servicio'!O180 -> 96.583368 | G26: =SUM('KM-Servicio'!B180:C180) -> 223 | H26: =SUM('KM-Servicio'!D180:E180) -> 223 | K26: ='Oferta Diaria'!Z53 -> 925597.53 | L26: Laboral
A27: 45741 | B27: ='KM-Servicio'!N189 -> 12045 | C27: =B27+C26 -> 250184 | D27: ='KM-Servicio'!$W$189 -> 11603.36 | E27: =D27+E26 -> 241583.37 | F27: ='KM-Servicio'!O189 -> 96.333416 | G27: =SUM('KM-Servicio'!B189:C189) -> 223 | H27: =SUM('KM-Servicio'!D189:E189) -> 223 | K27: ='Oferta Diaria'!AA53 -> 920146.45 | L27: Laboral
A28: 45742 | B28: ='KM-Servicio'!N200 -> 11518 | C28: =B28+C27 -> 261702 | D28: ='KM-Servicio'!$W$200 -> 11203.84 | E28: =D28+E27 -> 252787.21 | F28: ='KM-Servicio'!O200 -> 97.272443 | G28: =SUM('KM-Servicio'!B200:C200) -> 223 | H28: =SUM('KM-Servicio'!D200:E200) -> 214 | K28: ='Oferta Diaria'!AB53 -> 888464.51 | L28: Laboral
A29: 45743 | B29: ='KM-Servicio'!N207 -> 11972 | C29: =B29+C28 -> 273674 | D29: ='KM-Servicio'!$W$207 -> 11623.69 | E29: =D29+E28 -> 264410.9 | F29: ='KM-Servicio'!O207 -> 97.090628 | G29: =SUM('KM-Servicio'!B207:C207) -> 223 | H29: =SUM('KM-Servicio'!D207:E207) -> 223 | K29: ='Oferta Diaria'!AC53 -> 921758.62 | L29: Laboral
A30: 45744 | B30: ='KM-Servicio'!N214 -> 11982 | C30: =B30+C29 -> 285656 | D30: ='KM-Servicio'!$W$214 -> 11562.83 | E30: =D30+E29 -> 275973.73 | F30: ='KM-Servicio'!O214 -> 96.501669 | G30: =SUM('KM-Servicio'!B214:C214) -> 223 | H30: =SUM('KM-Servicio'!D214:E214) -> 223 | K30: ='Oferta Diaria'!AD53 -> 916932.42 | L30: Laboral
A31: 45745 | B31: ='KM-Servicio'!N221 -> 6507 | C31: =B31+C30 -> 292163 | D31: ='KM-Servicio'!$W$221 -> 6469.5 | E31: =D31+E30 -> 282443.23 | F31: ='KM-Servicio'!O221 -> 99.423698 | G31: =SUM('KM-Servicio'!B221:C221) -> 147 | H31: =SUM('KM-Servicio'!D221:E221) -> 147 | K31: ='Oferta Diaria'!AE53 -> 513031.35 | L31: Sábado
A32: 45746 | B32: ='KM-Servicio'!N228 -> 4945 | C32: =B32+C31 -> 297108 | D32: ='KM-Servicio'!$W$228 -> 4916.82 | E32: =D32+E31 -> 287360.05 | F32: ='KM-Servicio'!O228 -> 99.430131 | G32: =SUM('KM-Servicio'!B228:C228) -> 111 | H32: =SUM('KM-Servicio'!D228:E228) -> 111 | K32: ='Oferta Diaria'!AF53 -> 389903.83 | L32: Dgo-Festivo
A33: 45747 | B33: ='KM-Servicio'!N235 -> 12023 | C33: =B33+C32 -> 309131 | D33: ='KM-Servicio'!$W$235 -> 11685.87 | E33: =D33+E32 -> 299045.92 | F33: ='KM-Servicio'!O235 -> 97.195958 | G33: =SUM('KM-Servicio'!B235:C235) -> 223 | H33: =SUM('KM-Servicio'!D235:E235) -> 223 | K33: ='Oferta Diaria'!AG53 -> 926689.49 | L33: Laboral
A34: TOTAL | B34: =SUM(B3:B33) -> 309131 | C34: =SUM(C3:C33) -> 4936152 | D34: =SUM(D3:D33) -> 299045.92 | E34: =SUM(E3:E33) -> 4763032.6 | F34: =AVERAGE(F3:F33) -> 97.047302 | G34: =SUM(G3:G33) -> 5985 | H34: =SUM(H3:H33) -> 5969 | I34: =SUM(I3:I32) -> 0 | J34: =SUM(J3:J32) -> 0 | K34: =SUM(K3:K33) -> 23714341

Sheet RESUMEN
A3: VARIABLES OPERACIONALES
A4: VARIABLE | B4: Promedio diario | C4: Total | D4: Programado
A5: Nº trenes | B5: =C5/30 -> 249.46667 | C5: ='KM-Servicio'!J261 -> 7484 | D5: ='KM-Servicio'!C256 -> 7498
A6: Nº servicios | B6: =C6/30 -> 198.96667 | C6: ='KM-Servicio'!K254 -> 5969 | D6: ='KM-Servicio'!D254 -> 5985
A7: Tren-km | B7: =C7/30 -> 10013.093 | C7: ='KM-Servicio'!M254 -> 300392.78 | D7: ='KM-Servicio'!F254 -> #VALUE!
A8: Km-serv | B8: =C8/30 -> 7909.67 | C8: ='KM-Servicio'!L254 -> 237290.1 | D8: ='KM-Servicio'!E254 -> #VALUE!
A9: Asientos km | B9: =C9/30 -> 1041361.6 | C9: ='KM-Servicio'!N254 -> 31240849 | D9: ='KM-Servicio'!G254 -> #VALUE!
A10: UMR %
A11: Energía kwh | B11: =C11/30 -> 40531.733 | C11: 1215952 | D11: -
A12: Pax
A13: TIEMPO DE VIAJE (PU-LI)
