Workbook

Sheet Odometro-Kilometraje
A1: Control Contador Kilometraje de Trenes
B2: 45870 | C2: 45871 | D2: 45872 | E2: 45873 | F2: 45874 | G2: 45875 | H2: 45876 | I2: 45877 | J2: 45878 | K2: 45879 | L2: 45880 | M2: 45881 | N2: 45882 | O2: 45883 | P2: 45884 | Q2: 45885 | R2: 45886 | S2: 45887 | T2: 45888 | U2: 45889 | V2: 45890 | W2: 45891 | X2: 45892 | Y2: 45893 | Z2: 45894 | AA2: 45895 | AB2: 45896 | AC2: 45897 | AD2: 45898 | AE2: 45899 | AF2: 45900
B3: Contador | C3: Contador | D3: Contador | E3: Contador | F3: Contador | G3: Contador | H3: Contador | I3: Contador | J3: Contador | K3: Contador | L3: Contador | M3: Contador | N3: Contador | O3: Contador | P3: Contador | Q3: Contador | R3: Contador | S3: Contador | T3: Contador | U3: Contador | V3: Contador | W3: Contador | X3: Contador | Y3: Contador | Z3: Contador | AA3: Contador | AB3: Contador | AC3: Contador | AD3: Contador | AE3: Contador | AF3: Contador
A4: Tren | B4: Odómetro | C4: Odómetro | D4: Odómetro | E4: Odómetro | F4: Odómetro | G4: Odómetro | H4: Odómetro | I4: Odómetro | J4: Odómetro | K4: Odómetro | L4: Odómetro | M4: Odómetro | N4: Odómetro | O4: Odómetro | P4: Odómetro | Q4: Odómetro | R4: Odómetro | S4: Odómetro | T4: Odómetro | U4: Odómetro | V4: Odómetro | W4: Odómetro | X4: Odómetro | Y4: Odómetro | Z4: Odómetro | AA4: Odómetro | AB4: Odómetro | AC4: Odómetro | AD4: Odómetro | AE4: Odómetro | AF4: Odómetro
A5: M01 | B5: 2029259 | C5: 2029819 | D5: 2030293 | E5: 2030853 | F5: 2031165 | G5: 2031725 | H5: 2032328 | I5: 2032892 | J5: 2032935 | K5: 2033411 | L5: 2033971 | M5: 2034171 | N5: 2034303 | O5: 2034676 | P5: 2034676 | Q5: 2034676 | R5: 2034676 | S5: 2034871 | T5: 2035440 | U5: 2035874 | V5: 2036477 | W5: 2037038 | X5: 2037339 | Y5: 2037684 | Z5: 2037825 | AA5: 2038258 | AB5: 2038861 | AC5: 2039424 | AD5: 2039607 | AE5: 2039607 | AF5: 2039607
A6: M02 | B6: 2001728 | C6: 2001773 | D6: 2001778 | E6: 2001981 | F6: 2002568 | G6: 2003089 | H6: 2003650 | I6: 2003833 | J6: 2003833 | K6: 2003884 | L6: 2004100 | M6: 2004229 | N6: 2004480 | O6: 2004730 | P6: 2004730 | Q6: 2004730 | R6: 2004730 | S6: 2004984 | T6: 2005295 | U6: 2005562 | V6: 2005791 | W6: 2006395 | X6: 2006654 | Y6: 2007172 | Z6: 2007776 | AA6: 2008126 | AB6: 2008388 | AC6: 2008838 | AD6: 2009006 | AE6: 2009567 | AF6: 2009961
A7: M03 | B7: 2089968 | C7: 2089968 | D7: 2089968 | E7: 2090183 | F7: 2090417 | G7: 2090507 | H7: 2090757 | I7: 2090949 | J7: 2090949 | K7: 2090968 | L7: 2091401 | M7: 2091605 | N7: 2091857 | O7: 2092116 | P7: 2092159 | Q7: 2092678 | R7: 2092765 | S7: 2093286 | T7: 2093525 | U7: 2093615 | V7: 2094092 | W7: 2094351 | X7: 2094830 | Y7: 2094874 | Z7: 2095439 | AA7: 2095924 | AB7: 2096316 | AC7: 2096881 | AD7: 2097188 | AE7: 2097793 | AF7: 2098311
A8: M04 | B8: 2087225 | C8: 2087225 | D8: 2087225 | E8: 2087420 | F8: 2087852 | G8: 2088125 | H8: 2088687 | I8: 2089121 | J8: 2089686 | K8: 2089729 | L8: 2090097 | M8: 2090347 | N8: 2090602 | O8: 2090806 | P8: 2090806 | Q8: 2090806 | R8: 2090806 | S8: 2091059 | T8: 2091578 | U8: 2092183 | V8: 2092504 | W8: 2092719 | X8: 2092719 | Y8: 2092850 | Z8: 2093070 | AA8: 2093524 | AB8: 2094052 | AC8: 2094297 | AD8: 2094550 | AE8: 2094550 | AF8: 2094550
A9: M05 | B9: 1999805 | C9: 2000323 | D9: 2000841 | E9: 2001125 | F9: 2001376 | G9: 2001647 | H9: 2002122 | I9: 2002468 | J9: 2002986 | K9: 2003503 | L9: 2004063 | M9: 2004470 | N9: 2004664 | O9: 2004916 | P9: 2005347 | Q9: 2005779 | R9: 2006256 | S9: 2006816 | T9: 2007096 | U9: 2007349 | V9: 2007577 | W9: 2007584 | X9: 2007629 | Y9: 2007631 | Z9: 2008021 | AA9: 2008191 | AB9: 2008711 | AC9: 2008972 | AD9: 2009230 | AE9: 2009230 | AF9: 2009230
A10: M06 | B10: 2109961 | C10: 2109961 | D10: 2109967 | E10: 2110142 | F10: 2110592 | G10: 2110664 | H10: 2111098 | I10: 2111551 | J10: 2111551 | K10: 2111551 | L10: 2111857 | M10: 2112035 | N10: 2112555 | O10: 2113006 | P10: 2113006 | Q10: 2113006 | R10: 2113006 | S10: 2113320 | T10: 2113880 | U10: 2114356 | V10: 2114586 | W10: 2114772 | X10: 2114772 | Y10: 2114772 | Z10: 2115112 | AA10: 2115564 | AB10: 2115759 | AC10: 2116244 | AD10: 2116763 | AE10: 2117281 | AF10: 2117756
A11: M07 | B11: 2140680 | C11: 2141258 | D11: 2141779 | E11: 2142300 | F11: 2142737 | G11: 2142913 | H11: 2143092 | I11: 2143531 | J11: 2143531 | K11: 2143531 | L11: 2144141 | M11: 2144580 | N11: 2145103 | O11: 2145376 | P11: 2145376 | Q11: 2145376 | R11: 2145376 | S11: 2145642 | T11: 2145813 | U11: 2146216 | V11: 2146559 | W11: 2146744 | X11: 2146744 | Y11: 2146744 | Z11: 2147267 | AA11: 2147498 | AB11: 2148019 | AC11: 2148542 | AD11: 2149066 | AE11: 2149630 | AF11: 2150110
A12: M08 | B12: 2045923 | C12: 2045923 | D12: 2045923 | E12: 2046176 | F12: 2046447 | G12: 2046639 | H12: 2046889 | I12: 2047081 | J12: 2047081 | K12: 2047081 | L12: 2047275 | M12: 2047525 | N12: 2047776 | O12: 2048027 | P12: 2048027 | Q12: 2048027 | R12: 2048027 | S12: 2048324 | T12: 2048570 | U12: 2048821 | V12: 2049073 | W12: 2049203 | X12: 2049203 | Y12: 2049203 | Z12: 2049519 | AA12: 2050081 | AB12: 2050687 | AC12: 2051250 | AD12: 2051455 | AE12: 2051455 | AF12: 2051476
A13: M09 | B13: 2028407 | C13: 2028407 | D13: 2028407 | E13: 2028407 | F13: 2028447 | G13: 2028762 | H13: 2028939 | I13: 2029501 | J13: 2030018 | K13: 2030496 | L13: 2031056 | M13: 2031576 | N13: 2032017 | O13: 2032620 | P13: 2032622 | Q13: 2033185 | R13: 2033229 | S13: 2033663 | T13: 2034119 | U13: 2034370 | V13: 2034687 | W13: 2034796 | X13: 2034796 | Y13: 2034796 | Z13: 2035047 | AA13: 2035359 | AB13: 2035792 | AC13: 2036355 | AD13: 2036914 | AE13: 2037432 | AF13: 2037949
A14: M10 | B14: 2101478 | C14: 2101478 | D14: 2101479 | E14: 2101479 | F14: 2101479 | G14: 2101479 | H14: 2101479 | I14: 2101479 | J14: 2101479 | K14: 2101479 | L14: 2101479 | M14: 2101479 | N14: 2101479 | O14: 2101586 | P14: 2101586 | Q14: 2101586 | R14: 2101586 | S14: 2101779 | T14: 2102030 | U14: 2102281 | V14: 2102614 | W14: 2102867 | X14: 2103428 | Y14: 2103902 | Z14: 2104506 | AA14: 2104958 | AB14: 2105151 | AC14: 2105402 | AD14: 2105654 | AE14: 2105654 | AF14: 2105654
A15: M11 | B15: 2120684 | C15: 2121205 | D15: 2121683 | E15: 2121955 | F15: 2122208 | G15: 2122472 | H15: 2122726 | I15: 2122990 | J15: 2123554 | K15: 2123598 | L15: 2123950 | M15: 2124404 | N15: 2124590 | O15: 2124845 | P15: 2125367 | Q15: 2125890 | R15: 2126364 | S15: 2126675 | T15: 2127153 | U15: 2127564 | V15: 2127809 | W15: 2128048 | X15: 2128048 | Y15: 2128048 | Z15: 2128301 | AA15: 2128556 | AB15: 2128840 | AC15: 2129036 | AD15: 2129289 | AE15: 2129289 | AF15: 2129310
A16: M12 | B16: 1967557 | C16: 1968079 | D16: 1968557 | E16: 1968810 | F16: 1969009 | G16: 1969444 | H16: 1969554 | I16: 1969798 | J16: 1970316 | K16: 1970749 | L16: 1970890 | M16: 1971409 | N16: 1972014 | O16: 1972277 | P16: 1972795 | Q16: 1973357 | R16: 1973400 | S16: 1973770 | T16: 1974145 | U16: 1974752 | V16: 1975211 | W16: 1975523 | X16: 1976042 | Y16: 1976563 | Z16: 1976834 | AA16: 1977087 | AB16: 1977339 | AC16: 1977832 | AD16: 1978137 | AE16: 1978702 | AF16: 1978746
... A39: XM35 | B39: 676576 | C39: 676576 | D39: 676576 | E39: 676834 | F39: 677096 | G39: 677613 | H39: 677962 | I39: 678140 | J39: 678140 | K39: 678140 | L39: 678229 | M39: 678661 | N39: 678923 | O39: 679064 | P39: 679064 | Q39: 679064 | R39: 679064 | S39: 679496 | T39: 679587 | U39: 679976 | V39: 680541 | W39: 681145 | X39: 681666 | Y39: 681668 | Z39: 682230 | AA39: 682707 | AB39: 682849 | AC39: 683115 | AD39: 683461 | AE39: 683461 | AF39: 683461
A41: Kilometraje Diario Recorrido
B42: 45870 | C42: 45871 | D42: 45872 | E42: 45873 | F42: 45874 | G42: 45875 | H42: 45876 | I42: 45877 | J42: 45878 | K42: 45879 | L42: 45880 | M42: 45881 | N42: 45882 | O42: 45883 | P42: 45884 | Q42: 45885 | R42: 45886 | S42: 45887 | T42: 45888 | U42: 45889 | V42: 45890 | W42: 45891 | X42: 45892 | Y42: 45893 | Z42: 45894 | AA42: 45895 | AB42: 45896 | AC42: 45897 | AD42: 45898 | AE42: 45899 | AF42: 45900
B43: Kilometraje | C43: Kilometraje | D43: Kilometraje | E43: Kilometraje | F43: Kilometraje | G43: Kilometraje | H43: Kilometraje | I43: Kilometraje | J43: Kilometraje | K43: Kilometraje | L43: Kilometraje | M43: Kilometraje | N43: Kilometraje | O43: Kilometraje | P43: Kilometraje | Q43: Kilometraje | R43: Kilometraje | S43: Kilometraje | T43: Kilometraje | U43: Kilometraje | V43: Kilometraje | W43: Kilometraje | X43: Kilometraje | Y43: Kilometraje | Z43: Kilometraje | AA43: Kilometraje | AB43: Kilometraje | AC43: Kilometraje | AD43: Kilometraje | AE43: Kilometraje | AF43: Kilometraje
A44: Tren | B44: Diario | C44: Diario | D44: Diario | E44: Diario | F44: Diario | G44: Diario | H44: Diario | I44: Diario | J44: Diario | K44: Diario | L44: Diario | M44: Diario | N44: Diario | O44: Diario | P44: Diario | Q44: Diario | R44: Diario | S44: Diario | T44: Diario | U44: Diario | V44: Diario | W44: Diario | X44: Diario | Y44: Diario | Z44: Diario | AA44: Diario | AB44: Diario | AC44: Diario | AD44: Diario | AE44: Diario | AF44: Diario
A45: M01 | B45: 570 | C45: =C5-B5 -> 560 | D45: =D5-C5 -> 474 | E45: =E5-D5 -> 560 | F45: =F5-E5 -> 312 | G45: =G5-F5 -> 560 | H45: =H5-G5 -> 603 | I45: =I5-H5 -> 564 | J45: =J5-I5 -> 43 | ... AF45: =AF5-AE5 -> 0
A46: M02 | B46: 562 | C46: =C6-B6 -> 45 | D46: =D6-C6 -> 5 | E46: =E6-D6 -> 203 | F46: =F6-E6 -> 587 | G46: =G6-F6 -> 521 | H46: =H6-G6 -> 561 | I46: =I6-H6 -> 183 | J46: =J6-I6 -> 0 | ... AF46: =AF6-AE6 -> 394
A47: M03 | B47: 0 | C47: =C7-B7 -> 0 | D47: =D7-C7 -> 0 | E47: =E7-D7 -> 215 | F47: =F7-E7 -> 234 | G47: =G7-F7 -> 90 | H47: =H7-G7 -> 250 | I47: =I7-H7 -> 192 | J47: =J7-I7 -> 0 | ... AF47: =AF7-AE7 -> 518
A48: M04 | B48: 216 | C48: =C8-B8 -> 0 | D48: =D8-C8 -> 0 | E48: =E8-D8 -> 195 | F48: =F8-E8 -> 432 | G48: =G8-F8 -> 273 | H48: =H8-G8 -> 562 | I48: =I8-H8 -> 434 | J48: =J8-I8 -> 565 | ... AF48: =AF8-AE8 -> 0
A49: M05 | B49: 162 | C49: =C9-B9 -> 518 | D49: =D9-C9 -> 518 | E49: =E9-D9 -> 284 | F49: =F9-E9 -> 251 | G49: =G9-F9 -> 271 | H49: =H9-G9 -> 475 | I49: =I9-H9 -> 346 | J49: =J9-I9 -> 518 | ... AF49: =AF9-AE9 -> 0
A50: M06 | B50: 133 | C50: =C10-B10 -> 0 | D50: =D10-C10 -> 6 | E50: =E10-D10 -> 175 | F50: =F10-E10 -> 450 | G50: =G10-F10 -> 72 | H50: =H10-G10 -> 434 | I50: =I10-H10 -> 453 | J50: =J10-I10 -> 0 | ... AF50: =AF10-AE10 -> 475
A51: M07 | B51: 0 | C51: =C11-B11 -> 578 | D51: =D11-C11 -> 521 | E51: =E11-D11 -> 521 | F51: =F11-E11 -> 437 | G51: =G11-F11 -> 176 | H51: =H11-G11 -> 179 | I51: =I11-H11 -> 439 | J51: =J11-I11 -> 0 | ... AF51: =AF11-AE11 -> 480
A52: M08 | B52: 232 | C52: =C12-B12 -> 0 | D52: =D12-C12 -> 0 | E52: =E12-D12 -> 253 | F52: =F12-E12 -> 271 | G52: =G12-F12 -> 192 | H52: =H12-G12 -> 250 | I52: =I12-H12 -> 192 | J52: =J12-I12 -> 0 | ... AF52: =AF12-AE12 -> 21
A53: M09 | B53: 2 | C53: =C13-B13 -> 0 | D53: =D13-C13 -> 0 | E53: =E13-D13 -> 0 | F53: =F13-E13 -> 40 | G53: =G13-F13 -> 315 | H53: =H13-G13 -> 177 | I53: =I13-H13 -> 562 | J53: =J13-I13 -> 517 | ... AF53: =AF13-AE13 -> 517
A54: M10 | B54: 174 | C54: =C14-B14 -> 0 | D54: =D14-C14 -> 1 | E54: =E14-D14 -> 0 | F54: =F14-E14 -> 0 | G54: =G14-F14 -> 0 | H54: =H14-G14 -> 0 | I54: =I14-H14 -> 0 | J54: =J14-I14 -> 0 | ... AF54: =AF14-AE14 -> 0
A55: M11 | B55: 530 | C55: =C15-B15 -> 521 | D55: =D15-C15 -> 478 | E55: =E15-D15 -> 272 | F55: =F15-E15 -> 253 | G55: =G15-F15 -> 264 | H55: =H15-G15 -> 254 | I55: =I15-H15 -> 264 | J55: =J15-I15 -> 564 | ... AF55: =AF15-AE15 -> 21
A56: M12 | B56: 562 | C56: =C16-B16 -> 522 | D56: =D16-C16 -> 478 | E56: =E16-D16 -> 253 | F56: =F16-E16 -> 199 | G56: =G16-F16 -> 435 | H56: =H16-G16 -> 110 | I56: =I16-H16 -> 244 | J56: =J16-I16 -> 518 | ... AF56: =AF16-AE16 -> 44
... A79: XM35 | B79: 372 | C79: =C39-B39 -> 0 | D79: =D39-C39 -> 0 | E79: =E39-D39 -> 258 | F79: =F39-E39 -> 262 | G79: =G39-F39 -> 517 | H79: =H39-G39 -> 349 | I79: =I39-H39 -> 178 | J79: =J39-I39 -> 0 | ... AF79: =AF39-AE39 -> 0
A81: Kilometraje Diario | B81: =SUM(B45:B79) -> 9875 | C81: =SUM(C45:C79) -> 6549 | D81: =SUM(D45:D79) -> 5082 | E81: =SUM(E45:E79) -> 10440 | F81: =SUM(F45:F79) -> 10651 | G81: =SUM(G45:G79) -> 10486 | H81: =SUM(H45:H79) -> 10611 | I81: =SUM(I45:I79) -> 10674 | ... AF81: =SUM(AF45:AF79) -> 5120

Sheet KM-Servicio
E1: SA-QU/QU-SA | F1: 7.68 | H1: SA-MI | I1: 21.7 | J1: EB-PU | K1: 25.4 | L1: PU-SA | M1: 29.11 | N1: QU-LI / LI-QU | O1: 21.7 | P1: VM-PU | Q1: 8.3 | R1: VM-LI | S1: 34.83 | T1: LI-PO | U1: 39.19 | W1: PU-ES/ES-PU | X1: 11.71 | Y1: PU-RE | Z1: 6 | AA1: PU-BA | AB1: 2.2 | AC1: SA-VM | AD1: 20.81
B2: CANTIDAD DE SERVICIOS | D2: CANTIDAD DE SERVICIOS | F2: EB-LI | G2: =M2-K1 -> 17.73 | H2: PU-PE | I2: 30.4 | J2: PO-SA | K2: 25.4 | L2: PU-LI | M2: 43.13 | N2: MI-LI / LI-MI | O2: 35.73 | P2: HO-LI/LI-HO | Q2: 33.97 | R2: PU-MI | S2: 7.4 | T2: LI-PE | U2: 12.72 | W2: MI-SA | X2: 21.7 | Y2: PU-PO | Z2: 3.9 | AA2: AM-QU | AB2: =(26.4-21.43) -> 4.97 | AC2: PU-CH | AD2: 10.55
B3: PROGRAMADOS | D3: REALIZADOS | F3: Origen-Destino | G3: Total Trenes | H3: Total Trenes P | I3: Total Servicios | J3: Kms.xTrenes | K3: Kmsxservicios. | L3: Asientos x Kms. | M3: Disp x Km. | N3: Total Odómetro | O3: % Uso Trenes | Q3: Cortes | T3: Acoples | W3: KmTren R | X3: KmTren P
B4: Simples | C4: Dobles | D4: Simples | E4: Dobles | Q4: EB | R4: SA | S4: PE | T4: EB | U4: SA | V4: PE
A5: 45870 | B5: 60 | C5: 19 | D5: ='Data Ocupacion'!D33 -> 68 | E5: ='Data Ocupacion'!E33 -> 11 | F5: PU-LI | G5: =D5+E5*2 -> 90 | H5: =B5+C5*2 -> 98 | I5: =D5+E5 -> 79 | J5: =G5*M$2 -> 3881.7 | K5: =I5*M$2 -> 3407.27 | L5: =J5*104 -> 403696.8 | M5: =I5*104 -> 8216 | Q5: 1 | W5: =J5-(Q5*($M$2-$K$1))-(R5*($M$2-$M$1))- (S5*($M$2-$I$2))+ (T5*($G$2)) -> 3863.97 | X5: =H5*$M$2 -> 4226.74
B6: 58 | C6: 20 | D6: ='Data Ocupacion'!D34 -> 66 | E6: ='Data Ocupacion'!E34 -> 12 | F6: LI-PU | G6: =D6+E6*2 -> 90 | H6: =B6+C6*2 -> 98 | I6: =D6+E6 -> 78 | J6: =G6*M$2 -> 3881.7 | K6: =I6*M$2 -> 3364.14 | L6: =J6*104 -> 403696.8 | M6: =I6*104 -> 8112 | W6: =J6-(T6*($M$2-$K$1)+(U6*($M$2-$M$1))) -> 3881.7 | X6: =H6*$M$2 -> 4226.74
A7: Indisponibilidad hora punta AM/PM por avería 12 incidentes | B7: 33 | C7: 0 | D7: ='Data Ocupacion'!D35 -> 29 | E7: ='Data Ocupacion'!E35 -> 0 | F7: PU-SA | G7: =D7+E7*2 -> 29 | H7: =B7+C7*2 -> 33 | I7: =D7+E7 -> 29 | J7: =G7*M$1 -> 844.19 | K7: =I7*M$1 -> 844.19 | L7: =J7*104 -> 87795.76 | M7: =I7*104 -> 3016 | W7: =J7-(Q7*($M$1-$K$1)) -> 844.19 | X7: =H7*$M$1 -> 960.63
B8: 32 | C8: 0 | D8: ='Data Ocupacion'!D36 -> 29 | E8: ='Data Ocupacion'!E36 -> 0 | F8: SA-PU | G8: =D8+E8*2 -> 29 | H8: =B8+C8*2 -> 32 | I8: =D8+E8 -> 29 | J8: =G8*M$1 -> 844.19 | K8: =I8*M$1 -> 844.19 | L8: =J8*104 -> 87795.76 | M8: =I8*104 -> 3016 | W8: =J8 -> 844.19 | X8: =H8*$M$1 -> 931.52
B9: 0 | C9: 0 | D9: ='Data Ocupacion'!D37 -> 0 | E9: ='Data Ocupacion'!E37 -> 0 | F9: PU-EB | G9: =D9+E9*2 -> 0 | H9: =B9+C9*2 -> 0 | I9: =D9+E9 -> 0 | J9: =G9*K$1 -> 0 | K9: =I9*K$1 -> 0 | L9: =J9*104 -> 0 | M9: =I9*104 -> 0 | W9: =J9 -> 0 | X9: =H9*$K$1 -> 0
B10: 1 | C10: 0 | D10: ='Data Ocupacion'!D38 -> 1 | E10: ='Data Ocupacion'!E38 -> 0 | F10: EB-PU | G10: =D10+E10*2 -> 1 | H10: =B10+C10*2 -> 1 | I10: =D10+E10 -> 1 | J10: =G10*K$1 -> 25.4 | K10: =I10*K$1 -> 25.4 | L10: =J10*104 -> 2641.6 | M10: =I10*104 -> 104 | W10: =J10 -> 25.4 | X10: =H10*$K$1 -> 25.4
B11: 0 | C11: 0 | D11: ='Data Ocupacion'!D39 -> 1 | E11: ='Data Ocupacion'!E39 -> 0 | F11: PU-CH | G11: =D11+E11*2 -> 1 | H11: =B11+C11*2 -> 0 | I11: =D11+E11 -> 1 | J11: =G11*AD$2 -> 10.55 | K11: =AD2 -> 10.55 | L11: =J11*104 -> 1097.2 | M11: =I11*104 -> 104 | W11: =J11 -> 10.55 | X11: =H11*$K$1 -> 0
B12: =SUM(B5:B11) -> 184 | C12: =SUM(C5:C11) -> 39 | D12: =SUM(D5:D11) -> 194 | E12: =SUM(E5:E11) -> 23 | G12: =SUM(G5:G11) -> 240 | H12: =SUM(H5:H11) -> 262 | I12: =SUM(I5:I11) -> 217 | J12: =SUM(J5:J11) -> 9487.73 | K12: =SUM(K5:K11) -> 8495.74 | L12: =SUM(L5:L11) -> 986723.92 | M12: =SUM(M5:M11) -> 22568 | N12: ='Odometro-Kilometraje'!B81 -> 9875 | O12: =(W12/N12)*100 -> 95.898734 | W12: =SUM(W5:W11) -> 9470 | X12: =SUM(X5:X11) -> 10371.03
A13: =A5+1 -> 45871 | B13: 69 | C13: 3 | D13: ='Data Ocupacion'!F33 -> 69 | E13: ='Data Ocupacion'!G33 -> 3 | F13: PU-LI | G13: =D13+E13*2 -> 75 | H13: =B13+C13*2 -> 75 | I13: =D13+E13 -> 72 | J13: =G13*M$2 -> 3234.75 | K13: =I13*M$2 -> 3105.36 | L13: =J13*104 -> 336414 | M13: =I13*104 -> 7488 | W13: =J13-(Q13*($M$2-$K$1))-(R13*($M$2-$M$1))- (S13*($M$2-$I$2))+ (T13*($G$2)) -> 3234.75 | X13: =H13*$M$2 -> 3234.75
B14: 75 | C14: 0 | D14: ='Data Ocupacion'!F34 -> 75 | E14: ='Data Ocupacion'!G34 -> 0 | F14: LI-PU | G14: =D14+E14*2 -> 75 | H14: =B14+C14*2 -> 75 | I14: =D14+E14 -> 75 | J14: =G14*M$2 -> 3234.75 | K14: =I14*M$2 -> 3234.75 | L14: =J14*104 -> 336414 | M14: =I14*104 -> 7800 | W14: =J14-(T14*($M$2-$K$1)+(U14*($M$2-$M$1))) -> 3234.75 | X14: =H14*$M$2 -> 3234.75
B15: 0 | C15: 0 | D15: ='Data Ocupacion'!F35 -> 0 | E15: ='Data Ocupacion'!G35 -> 0 | F15: PU-SA | G15: =D15+E15*2 -> 0 | H15: =B15+C15*2 -> 0 | I15: =D15+E15 -> 0 | J15: =G15*M$1 -> 0 | K15: =I15*M$1 -> 0 | L15: =J15*104 -> 0 | M15: =I15*104 -> 0 | W15: =J15-(Q15*($M$1-$K$1)) -> 0 | X15: =H15*$M$1 -> 0
B16: 0 | C16: 0 | D16: ='Data Ocupacion'!F36 -> 0 | E16: ='Data Ocupacion'!G36 -> 0 | F16: SA-PU | G16: =D16+E16*2 -> 0 | H16: =B16+C16*2 -> 0 | I16: =D16+E16 -> 0 | J16: =G16*M$1 -> 0 | K16: =I16*M$1 -> 0 | L16: =J16*104 -> 0 | M16: =I16*104 -> 0 | W16: =J16 -> 0 | X16: =H16*$M$1 -> 0
B17: 0 | C17: 0 | D17: ='Data Ocupacion'!F37 -> 0 | E17: ='Data Ocupacion'!G37 -> 0 | F17: PU-EB | G17: =D17+E17*2 -> 0 | H17: =B17+C17*2 -> 0 | I17: =D17+E17 -> 0 | J17: =G17*K$1 -> 0 | K17: =I17*K$1 -> 0 | L17: =J17*104 -> 0 | M17: =I17*104 -> 0 | W17: =J17 -> 0 | X17: =H17*$K$1 -> 0
B18: 0 | C18: 0 | D18: ='Data Ocupacion'!F38 -> 0 | E18: ='Data Ocupacion'!G38 -> 0 | F18: EB-PU | G18: =D18+E18*2 -> 0 | H18: =B18+C18*2 -> 0 | I18: =D18+E18 -> 0 | J18: =G18*K$1 -> 0 | K18: =I18*K$1 -> 0 | L18: =J18*104 -> 0 | M18: =I18*104 -> 0 | W18: =J18 -> 0 | X18: =H18*$K$1 -> 0
B19: =SUM(B13:B18) -> 144 | C19: =SUM(C13:C18) -> 3 | D19: =SUM(D13:D18) -> 144 | E19: =SUM(E13:E18) -> 3 | G19: =SUM(G13:G18) -> 150 | H19: =SUM(H13:H18) -> 150 | I19: =SUM(I13:I18) -> 147 | J19: =SUM(J13:J18) -> 6469.5 | K19: =SUM(K13:K18) -> 6340.11 | L19: =SUM(L13:L18) -> 672828 | M19: =SUM(M13:M18) -> 15288 | N19: ='Odometro-Kilometraje'!C81 -> 6549 | O19: =(W19/N19)*100 -> 98.786074 | W19: =SUM(W13:W18) -> 6469.5 | X19: =SUM(X13:X18) -> 6469.5
A20: =A13+1 -> 45872 | B20: 51 | C20: 3 | D20: ='Data Ocupacion'!H33 -> 51 | E20: ='Data Ocupacion'!I33 -> 3 | F20: PU-LI | G20: =D20+E20*2 -> 57 | H20: =B20+C20*2 -> 57 | I20: =D20+E20 -> 54 | J20: =G20*M$2 -> 2458.41 | K20: =I20*M$2 -> 2329.02 | L20: =J20*104 -> 255674.64 | M20: =I20*104 -> 5616 | W20: =J20-(Q20*($M$2-$K$1))-(R20*($M$2-$M$1))- (S20*($M$2-$I$2))+ (T20*($G$2)) -> 2458.41 | X20: =H20*$M$2 -> 2458.41
B21: 57 | C21: 0 | D21: ='Data Ocupacion'!H34 -> 57 | E21: ='Data Ocupacion'!I34 -> 0 | F21: LI-PU | G21: =D21+E21*2 -> 57 | H21: =B21+C21*2 -> 57 | I21: =D21+E21 -> 57 | J21: =G21*M$2 -> 2458.41 | K21: =I21*M$2 -> 2458.41 | L21: =J21*104 -> 255674.64 | M21: =I21*104 -> 5928 | W21: =J21-(T21*($M$2-$K$1)+(U21*($M$2-$M$1))) -> 2458.41 | X21: =H21*$M$2 -> 2458.41
B22: 0 | C22: 0 | D22: ='Data Ocupacion'!H35 -> 0 | E22: ='Data Ocupacion'!I35 -> 0 | F22: PU-SA | G22: =D22+E22*2 -> 0 | H22: =B22+C22*2 -> 0 | I22: =D22+E22 -> 0 | J22: =G22*M$1 -> 0 | K22: =I22*M$1 -> 0 | L22: =J22*104 -> 0 | M22: =I22*104 -> 0 | W22: =J22-(Q22*($M$1-$K$1)) -> 0 | X22: =H22*$M$1 -> 0
B23: 0 | C23: 0 | D23: ='Data Ocupacion'!H36 -> 0 | E23: ='Data Ocupacion'!I36 -> 0 | F23: SA-PU | G23: =D23+E23*2 -> 0 | H23: =B23+C23*2 -> 0 | I23: =D23+E23 -> 0 | J23: =G23*M$1 -> 0 | K23: =I23*M$1 -> 0 | L23: =J23*104 -> 0 | M23: =I23*104 -> 0 | W23: =J23 -> 0 | X23: =H23*$M$1 -> 0
B24: 0 | C24: 0 | D24: ='Data Ocupacion'!H37 -> 0 | E24: ='Data Ocupacion'!I37 -> 0 | F24: PU-EB | G24: =D24+E24*2 -> 0 | H24: =B24+C24*2 -> 0 | I24: =D24+E24 -> 0 | J24: =G24*K$1 -> 0 | K24: =I24*K$1 -> 0 | L24: =J24*104 -> 0 | M24: =I24*104 -> 0 | W24: =J24 -> 0 | X24: =H24*$K$1 -> 0
B25: 0 | C25: 0 | D25: ='Data Ocupacion'!H38 -> 0 | E25: ='Data Ocupacion'!I38 -> 0 | F25: EB-PU | G25: =D25+E25*2 -> 0 | H25: =B25+C25*2 -> 0 | I25: =D25+E25 -> 0 | J25: =G25*K$1 -> 0 | K25: =I25*K$1 -> 0 | L25: =J25*104 -> 0 | M25: =I25*104 -> 0 | W25: =J25 -> 0 | X25: =H25*$K$1 -> 0
B26: =SUM(B20:B25) -> 108 | C26: =SUM(C20:C25) -> 3 | D26: =SUM(D20:D25) -> 108 | E26: =SUM(E20:E25) -> 3 | G26: =SUM(G20:G25) -> 114 | H26: =SUM(H20:H25) -> 114 | I26: =SUM(I20:I25) -> 111 | J26: =SUM(J20:J25) -> 4916.82 | K26: =SUM(K20:K25) -> 4787.43 | L26: =SUM(L20:L25) -> 511349.28 | M26: =SUM(M20:M25) -> 11544 | N26: ='Odometro-Kilometraje'!D81 -> 5082 | O26: =(W26/N26)*100 -> 96.749705 | W26: =SUM(W20:W25) -> 4916.82 | X26: =SUM(X20:X25) -> 4916.82
A27: =A20+1 -> 45873 | B27: 60 | C27: 19 | D27: ='Data Ocupacion'!J33 -> 61 | E27: ='Data Ocupacion'!K33 -> 18 | F27: PU-LI | G27: =D27+E27*2 -> 97 | H27: =B27+C27*2 -> 98 | I27: =D27+E27 -> 79 | J27: =G27*M$2 -> 4183.61 | K27: =I27*M$2 -> 3407.27 | L27: =J27*104 -> 435095.44 | M27: =I27*104 -> 8216 | Q27: 4 | W27: =J27-(Q27*($M$2-$K$1))-(R27*($M$2-$M$1))- (S27*($M$2-$I$2))+ (T27*($G$2)) -> 4112.69 | X27: =H27*$M$2 -> 4226.74
B28: 58 | C28: 20 | D28: ='Data Ocupacion'!J34 -> 59 | E28: ='Data Ocupacion'!K34 -> 19 | F28: LI-PU | G28: =D28+E28*2 -> 97 | H28: =B28+C28*2 -> 98 | I28: =D28+E28 -> 78 | J28: =G28*M$2 -> 4183.61 | K28: =I28*M$2 -> 3364.14 | L28: =J28*104 -> 435095.44 | M28: =I28*104 -> 8112 | T28: 1 | W28: =J28-(T28*($M$2-$K$1)+(U28*($M$2-$M$1))+(V28*($M$2-$I$2))) -> 4165.88 | X28: =H28*$M$2 -> 4226.74
B29: 33 | C29: 0 | D29: ='Data Ocupacion'!J35 -> 33 | E29: ='Data Ocupacion'!K35 -> 0 | F29: PU-SA | G29: =D29+E29*2 -> 33 | H29: =B29+C29*2 -> 33 | I29: =D29+E29 -> 33 | J29: =G29*M$1 -> 960.63 | K29: =I29*M$1 -> 960.63 | L29: =J29*104 -> 99905.52 | M29: =I29*104 -> 3432 | W29: =J29-(Q29*($M$1-$K$1)) -> 960.63 | X29: =H29*$M$1 -> 960.63
B30: 32 | C30: 0 | D30: ='Data Ocupacion'!J36 -> 32 | E30: ='Data Ocupacion'!K36 -> 0 | F30: SA-PU | G30: =D30+E30*2 -> 32 | H30: =B30+C30*2 -> 32 | I30: =D30+E30 -> 32 | J30: =G30*M$1 -> 931.52 | K30: =I30*M$1 -> 931.52 | L30: =J30*104 -> 96878.08 | M30: =I30*104 -> 3328 | W30: =J30 -> 931.52 | X30: =H30*$M$1 -> 931.52
B31: 0 | C31: 0 | D31: ='Data Ocupacion'!J37 -> 0 | E31: ='Data Ocupacion'!K37 -> 0 | F31: PU-EB | G31: =D31+E31*2 -> 0 | H31: =B31+C31*2 -> 0 | I31: =D31+E31 -> 0 | J31: =G31*K$1 -> 0 | K31: =I31*K$1 -> 0 | L31: =J31*104 -> 0 | M31: =I31*104 -> 0 | W31: =J31 -> 0 | X31: =H31*$K$1 -> 0
B32: 1 | C32: 0 | D32: ='Data Ocupacion'!J38 -> 1 | E32: ='Data Ocupacion'!K38 -> 0 | F32: EB-PU | G32: =D32+E32*2 -> 1 | H32: =B32+C32*2 -> 1 | I32: =D32+E32 -> 1 | J32: =G32*K$1 -> 25.4 | K32: =I32*K$1 -> 25.4 | L32: =J32*104 -> 2641.6 | M32: =I32*104 -> 104 | W32: =J32 -> 25.4 | X32: =H32*$K$1 -> 25.4
B33: =SUM(B27:B32) -> 184 | C33: =SUM(C27:C32) -> 39 | D33: =SUM(D27:D32) -> 186 | E33: =SUM(E27:E32) -> 37 | G33: =SUM(G27:G32) -> 260 | H33: =SUM(H27:H32) -> 262 | I33: =SUM(I27:I32) -> 223 | J33: =SUM(J27:J32) -> 10284.77 | K33: =SUM(K27:K32) -> 8688.96 | L33: =SUM(L27:L32) -> 1069616.1 | M33: =SUM(M27:M32) -> 23192 | N33: ='Odometro-Kilometraje'!E81 -> 10440 | O33: =(W33/N33)*100 -> 97.663985 | W33: =SUM(W27:W32) -> 10196.12 | X33: =SUM(X27:X32) -> 10371.03
A34: =A27+1 -> 45874 | B34: 60 | C34: 19 | D34: ='Data Ocupacion'!L33 -> 60 | E34: ='Data Ocupacion'!M33 -> 19 | F34: PU-LI | G34: =D34+E34*2 -> 98 | H34: =B34+C34*2 -> 98 | I34: =D34+E34 -> 79 | J34: =G34*M$2 -> 4226.74 | K34: =I34*M$2 -> 3407.27 | L34: =J34*104 -> 439580.96 | M34: =I34*104 -> 8216 | Q34: 2 | W34: =J34-(Q34*($M$2-$K$1))-(R34*($M$2-$M$1))- (S34*($M$2-$I$2))+ (T34*($G$2)) -> 4191.28 | X34: =H34*$M$2 -> 4226.74
B35: 58 | C35: 20 | D35: ='Data Ocupacion'!L34 -> 58 | E35: ='Data Ocupacion'!M34 -> 20 | F35: LI-PU | G35: =D35+E35*2 -> 98 | H35: =B35+C35*2 -> 98 | I35: =D35+E35 -> 78 | J35: =G35*M$2 -> 4226.74 | K35: =I35*M$2 -> 3364.14 | L35: =J35*104 -> 439580.96 | M35: =I35*104 -> 8112 | T35: 3 | W35: =J35-(T35*($M$2-$K$1)+(U35*($M$2-$M$1))) -> 4173.55 | X35: =H35*$M$2 -> 4226.74
B36: 33 | C36: 0 | D36: ='Data Ocupacion'!L35 -> 33 | E36: ='Data Ocupacion'!M35 -> 0 | F36: PU-SA | G36: =D36+E36*2 -> 33 | H36: =B36+C36*2 -> 33 | I36: =D36+E36 -> 33 | J36: =G36*M$1 -> 960.63 | K36: =I36*M$1 -> 960.63 | L36: =J36*104 -> 99905.52 | M36: =I36*104 -> 3432 | W36: =J36-(Q36*($M$1-$K$1)) -> 960.63 | X36: =H36*$M$1 -> 960.63
B37: 32 | C37: 0 | D37: ='Data Ocupacion'!L36 -> 32 | E37: ='Data Ocupacion'!M36 -> 0 | F37: SA-PU | G37: =D37+E37*2 -> 32 | H37: =B37+C37*2 -> 32 | I37: =D37+E37 -> 32 | J37: =G37*M$1 -> 931.52 | K37: =I37*M$1 -> 931.52 | L37: =J37*104 -> 96878.08 | M37: =I37*104 -> 3328 | W37: =J37 -> 931.52 | X37: =H37*$M$1 -> 931.52
B38: 0 | C38: 0 | D38: ='Data Ocupacion'!L37 -> 0 | E38: ='Data Ocupacion'!M37 -> 0 | F38: PU-EB | G38: =D38+E38*2 -> 0 | H38: =B38+C38*2 -> 0 | I38: =D38+E38 -> 0 | J38: =G38*K$1 -> 0 | K38: =I38*K$1 -> 0 | L38: =J38*104 -> 0 | M38: =I38*104 -> 0 | W38: =J38 -> 0 | X38: =H38*$K$1 -> 0
B39: 1 | C39: 0 | D39: ='Data Ocupacion'!L38 -> 1 | E39: ='Data Ocupacion'!M38 -> 0 | F39: EB-PU | G39: =D39+E39*2 -> 1 | H39: =B39+C39*2 -> 1 | I39: =D39+E39 -> 1 | J39: =G39*K$1 -> 25.4 | K39: =I39*K$1 -> 25.4 | L39: =J39*104 -> 2641.6 | M39: =I39*104 -> 104 | W39: =J39 -> 25.4 | X39: =H39*$K$1 -> 25.4
B40: =SUM(B34:B39) -> 184 | C40: =SUM(C34:C39) -> 39 | D40: =SUM(D34:D39) -> 184 | E40: =SUM(E34:E39) -> 39 | G40: =SUM(G34:G39) -> 262 | H40: =SUM(H34:H39) -> 262 | I40: =SUM(I34:I39) -> 223 | J40: =SUM(J34:J39) -> 10371.03 | K40: =SUM(K34:K39) -> 8688.96 | L40: =SUM(L34:L39) -> 1078587.1 | M40: =SUM(M34:M39) -> 23192 | N40: ='Odometro-Kilometraje'!F81 -> 10651 | O40: =(W40/N40)*100 -> 96.539104 | W40: =SUM(W34:W39) -> 10282.38 | X40: =SUM(X34:X39) -> 10371.03
A41: =A34+1 -> 45875 | B41: 60 | C41: 19 | D41: ='Data Ocupacion'!N33 -> 60 | E41: ='Data Ocupacion'!O33 -> 19 | F41: PU-LI | G41: =D41+E41*2 -> 98 | H41: =B41+C41*2 -> 98 | I41: =D41+E41 -> 79 | J41: =G41*M$2 -> 4226.74 | K41: =I41*M$2 -> 3407.27 | L41: =J41*104 -> 439580.96 | M41: =I41*104 -> 8216 | Q41: 5 | W41: =J41-(Q41*($M$2-$K$1))-(R41*($M$2-$M$1))- (S41*($M$2-$I$2))+ (T41*($G$2)) -> 4138.09 | X41: =H41*$M$2 -> 4226.74
B42: 58 | C42: 20 | D42: ='Data Ocupacion'!N34 -> 58 | E42: ='Data Ocupacion'!O34 -> 20 | F42: LI-PU | G42: =D42+E42*2 -> 98 | H42: =B42+C42*2 -> 98 | I42: =D42+E42 -> 78 | J42: =G42*M$2 -> 4226.74 | K42: =I42*M$2 -> 3364.14 | L42: =J42*104 -> 439580.96 | M42: =I42*104 -> 8112 | T42: 9 | W42: =J42-(T42*($M$2-$K$1)+(U42*($M$2-$M$1))) -> 4067.17 | X42: =H42*$M$2 -> 4226.74
B43: 33 | C43: 0 | D43: ='Data Ocupacion'!N35 -> 33 | E43: ='Data Ocupacion'!O35 -> 0 | F43: PU-SA | G43: =D43+E43*2 -> 33 | H43: =B43+C43*2 -> 33 | I43: =D43+E43 -> 33 | J43: =G43*M$1 -> 960.63 | K43: =I43*M$1 -> 960.63 | L43: =J43*104 -> 99905.52 | M43: =I43*104 -> 3432 | W43: =J43-(Q43*($M$1-$K$1)) -> 960.63 | X43: =H43*$M$1 -> 960.63
B44: 32 | C44: 0 | D44: ='Data Ocupacion'!N36 -> 32 | E44: ='Data Ocupacion'!O36 -> 0 | F44: SA-PU | G44: =D44+E44*2 -> 32 | H44: =B44+C44*2 -> 32 | I44: =D44+E44 -> 32 | J44: =G44*M$1 -> 931.52 | K44: =I44*M$1 -> 931.52 | L44: =J44*104 -> 96878.08 | M44: =I44*104 -> 3328 | W44: =J44 -> 931.52 | X44: =H44*$M$1 -> 931.52
B45: 0 | C45: 0 | D45: ='Data Ocupacion'!N37 -> 0 | E45: ='Data Ocupacion'!O37 -> 0 | F45: PU-EB | G45: =D45+E45*2 -> 0 | H45: =B45+C45*2 -> 0 | I45: =D45+E45 -> 0 | J45: =G45*K$1 -> 0 | K45: =I45*K$1 -> 0 | L45: =J45*104 -> 0 | M45: =I45*104 -> 0 | W45: =J45 -> 0 | X45: =H45*$K$1 -> 0
B46: 1 | C46: 0 | D46: ='Data Ocupacion'!N38 -> 1 | E46: ='Data Ocupacion'!O38 -> 0 | F46: EB-PU | G46: =D46+E46*2 -> 1 | H46: =B46+C46*2 -> 1 | I46: =D46+E46 -> 1 | J46: =G46*K$1 -> 25.4 | K46: =I46*K$1 -> 25.4 | L46: =J46*104 -> 2641.6 | M46: =I46*104 -> 104 | W46: =J46 -> 25.4 | X46: =H46*$K$1 -> 25.4
B47: =SUM(B41:B46) -> 184 | C47: =SUM(C41:C46) -> 39 | D47: =SUM(D41:D46) -> 184 | E47: =SUM(E41:E46) -> 39 | G47: =SUM(G41:G46) -> 262 | H47: =SUM(H41:H46) -> 262 | I47: =SUM(I41:I46) -> 223 | J47: =SUM(J41:J46) -> 10371.03 | K47: =SUM(K41:K46) -> 8688.96 | L47: =SUM(L41:L46) -> 1078587.1 | M47: =SUM(M41:M46) -> 23192 | N47: ='Odometro-Kilometraje'!G81 -> 10486 | O47: =(W47/N47)*100 -> 96.53643 | W47: =SUM(W41:W46) -> 10122.81 | X47: =SUM(X41:X46) -> 10371.03
A48: =A41+1 -> 45876 | B48: 60 | C48: 19 | D48: ='Data Ocupacion'!P33 -> 60 | E48: ='Data Ocupacion'!Q33 -> 19 | F48: PU-LI | G48: =D48+E48*2 -> 98 | H48: =B48+C48*2 -> 98 | I48: =D48+E48 -> 79 | J48: =G48*M$2 -> 4226.74 | K48: =I48*M$2 -> 3407.27 | L48: =J48*104 -> 439580.96 | M48: =I48*104 -> 8216 | Q48: 2 | W48: =J48-(Q48*($M$2-$K$1))-(R48*($M$2-$M$1))- (S48*($M$2-$I$2))+ (T48*($G$2)) -> 4191.28 | X48: =H48*$M$2 -> 4226.74
B49: 58 | C49: 20 | D49: ='Data Ocupacion'!P34 -> 58 | E49: ='Data Ocupacion'!Q34 -> 20 | F49: LI-PU | G49: =D49+E49*2 -> 98 | H49: =B49+C49*2 -> 98 | I49: =D49+E49 -> 78 | J49: =G49*M$2 -> 4226.74 | K49: =I49*M$2 -> 3364.14 | L49: =J49*104 -> 439580.96 | M49: =I49*104 -> 8112 | T49: 2 | W49: =J49-(T49*($M$2-$K$1)+(U49*($M$2-$M$1))) -> 4191.28 | X49: =H49*$M$2 -> 4226.74
B50: 33 | C50: 0 | D50: ='Data Ocupacion'!P35 -> 33 | E50: ='Data Ocupacion'!Q35 -> 0 | F50: PU-SA | G50: =D50+E50*2 -> 33 | H50: =B50+C50*2 -> 33 | I50: =D50+E50 -> 33 | J50: =G50*M$1 -> 960.63 | K50: =I50*M$1 -> 960.63 | L50: =J50*104 -> 99905.52 | M50: =I50*104 -> 3432 | W50: =J50-(Q50*($M$1-$K$1)) -> 960.63 | X50: =H50*$M$1 -> 960.63
B51: 32 | C51: 0 | D51: ='Data Ocupacion'!P36 -> 32 | E51: ='Data Ocupacion'!Q36 -> 0 | F51: SA-PU | G51: =D51+E51*2 -> 32 | H51: =B51+C51*2 -> 32 | I51: =D51+E51 -> 32 | J51: =G51*M$1 -> 931.52 | K51: =I51*M$1 -> 931.52 | L51: =J51*104 -> 96878.08 | M51: =I51*104 -> 3328 | W51: =J51 -> 931.52 | X51: =H51*$M$1 -> 931.52
B52: 0 | C52: 0 | D52: ='Data Ocupacion'!P37 -> 0 | E52: ='Data Ocupacion'!Q37 -> 0 | F52: PU-EB | G52: =D52+E52*2 -> 0 | H52: =B52+C52*2 -> 0 | I52: =D52+E52 -> 0 | J52: =G52*K$1 -> 0 | K52: =I52*K$1 -> 0 | L52: =J52*104 -> 0 | M52: =I52*104 -> 0 | W52: =J52 -> 0 | X52: =H52*$K$1 -> 0
B53: 1 | C53: 0 | D53: ='Data Ocupacion'!P38 -> 1 | E53: ='Data Ocupacion'!Q38 -> 0 | F53: EB-PU | G53: =D53+E53*2 -> 1 | H53: =B53+C53*2 -> 1 | I53: =D53+E53 -> 1 | J53: =G53*K$1 -> 25.4 | K53: =I53*K$1 -> 25.4 | L53: =J53*104 -> 2641.6 | M53: =I53*104 -> 104 | W53: =J53 -> 25.4 | X53: =H53*$K$1 -> 25.4
B54: =SUM(B48:B53) -> 184 | C54: =SUM(C48:C53) -> 39 | D54: =SUM(D48:D53) -> 184 | E54: =SUM(E48:E53) -> 39 | G54: =SUM(G48:G53) -> 262 | H54: =SUM(H48:H53) -> 262 | I54: =SUM(I48:I53) -> 223 | J54: =SUM(J48:J53) -> 10371.03 | K54: =SUM(K48:K53) -> 8688.96 | L54: =SUM(L48:L53) -> 1078587.1 | M54: =SUM(M48:M53) -> 23192 | N54: ='Odometro-Kilometraje'!H81 -> 10611 | O54: =(W54/N54)*100 -> 97.070116 | W54: =SUM(W48:W53) -> 10300.11 | X54: =SUM(X48:X53) -> 10371.03
A55: =A48+1 -> 45877 | B55: 60 | C55: 19 | D55: ='Data Ocupacion'!R33 -> 60 | E55: ='Data Ocupacion'!S33 -> 19 | F55: PU-LI | G55: =D55+E55*2 -> 98 | H55: =B55+C55*2 -> 98 | I55: =D55+E55 -> 79 | J55: =G55*M$2 -> 4226.74 | K55: =I55*M$2 -> 3407.27 | L55: =J55*104 -> 439580.96 | M55: =I55*104 -> 8216 | Q55: 2 | W55: =J55-(Q55*($M$2-$K$1))-(R55*($M$2-$M$1))- (S55*($M$2-$I$2))+ (T55*($G$2)) -> 4191.28 | X55: =H55*$M$2 -> 4226.74
B56: 58 | C56: 20 | D56: ='Data Ocupacion'!R34 -> 58 | E56: ='Data Ocupacion'!S34 -> 20 | F56: LI-PU | G56: =D56+E56*2 -> 98 | H56: =B56+C56*2 -> 98 | I56: =D56+E56 -> 78 | J56: =G56*M$2 -> 4226.74 | K56: =I56*M$2 -> 3364.14 | L56: =J56*104 -> 439580.96 | M56: =I56*104 -> 8112 | T56: 4 | W56: =J56-(T56*($M$2-$K$1)+(U56*($M$2-$M$1))) -> 4155.82 | X56: =H56*$M$2 -> 4226.74
B57: 33 | C57: 0 | D57: ='Data Ocupacion'!R35 -> 33 | E57: ='Data Ocupacion'!S35 -> 0 | F57: PU-SA | G57: =D57+E57*2 -> 33 | H57: =B57+C57*2 -> 33 | I57: =D57+E57 -> 33 | J57: =G57*M$1 -> 960.63 | K57: =I57*M$1 -> 960.63 | L57: =J57*104 -> 99905.52 | M57: =I57*104 -> 3432 | W57: =J57-(Q57*($M$1-$K$1)) -> 960.63 | X57: =H57*$M$1 -> 960.63
B58: 32 | C58: 0 | D58: ='Data Ocupacion'!R36 -> 32 | E58: ='Data Ocupacion'!S36 -> 0 | F58: SA-PU | G58: =D58+E58*2 -> 32 | H58: =B58+C58*2 -> 32 | I58: =D58+E58 -> 32 | J58: =G58*M$1 -> 931.52 | K58: =I58*M$1 -> 931.52 | L58: =J58*104 -> 96878.08 | M58: =I58*104 -> 3328 | W58: =J58 -> 931.52 | X58: =H58*$M$1 -> 931.52 | BM58: v
B59: 0 | C59: 0 | D59: ='Data Ocupacion'!R37 -> 0 | E59: ='Data Ocupacion'!S37 -> 0 | F59: PU-EB | G59: =D59+E59*2 -> 0 | H59: =B59+C59*2 -> 0 | I59: =D59+E59 -> 0 | J59: =G59*K$1 -> 0 | K59: =I59*K$1 -> 0 | L59: =J59*104 -> 0 | M59: =I59*104 -> 0 | W59: =J59 -> 0 | X59: =H59*$K$1 -> 0
B60: 1 | C60: 0 | D60: ='Data Ocupacion'!R38 -> 1 | E60: ='Data Ocupacion'!S38 -> 0 | F60: EB-PU | G60: =D60+E60*2 -> 1 | H60: =B60+C60*2 -> 1 | I60: =D60+E60 -> 1 | J60: =G60*K$1 -> 25.4 | K60: =I60*K$1 -> 25.4 | L60: =J60*104 -> 2641.6 | M60: =I60*104 -> 104 | W60: =J60 -> 25.4 | X60: =H60*$K$1 -> 25.4
B61: =SUM(B55:B60) -> 184 | C61: =SUM(C55:C60) -> 39 | D61: =SUM(D55:D60) -> 184 | E61: =SUM(E55:E60) -> 39 | G61: =SUM(G55:G60) -> 262 | H61: =SUM(H55:H60) -> 262 | I61: =SUM(I55:I60) -> 223 | J61: =SUM(J55:J60) -> 10371.03 | K61: =SUM(K55:K60) -> 8688.96 | L61: =SUM(L55:L60) -> 1078587.1 | M61: =SUM(M55:M60) -> 23192 | N61: ='Odometro-Kilometraje'!I81 -> 10674 | O61: =(W61/N61)*100 -> 96.16498 | W61: =SUM(W55:W60) -> 10264.65 | X61: =SUM(X55:X60) -> 10371.03
A62: =A55+1 -> 45878 | B62: 69 | C62: 3 | D62: ='Data Ocupacion'!T33 -> 69 | E62: ='Data Ocupacion'!U33 -> 3 | F62: PU-LI | G62: =D62+E62*2 -> 75 | H62: =B62+C62*2 -> 75 | I62: =D62+E62 -> 72 | J62: =G62*M$2 -> 3234.75 | K62: =I62*M$2 -> 3105.36 | L62: =J62*104 -> 336414 | M62: =I62*104 -> 7488 | W62: =J62-(Q62*($M$2-$K$1))-(R62*($M$2-$M$1))- (S62*($M$2-$I$2))+ (T62*($G$2)) -> 3234.75 | X62: =H62*$M$2 -> 3234.75
B63: 75 | C63: 0 | D63: ='Data Ocupacion'!T34 -> 75 | E63: ='Data Ocupacion'!U34 -> 0 | F63: LI-PU | G63: =D63+E63*2 -> 75 | H63: =B63+C63*2 -> 75 | I63: =D63+E63 -> 75 | J63: =G63*M$2 -> 3234.75 | K63: =I63*M$2 -> 3234.75 | L63: =J63*104 -> 336414 | M63: =I63*104 -> 7800 | W63: =J63-(T63*($M$2-$K$1)+(U63*($M$2-$M$1))) -> 3234.75 | X63: =H63*$M$2 -> 3234.75
B64: 0 | C64: 0 | D64: ='Data Ocupacion'!T35 -> 0 | E64: ='Data Ocupacion'!U35 -> 0 | F64: PU-SA | G64: =D64+E64*2 -> 0 | H64: =B64+C64*2 -> 0 | I64: =D64+E64 -> 0 | J64: =G64*M$1 -> 0 | K64: =I64*M$1 -> 0 | L64: =J64*104 -> 0 | M64: =I64*104 -> 0 | W64: =J64-(Q64*($M$1-$K$1)) -> 0 | X64: =H64*$M$1 -> 0
B65: 0 | C65: 0 | D65: ='Data Ocupacion'!T36 -> 0 | E65: ='Data Ocupacion'!U36 -> 0 | F65: SA-PU | G65: =D65+E65*2 -> 0 | H65: =B65+C65*2 -> 0 | I65: =D65+E65 -> 0 | J65: =G65*M$1 -> 0 | K65: =I65*M$1 -> 0 | L65: =J65*104 -> 0 | M65: =I65*104 -> 0 | W65: =J65 -> 0 | X65: =H65*$M$1 -> 0
B66: 0 | C66: 0 | D66: ='Data Ocupacion'!T37 -> 0 | E66: ='Data Ocupacion'!U37 -> 0 | F66: PU-EB | G66: =D66+E66*2 -> 0 | H66: =B66+C66*2 -> 0 | I66: =D66+E66 -> 0 | J66: =G66*K$1 -> 0 | K66: =I66*K$1 -> 0 | L66: =J66*104 -> 0 | M66: =I66*104 -> 0 | W66: =J66 -> 0 | X66: =H66*$K$1 -> 0
B67: 0 | C67: 0 | D67: ='Data Ocupacion'!T38 -> 0 | E67: ='Data Ocupacion'!U38 -> 0 | F67: EB-PU | G67: =D67+E67*2 -> 0 | H67: =B67+C67*2 -> 0 | I67: =D67+E67 -> 0 | J67: =G67*K$1 -> 0 | K67: =I67*K$1 -> 0 | L67: =J67*104 -> 0 | M67: =I67*104 -> 0 | W67: =J67 -> 0 | X67: =H67*$K$1 -> 0
B68: =SUM(B62:B67) -> 144 | C68: =SUM(C62:C67) -> 3 | D68: =SUM(D62:D67) -> 144 | E68: =SUM(E62:E67) -> 3 | G68: =SUM(G62:G67) -> 150 | H68: =SUM(H62:H67) -> 150 | I68: =SUM(I62:I67) -> 147 | J68: =SUM(J62:J67) -> 6469.5 | K68: =SUM(K62:K67) -> 6340.11 | L68: =SUM(L62:L67) -> 672828 | M68: =SUM(M62:M67) -> 15288 | N68: ='Odometro-Kilometraje'!J81 -> 6490 | O68: =(W68/N68)*100 -> 99.684129 | W68: =SUM(W62:W67) -> 6469.5 | X68: =SUM(X62:X67) -> 6469.5
A69: =A62+1 -> 45879 | B69: 51 | C69: 3 | D69: ='Data Ocupacion'!V33 -> 51 | E69: ='Data Ocupacion'!W33 -> 3 | F69: PU-LI | G69: =D69+E69*2 -> 57 | H69: =B69+C69*2 -> 57 | I69: =D69+E69 -> 54 | J69: =G69*M$2 -> 2458.41 | K69: =I69*M$2 -> 2329.02 | L69: =J69*104 -> 255674.64 | M69: =I69*104 -> 5616 | W69: =J69-(Q69*($M$2-$K$1))-(R69*($M$2-$M$1))- (S69*($M$2-$I$2))+ (T69*($G$2)) -> 2458.41 | X69: =H69*$M$2 -> 2458.41
B70: 57 | C70: 0 | D70: ='Data Ocupacion'!V34 -> 57 | E70: ='Data Ocupacion'!W34 -> 0 | F70: LI-PU | G70: =D70+E70*2 -> 57 | H70: =B70+C70*2 -> 57 | I70: =D70+E70 -> 57 | J70: =G70*M$2 -> 2458.41 | K70: =I70*M$2 -> 2458.41 | L70: =J70*104 -> 255674.64 | M70: =I70*104 -> 5928 | W70: =J70-(T70*($M$2-$K$1)+(U70*($M$2-$M$1))+(V70*($U$2))) -> 2458.41 | X70: =H70*$M$2 -> 2458.41
B71: 0 | C71: 0 | D71: ='Data Ocupacion'!V35 -> 0 | E71: ='Data Ocupacion'!W35 -> 0 | F71: PU-SA | G71: =D71+E71*2 -> 0 | H71: =B71+C71*2 -> 0 | I71: =D71+E71 -> 0 | J71: =G71*M$1 -> 0 | K71: =I71*M$1 -> 0 | L71: =J71*104 -> 0 | M71: =I71*104 -> 0 | W71: =J71-(Q71*($M$1-$K$1)) -> 0 | X71: =H71*$M$1 -> 0
B72: 0 | C72: 0 | D72: ='Data Ocupacion'!V36 -> 0 | E72: ='Data Ocupacion'!W36 -> 0 | F72: SA-PU | G72: =D72+E72*2 -> 0 | H72: =B72+C72*2 -> 0 | I72: =D72+E72 -> 0 | J72: =G72*M$1 -> 0 | K72: =I72*M$1 -> 0 | L72: =J72*104 -> 0 | M72: =I72*104 -> 0 | W72: =J72 -> 0 | X72: =H72*$M$1 -> 0
B73: 0 | C73: 0 | D73: ='Data Ocupacion'!V37 -> 0 | E73: ='Data Ocupacion'!W37 -> 0 | F73: PU-EB | G73: =D73+E73*2 -> 0 | H73: =B73+C73*2 -> 0 | I73: =D73+E73 -> 0 | J73: =G73*K$1 -> 0 | K73: =I73*K$1 -> 0 | L73: =J73*104 -> 0 | M73: =I73*104 -> 0 | W73: =J73 -> 0 | X73: =H73*$K$1 -> 0
B74: 0 | C74: 0 | D74: ='Data Ocupacion'!V38 -> 0 | E74: ='Data Ocupacion'!W38 -> 0 | F74: EB-PU | G74: =D74+E74*2 -> 0 | H74: =B74+C74*2 -> 0 | I74: =D74+E74 -> 0 | J74: =G74*K$1 -> 0 | K74: =I74*K$1 -> 0 | L74: =J74*104 -> 0 | M74: =I74*104 -> 0 | W74: =J74 -> 0 | X74: =H74*$K$1 -> 0
B75: =SUM(B69:B74) -> 108 | C75: =SUM(C69:C74) -> 3 | D75: =SUM(D69:D74) -> 108 | E75: =SUM(E69:E74) -> 3 | G75: =SUM(G69:G74) -> 114 | H75: =SUM(H69:H74) -> 114 | I75: =SUM(I69:I74) -> 111 | J75: =SUM(J69:J74) -> 4916.82 | K75: =SUM(K69:K74) -> 4787.43 | L75: =SUM(L69:L74) -> 511349.28 | M75: =SUM(M69:M74) -> 11544 | N75: ='Odometro-Kilometraje'!K81 -> 5063 | O75: =(W75/N75)*100 -> 97.112779 | W75: =SUM(W69:W74) -> 4916.82 | X75: =SUM(X69:X74) -> 4916.82
A76: =A69+1 -> 45880 | B76: 50 | C76: 29 | D76: ='Data Ocupacion'!X33 -> 50 | E76: ='Data Ocupacion'!Y33 -> 29 | F76: PU-LI | G76: =D76+E76*2 -> 108 | H76: =B76+C76*2 -> 108 | I76: =D76+E76 -> 79 | J76: =G76*M$2 -> 4658.04 | K76: =I76*M$2 -> 3407.27 | L76: =J76*104 -> 484436.16 | M76: =I76*104 -> 8216 | Q76: 2 | W76: =J76-(Q76*($M$2-$K$1))-(R76*($M$2-$M$1))- (S76*($M$2-$I$2))+ (T76*($G$2)) -> 4622.58 | X76: =H76*$M$2 -> 4658.04
A77: Planilla “025 Laboral Lun-Vie Ver 4” | B77: 48 | C77: 30 | D77: ='Data Ocupacion'!X34 -> 48 | E77: ='Data Ocupacion'!Y34 -> 30 | F77: LI-PU | G77: =D77+E77*2 -> 108 | H77: =B77+C77*2 -> 108 | I77: =D77+E77 -> 78 | J77: =G77*M$2 -> 4658.04 | K77: =I77*M$2 -> 3364.14 | L77: =J77*104 -> 484436.16 | M77: =I77*104 -> 8112 | T77: 3 | W77: =J77-(T77*($M$2-$K$1)+(U77*($M$2-$M$1))) -> 4604.85 | X77: =H77*$M$2 -> 4658.04
B78: 30 | C78: 3 | D78: ='Data Ocupacion'!X35 -> 30 | E78: ='Data Ocupacion'!Y35 -> 3 | F78: PU-SA | G78: =D78+E78*2 -> 36 | H78: =B78+C78*2 -> 36 | I78: =D78+E78 -> 33 | J78: =G78*M$1 -> 1047.96 | K78: =I78*M$1 -> 960.63 | L78: =J78*104 -> 108987.84 | M78: =I78*104 -> 3432 | W78: =J78-(Q78*($M$1-$K$1)) -> 1047.96 | X78: =H78*$M$1 -> 1047.96
B79: 29 | C79: 3 | D79: ='Data Ocupacion'!X36 -> 29 | E79: ='Data Ocupacion'!Y36 -> 3 | F79: SA-PU | G79: =D79+E79*2 -> 35 | H79: =B79+C79*2 -> 35 | I79: =D79+E79 -> 32 | J79: =G79*M$1 -> 1018.85 | K79: =I79*M$1 -> 931.52 | L79: =J79*104 -> 105960.4 | M79: =I79*104 -> 3328 | W79: =J79 -> 1018.85 | X79: =H79*$M$1 -> 1018.85
B80: 0 | C80: 0 | D80: ='Data Ocupacion'!X37 -> 0 | E80: ='Data Ocupacion'!Y37 -> 0 | F80: PU-EB | G80: =D80+E80*2 -> 0 | H80: =B80+C80*2 -> 0 | I80: =D80+E80 -> 0 | J80: =G80*K$1 -> 0 | K80: =I80*K$1 -> 0 | L80: =J80*104 -> 0 | M80: =I80*104 -> 0 | W80: =J80 -> 0 | X80: =H80*$K$1 -> 0
B81: 1 | C81: 0 | D81: ='Data Ocupacion'!X38 -> 1 | E81: ='Data Ocupacion'!Y38 -> 0 | F81: EB-PU | G81: =D81+E81*2 -> 1 | H81: =B81+C81*2 -> 1 | I81: =D81+E81 -> 1 | J81: =G81*K$1 -> 25.4 | K81: =I81*K$1 -> 25.4 | L81: =J81*104 -> 2641.6 | M81: =I81*104 -> 104 | W81: =J81 -> 25.4 | X81: =H81*$K$1 -> 25.4
B82: =SUM(B76:B81) -> 158 | C82: =SUM(C76:C81) -> 65 | D82: =SUM(D76:D81) -> 158 | E82: =SUM(E76:E81) -> 65 | G82: =SUM(G76:G81) -> 288 | H82: =SUM(H76:H81) -> 288 | I82: =SUM(I76:I81) -> 223 | J82: =SUM(J76:J81) -> 11408.29 | K82: =SUM(K76:K81) -> 8688.96 | L82: =SUM(L76:L81) -> 1186462.2 | M82: =SUM(M76:M81) -> 23192 | N82: ='Odometro-Kilometraje'!L81 -> 11667 | O82: =(W82/N82)*100 -> 97.022714 | W82: =SUM(W76:W81) -> 11319.64 | X82: =SUM(X76:X81) -> 11408.29
A83: =A76+1 -> 45881 | B83: 50 | C83: 29 | D83: ='Data Ocupacion'!Z33 -> 50 | E83: ='Data Ocupacion'!AA33 -> 29 | F83: PU-LI | G83: =D83+E83*2 -> 108 | H83: =B83+C83*2 -> 108 | I83: =D83+E83 -> 79 | J83: =G83*M$2 -> 4658.04 | K83: =I83*M$2 -> 3407.27 | L83: =J83*104 -> 484436.16 | M83: =I83*104 -> 8216 | Q83: 3 | W83: =J83-(Q83*($M$2-$K$1))-(R83*($M$2-$M$1))- (S83*($M$2-$I$2))+ (T83*($G$2)) -> 4604.85 | X83: =H83*$M$2 -> 4658.04
B84: 48 | C84: 30 | D84: ='Data Ocupacion'!Z34 -> 48 | E84: ='Data Ocupacion'!AA34 -> 30 | F84: LI-PU | G84: =D84+E84*2 -> 108 | H84: =B84+C84*2 -> 108 | I84: =D84+E84 -> 78 | J84: =G84*M$2 -> 4658.04 | K84: =I84*M$2 -> 3364.14 | L84: =J84*104 -> 484436.16 | M84: =I84*104 -> 8112 | T84: 4 | W84: =J84-(T84*($M$2-$K$1)+(U84*($M$2-$M$1))) -> 4587.12 | X84: =H84*$M$2 -> 4658.04
B85: 30 | C85: 3 | D85: ='Data Ocupacion'!Z35 -> 30 | E85: ='Data Ocupacion'!AA35 -> 3 | F85: PU-SA | G85: =D85+E85*2 -> 36 | H85: =B85+C85*2 -> 36 | I85: =D85+E85 -> 33 | J85: =G85*M$1 -> 1047.96 | K85: =I85*M$1 -> 960.63 | L85: =J85*104 -> 108987.84 | M85: =I85*104 -> 3432 | W85: =J85-(Q85*($M$1-$K$1)) -> 1047.96 | X85: =H85*$M$1 -> 1047.96
B86: 29 | C86: 3 | D86: ='Data Ocupacion'!Z36 -> 29 | E86: ='Data Ocupacion'!AA36 -> 3 | F86: SA-PU | G86: =D86+E86*2 -> 35 | H86: =B86+C86*2 -> 35 | I86: =D86+E86 -> 32 | J86: =G86*M$1 -> 1018.85 | K86: =I86*M$1 -> 931.52 | L86: =J86*104 -> 105960.4 | M86: =I86*104 -> 3328 | W86: =J86 -> 1018.85 | X86: =H86*$M$1 -> 1018.85
B87: 0 | C87: 0 | D87: ='Data Ocupacion'!Z37 -> 0 | E87: ='Data Ocupacion'!AA37 -> 0 | F87: PU-EB | G87: =D87+E87*2 -> 0 | H87: =B87+C87*2 -> 0 | I87: =D87+E87 -> 0 | J87: =G87*K$1 -> 0 | K87: =I87*K$1 -> 0 | L87: =J87*104 -> 0 | M87: =I87*104 -> 0 | W87: =J87 -> 0 | X87: =H87*$K$1 -> 0
B88: 1 | C88: 0 | D88: ='Data Ocupacion'!Z38 -> 1 | E88: ='Data Ocupacion'!AA38 -> 0 | F88: EB-PU | G88: =D88+E88*2 -> 1 | H88: =B88+C88*2 -> 1 | I88: =D88+E88 -> 1 | J88: =G88*K$1 -> 25.4 | K88: =I88*K$1 -> 25.4 | L88: =J88*104 -> 2641.6 | M88: =I88*104 -> 104 | W88: =J88 -> 25.4 | X88: =H88*$K$1 -> 25.4
B89: =SUM(B83:B88) -> 158 | C89: =SUM(C83:C88) -> 65 | D89: =SUM(D83:D88) -> 158 | E89: =SUM(E83:E88) -> 65 | G89: =SUM(G83:G88) -> 288 | H89: =SUM(H83:H88) -> 288 | I89: =SUM(I83:I88) -> 223 | J89: =SUM(J83:J88) -> 11408.29 | K89: =SUM(K83:K88) -> 8688.96 | L89: =SUM(L83:L88) -> 1186462.2 | M89: =SUM(M83:M88) -> 23192 | N89: ='Odometro-Kilometraje'!M81 -> 11793 | O89: =(W89/N89)*100 -> 95.685407 | W89: =SUM(W83:W88) -> 11284.18 | X89: =SUM(X83:X88) -> 11408.29
A90: =A83+1 -> 45882 | B90: 50 | C90: 29 | D90: ='Data Ocupacion'!AB33 -> 53 | E90: ='Data Ocupacion'!AC33 -> 27 | F90: PU-LI | G90: =D90+E90*2 -> 107 | H90: =B90+C90*2 -> 108 | I90: =D90+E90 -> 80 | J90: =G90*M$2 -> 4614.91 | K90: =I90*M$2 -> 3450.4 | L90: =J90*104 -> 479950.64 | M90: =I90*104 -> 8320 | Q90: 4 | W90: =J90-(Q90*($M$2-$K$1))-(R90*($M$2-$M$1))- (S90*($M$2-$I$2))+ (T90*($G$2)) -> 4543.99 | X90: =H90*$M$2 -> 4658.04
B91: 48 | C91: 30 | D91: ='Data Ocupacion'!AB34 -> 49 | E91: ='Data Ocupacion'!AC34 -> 29 | F91: LI-PU | G91: =D91+E91*2 -> 107 | H91: =B91+C91*2 -> 108 | I91: =D91+E91 -> 78 | J91: =G91*M$2 -> 4614.91 | K91: =I91*M$2 -> 3364.14 | L91: =J91*104 -> 479950.64 | M91: =I91*104 -> 8112 | T91: 4 | W91: =J91-(T91*($M$2-$K$1)+(U91*($M$2-$M$1))) -> 4543.99 | X91: =H91*$M$2 -> 4658.04
A92: Estación Sgto. Aldea. Servicio 428 XT-25 (viaje 165) suprimido. (Avería N°9796) | B92: 30 | C92: 3 | D92: ='Data Ocupacion'!AB35 -> 29 | E92: ='Data Ocupacion'!AC35 -> 3 | F92: PU-SA | G92: =D92+E92*2 -> 35 | H92: =B92+C92*2 -> 36 | I92: =D92+E92 -> 32 | J92: =G92*M$1 -> 1018.85 | K92: =I92*M$1 -> 931.52 | L92: =J92*104 -> 105960.4 | M92: =I92*104 -> 3328 | W92: =J92-(Q92*($M$1-$K$1)) -> 1018.85 | X92: =H92*$M$1 -> 1047.96
B93: 29 | C93: 3 | D93: ='Data Ocupacion'!AB36 -> 28 | E93: ='Data Ocupacion'!AC36 -> 3 | F93: SA-PU | G93: =D93+E93*2 -> 34 | H93: =B93+C93*2 -> 35 | I93: =D93+E93 -> 31 | J93: =G93*M$1 -> 989.74 | K93: =I93*M$1 -> 902.41 | L93: =J93*104 -> 102932.96 | M93: =I93*104 -> 3224 | W93: =J93 -> 989.74 | X93: =H93*$M$1 -> 1018.85
B94: 0 | C94: 0 | D94: ='Data Ocupacion'!AB37 -> 0 | E94: ='Data Ocupacion'!AC37 -> 0 | F94: PU-EB | G94: =D94+E94*2 -> 0 | H94: =B94+C94*2 -> 0 | I94: =D94+E94 -> 0 | J94: =G94*K$1 -> 0 | K94: =I94*K$1 -> 0 | L94: =J94*104 -> 0 | M94: =I94*104 -> 0 | W94: =J94 -> 0 | X94: =H94*$K$1 -> 0
B95: 1 | C95: 0 | D95: ='Data Ocupacion'!AB38 -> 1 | E95: ='Data Ocupacion'!AC38 -> 0 | F95: EB-PU | G95: =D95+E95*2 -> 1 | H95: =B95+C95*2 -> 1 | I95: =D95+E95 -> 1 | J95: =G95*K$1 -> 25.4 | K95: =I95*K$1 -> 25.4 | L95: =J95*104 -> 2641.6 | M95: =I95*104 -> 104 | W95: =J95 -> 25.4 | X95: =H95*$K$1 -> 25.4
B96: =SUM(B90:B95) -> 158 | C96: =SUM(C90:C95) -> 65 | D96: =SUM(D90:D95) -> 160 | E96: =SUM(E90:E95) -> 62 | G96: =SUM(G90:G95) -> 284 | H96: =SUM(H90:H95) -> 288 | I96: =SUM(I90:I95) -> 222 | J96: =SUM(J90:J95) -> 11263.81 | K96: =SUM(K90:K95) -> 8673.87 | L96: =SUM(L90:L95) -> 1171436.2 | M96: =SUM(M90:M95) -> 23088 | N96: ='Odometro-Kilometraje'!N81 -> 11485 | O96: =(W96/N96)*100 -> 96.839094 | W96: =SUM(W90:W95) -> 11121.97 | X96: =SUM(X90:X95) -> 11408.29
A97: =A90+1 -> 45883 | B97: 50 | C97: 29 | D97: ='Data Ocupacion'!AD33 -> 51 | E97: ='Data Ocupacion'!AE33 -> 28 | F97: PU-LI | G97: =D97+E97*2 -> 107 | H97: =B97+C97*2 -> 108 | I97: =D97+E97 -> 79 | J97: =G97*M$2 -> 4614.91 | K97: =I97*M$2 -> 3407.27 | L97: =J97*104 -> 479950.64 | M97: =I97*104 -> 8216 | Q97: 4 | W97: =J97-(Q97*($M$2-$K$1))-(R97*($M$2-$M$1))- (S97*($M$2-$I$2))+ (T97*($G$2)) -> 4543.99 | X97: =H97*$M$2 -> 4658.04
B98: 48 | C98: 30 | D98: ='Data Ocupacion'!AD34 -> 49 | E98: ='Data Ocupacion'!AE34 -> 29 | F98: LI-PU | G98: =D98+E98*2 -> 107 | H98: =B98+C98*2 -> 108 | I98: =D98+E98 -> 78 | J98: =G98*M$2 -> 4614.91 | K98: =I98*M$2 -> 3364.14 | L98: =J98*104 -> 479950.64 | M98: =I98*104 -> 8112 | T98: 5 | W98: =J98-(T98*($M$2-$K$1)+(U98*($M$2-$M$1))) -> 4526.26 | X98: =H98*$M$2 -> 4658.04
B99: 30 | C99: 3 | D99: ='Data Ocupacion'!AD35 -> 30 | E99: ='Data Ocupacion'!AE35 -> 3 | F99: PU-SA | G99: =D99+E99*2 -> 36 | H99: =B99+C99*2 -> 36 | I99: =D99+E99 -> 33 | J99: =G99*M$1 -> 1047.96 | K99: =I99*M$1 -> 960.63 | L99: =J99*104 -> 108987.84 | M99: =I99*104 -> 3432 | W99: =J99-(Q99*($M$1-$K$1)) -> 1047.96 | X99: =H99*$M$1 -> 1047.96
B100: 29 | C100: 3 | D100: ='Data Ocupacion'!AD36 -> 29 | E100: ='Data Ocupacion'!AE36 -> 3 | F100: SA-PU | G100: =D100+E100*2 -> 35 | H100: =B100+C100*2 -> 35 | I100: =D100+E100 -> 32 | J100: =G100*M$1 -> 1018.85 | K100: =I100*M$1 -> 931.52 | L100: =J100*104 -> 105960.4 | M100: =I100*104 -> 3328 | W100: =J100 -> 1018.85 | X100: =H100*$M$1 -> 1018.85
...

Sheet Data Ocupacion
D1: 45870 | F1: 45871 | H1: 45872 | J1: 45873 | L1: 45874 | N1: 45875 | P1: 45876 | R1: 45877 | T1: 45878 | V1: 45879 | X1: 45880 | Z1: 45881 | AB1: 45882 | AD1: 45883 | AF1: 45884 | AH1: 45885 | AJ1: 45886 | AL1: 45887 | AN1: 45888 | AP1: 45889 | AR1: 45890 | AT1: 45891 | AV1: 45892 | AX1: 45893 | AZ1: 45894 | BB1: 45895 | BD1: 45896 | BF1: 45897 | BH1: 45898 | BJ1: 45899 | BL1: 45900
D2: S | E2: M | F2: S | G2: M | H2: S | I2: M | J2: S | K2: M | L2: S | M2: M | N2: S | O2: M | P2: S | Q2: M | R2: S | S2: M | T2: S | U2: M | V2: S | W2: M | X2: S | Y2: M | Z2: S | AA2: M | AB2: S | AC2: M | AD2: S | AE2: M | AF2: S | AG2: M | AH2: S | AI2: M | AJ2: S | AK2: M | AL2: S | AM2: M | AN2: S | AO2: M | AP2: S | AQ2: M | AR2: S | AS2: M | AT2: S | AU2: M | AV2: S | AW2: M | AX2: S | AY2: M | AZ2: S | BA2: M | BB2: S | BC2: M | BD2: S | BE2: M | BF2: S | BG2: M | BH2: S | BI2: M | BJ2: S | BK2: M | BL2: S | BM2: M
A3: Servicios PU-SA | D3: 10 | E3: 0 | F3: 0 | G3: 0 | H3: 0 | I3: 0 | J3: 10 | K3: 0 | L3: 10 | M3: 0 | N3: 10 | O3: 0 | P3: 10 | Q3: 0 | R3: 10 | S3: 0 | T3: 0 | U3: 0 | V3: 0 | W3: 0 | X3: 7 | Y3: 3 | Z3: 7 | AA3: 3 | AB3: 7 | AC3: 3 | AD3: 7 | AE3: 3 | AF3: 0 | AG3: 0 | AH3: 0 | AI3: 0 | AJ3: 0 | AK3: 0 | AL3: 7 | AM3: 3 | AN3: 7 | AO3: 3 | AP3: 7 | AQ3: 3 | AR3: 7 | AS3: 3 | AT3: 10 | AU3: 0 | AV3: 0 | AW3: 0 | AX3: 0 | AY3: 0 | AZ3: 7 | BA3: 3 | BB3: 7 | BC3: 3 | BD3: 7 | BE3: 3 | BF3: 7 | BG3: 3 | BH3: 7 | BI3: 3 | BJ3: 0 | BK3: 0 | BL3: 0 | BM3: 0
A4: Servicios PU-EB | D4: 0 | E4: 0 | F4: 0 | G4: 0 | H4: 0 | I4: 0 | J4: 0 | K4: 0 | L4: 0 | M4: 0 | N4: 0 | O4: 0 | P4: 0 | Q4: 0 | R4: 0 | S4: 0 | T4: 0 | U4: 0 | V4: 0 | W4: 0 | X4: 0 | Y4: 0 | Z4: 0 | AA4: 0 | AB4: 0 | AC4: 0 | AD4: 0 | AE4: 0 | AF4: 0 | AG4: 0 | AH4: 0 | AI4: 0 | AJ4: 0 | AK4: 0 | AL4: 0 | AM4: 0 | AN4: 0 | AO4: 0 | AP4: 0 | AQ4: 0 | AR4: 0 | AS4: 0 | AT4: 0 | AU4: 0 | AV4: 0 | AW4: 0 | AX4: 0 | AY4: 0 | AZ4: 0 | BA4: 0 | BB4: 0 | BC4: 0 | BD4: 0 | BE4: 0 | BF4: 0 | BG4: 0 | BH4: 0 | BI4: 0 | BJ4: 0 | BK4: 0 | BL4: 0 | BM4: 0
A5: Servicios PU-LI | D5: 2 | E5: 8 | F5: 0 | G5: 0 | H5: 0 | I5: 0 | J5: 2 | K5: 8 | L5: 1 | M5: 9 | N5: 1 | O5: 9 | P5: 1 | Q5: 9 | R5: 1 | S5: 9 | T5: 0 | U5: 0 | V5: 0 | W5: 0 | X5: 1 | Y5: 9 | Z5: 1 | AA5: 9 | AB5: 1 | AC5: 9 | AD5: 2 | AE5: 8 | AF5: 0 | AG5: 0 | AH5: 0 | AI5: 0 | AJ5: 0 | AK5: 0 | AL5: 2 | AM5: 8 | AN5: 1 | AO5: 9 | AP5: 1 | AQ5: 9 | AR5: 1 | AS5: 9 | AT5: 4 | AU5: 6 | AV5: 0 | AW5: 0 | AX5: 0 | AY5: 0 | AZ5: 1 | BA5: 9 | BB5: 1 | BC5: 9 | BD5: 1 | BE5: 9 | BF5: 1 | BG5: 9 | BH5: 1 | BI5: 9 | BJ5: 0 | BK5: 0 | BL5: 0 | BM5: 0
A6: Servicios SA-PU | D6: 10 | E6: 0 | F6: 0 | G6: 0 | H6: 0 | I6: 0 | J6: 10 | K6: 0 | L6: 10 | M6: 0 | N6: 10 | O6: 0 | P6: 10 | Q6: 0 | R6: 10 | S6: 0 | T6: 0 | U6: 0 | V6: 0 | W6: 0 | X6: 10 | Y6: 0 | Z6: 10 | AA6: 0 | AB6: 10 | AC6: 0 | AD6: 10 | AE6: 0 | AF6: 0 | AG6: 0 | AH6: 0 | AI6: 0 | AJ6: 0 | AK6: 0 | AL6: 9 | AM6: 1 | AN6: 9 | AO6: 1 | AP6: 10 | AQ6: 0 | AR6: 10 | AS6: 0 | AT6: 10 | AU6: 0 | AV6: 0 | AW6: 0 | AX6: 0 | AY6: 0 | AZ6: 10 | BA6: 0 | BB6: 9 | BC6: 1 | BD6: 9 | BE6: 1 | BF6: 10 | BG6: 0 | BH6: 10 | BI6: 0 | BJ6: 0 | BK6: 0 | BL6: 0 | BM6: 0
A7: Servicios EB-PU | D7: 0 | E7: 0 | F7: 0 | G7: 0 | H7: 0 | I7: 0 | J7: 0 | K7: 0 | L7: 0 | M7: 0 | N7: 0 | O7: 0 | P7: 0 | Q7: 0 | R7: 0 | S7: 0 | T7: 0 | U7: 0 | V7: 0 | W7: 0 | X7: 0 | Y7: 0 | Z7: 0 | AA7: 0 | AB7: 0 | AC7: 0 | AD7: 0 | AE7: 0 | AF7: 0 | AG7: 0 | AH7: 0 | AI7: 0 | AJ7: 0 | AK7: 0 | AL7: 0 | AM7: 0 | AN7: 0 | AO7: 0 | AP7: 0 | AQ7: 0 | AR7: 0 | AS7: 0 | AT7: 0 | AU7: 0 | AV7: 0 | AW7: 0 | AX7: 0 | AY7: 0 | AZ7: 0 | BA7: 0 | BB7: 0 | BC7: 0 | BD7: 0 | BE7: 0 | BF7: 0 | BG7: 0 | BH7: 0 | BI7: 0 | BJ7: 0 | BK7: 0 | BL7: 0 | BM7: 0
A8: Servicios LI-PU | D8: 7 | E8: 3 | F8: 0 | G8: 0 | H8: 0 | I8: 0 | J8: 7 | K8: 3 | L8: 6 | M8: 4 | N8: 6 | O8: 4 | P8: 6 | Q8: 4 | R8: 6 | S8: 4 | T8: 0 | U8: 0 | V8: 0 | W8: 0 | X8: 4 | Y8: 6 | Z8: 4 | AA8: 6 | AB8: 4 | AC8: 6 | AD8: 5 | AE8: 5 | AF8: 0 | AG8: 0 | AH8: 0 | AI8: 0 | AJ8: 0 | AK8: 0 | AL8: 4 | AM8: 6 | AN8: 4 | AO8: 6 | AP8: 4 | AQ8: 6 | AR8: 4 | AS8: 6 | AT8: 5 | AU8: 5 | AV8: 0 | AW8: 0 | AX8: 0 | AY8: 0 | AZ8: 4 | BA8: 6 | BB8: 4 | BC8: 6 | BD8: 4 | BE8: 6 | BF8: 4 | BG8: 6 | BH8: 4 | BI8: 6 | BJ8: 0 | BK8: 0 | BL8: 0 | BM8: 0
A10: Servicios PU-SA | D10: 12 | E10: 0 | F10: 0 | G10: 0 | H10: 0 | I10: 0 | J10: 16 | K10: 0 | L10: 16 | M10: 0 | N10: 16 | O10: 0 | P10: 16 | Q10: 0 | R10: 16 | S10: 0 | T10: 0 | U10: 0 | V10: 0 | W10: 0 | X10: 16 | Y10: 0 | Z10: 16 | AA10: 0 | AB10: 16 | AC10: 0 | AD10: 16 | AE10: 0 | AF10: 0 | AG10: 0 | AH10: 0 | AI10: 0 | AJ10: 0 | AK10: 0 | AL10: 15 | AM10: 1 | AN10: 15 | AO10: 1 | AP10: 16 | AQ10: 0 | AR10: 14 | AS10: 0 | AT10: 16 | AU10: 0 | AV10: 0 | AW10: 0 | AX10: 0 | AY10: 0 | AZ10: 16 | BA10: 0 | BB10: 12 | BC10: 1 | BD10: 15 | BE10: 1 | BF10: 16 | BG10: 0 | BH10: 16 | BI10: 0 | BJ10: 0 | BK10: 0 | BL10: 0 | BM10: 0
A11: Servicios PU-EB | D11: 0 | E11: 0 | F11: 0 | G11: 0 | H11: 0 | I11: 0 | J11: 0 | K11: 0 | L11: 0 | M11: 0 | N11: 0 | O11: 0 | P11: 0 | Q11: 0 | R11: 0 | S11: 0 | T11: 0 | U11: 0 | V11: 0 | W11: 0 | X11: 0 | Y11: 0 | Z11: 0 | AA11: 0 | AB11: 0 | AC11: 0 | AD11: 0 | AE11: 0 | AF11: 0 | AG11: 0 | AH11: 0 | AI11: 0 | AJ11: 0 | AK11: 0 | AL11: 0 | AM11: 0 | AN11: 0 | AO11: 0 | AP11: 0 | AQ11: 0 | AR11: 0 | AS11: 0 | AT11: 0 | AU11: 0 | AV11: 0 | AW11: 0 | AX11: 0 | AY11: 0 | AZ11: 0 | BA11: 0 | BB11: 0 | BC11: 0 | BD11: 0 | BE11: 0 | BF11: 0 | BG11: 0 | BH11: 0 | BI11: 0 | BJ11: 0 | BK11: 0 | BL11: 0 | BM11: 0
A12: Servicios PU-LI | D12: 60 | E12: 1 | F12: 69 | G12: 3 | H12: 51 | I12: 3 | J12: 55 | K12: 6 | L12: 55 | M12: 6 | N12: 55 | O12: 6 | P12: 55 | Q12: 6 | R12: 55 | S12: 6 | T12: 69 | U12: 3 | V12: 51 | W12: 3 | X12: 47 | Y12: 14 | Z12: 47 | AA12: 14 | AB12: 47 | AC12: 14 | AD12: 47 | AE12: 14 | AF12: 51 | AG12: 3 | AH12: 69 | AI12: 3 | AJ12: 51 | AK12: 3 | AL12: 43 | AM12: 17 | AN12: 44 | AO12: 17 | AP12: 42 | AQ12: 19 | AR12: 44 | AS12: 17 | AT12: 49 | AU12: 12 | AV12: 69 | AW12: 3 | AX12: 51 | AY12: 3 | AZ12: 44 | BA12: 17 | BB12: 45 | BC12: 17 | BD12: 43 | BE12: 18 | BF12: 44 | BG12: 17 | BH12: 44 | BI12: 17 | BJ12: 69 | BK12: 3 | BL12: 51 | BM12: 3
A13: Servicios SA-PU | D13: 15 | E13: 0 | F13: 0 | G13: 0 | H13: 0 | I13: 0 | J13: 16 | K13: 0 | L13: 16 | M13: 0 | N13: 16 | O13: 0 | P13: 16 | Q13: 0 | R13: 16 | S13: 0 | T13: 0 | U13: 0 | V13: 0 | W13: 0 | X13: 13 | Y13: 3 | Z13: 13 | AA13: 3 | AB13: 12 | AC13: 3 | AD13: 13 | AE13: 3 | AF13: 0 | AG13: 0 | AH13: 0 | AI13: 0 | AJ13: 0 | AK13: 0 | AL13: 13 | AM13: 3 | AN13: 13 | AO13: 3 | AP13: 13 | AQ13: 3 | AR13: 13 | AS13: 3 | AT13: 16 | AU13: 0 | AV13: 0 | AW13: 0 | AX13: 0 | AY13: 0 | AZ13: 13 | BA13: 3 | BB13: 12 | BC13: 3 | BD13: 13 | BE13: 3 | BF13: 13 | BG13: 3 | BH13: 13 | BI13: 3 | BJ13: 0 | BK13: 0 | BL13: 0 | BM13: 0
A14: Servicios EB-PU | D14: 1 | E14: 0 | F14: 0 | G14: 0 | H14: 0 | I14: 0 | J14: 1 | K14: 0 | L14: 1 | M14: 0 | N14: 1 | O14: 0 | P14: 1 | Q14: 0 | R14: 1 | S14: 0 | T14: 0 | U14: 0 | V14: 0 | W14: 0 | X14: 1 | Y14: 0 | Z14: 1 | AA14: 0 | AB14: 1 | AC14: 0 | AD14: 1 | AE14: 0 | AF14: 0 | AG14: 0 | AH14: 0 | AI14: 0 | AJ14: 0 | AK14: 0 | AL14: 1 | AM14: 0 | AN14: 1 | AO14: 0 | AP14: 1 | AQ14: 0 | AR14: 1 | AS14: 0 | AT14: 1 | AU14: 0 | AV14: 0 | AW14: 0 | AX14: 0 | AY14: 0 | AZ14: 1 | BA14: 0 | BB14: 1 | BC14: 0 | BD14: 1 | BE14: 0 | BF14: 1 | BG14: 0 | BH14: 1 | BI14: 0 | BJ14: 0 | BK14: 0 | BL14: 0 | BM14: 0
A15: Servicios LI-PU | D15: 52 | E15: 9 | F15: 75 | G15: 0 | H15: 57 | I15: 0 | J15: 45 | K15: 16 | L15: 45 | M15: 16 | N15: 45 | O15: 16 | P15: 45 | Q15: 16 | R15: 45 | S15: 16 | T15: 75 | U15: 0 | V15: 57 | W15: 0 | X15: 39 | Y15: 22 | Z15: 39 | AA15: 22 | AB15: 40 | AC15: 21 | AD15: 39 | AE15: 22 | AF15: 57 | AG15: 0 | AH15: 75 | AI15: 0 | AJ15: 57 | AK15: 0 | AL15: 34 | AM15: 27 | AN15: 35 | AO15: 26 | AP15: 33 | AQ15: 28 | AR15: 34 | AS15: 27 | AT15: 42 | AU15: 19 | AV15: 75 | AW15: 0 | AX15: 57 | AY15: 0 | AZ15: 35 | BA15: 26 | BB15: 36 | BC15: 25 | BD15: 35 | BE15: 26 | BF15: 37 | BG15: 24 | BH15: 35 | BI15: 26 | BJ15: 75 | BK15: 0 | BL15: 57 | BM15: 0
... A22: Servicios LI-PU | D22: 7 | E22: 0 | F22: 0 | G22: 0 | H22: 0 | I22: 0 | J22: 7 | K22: 0 | L22: 7 | M22: 0 | N22: 7 | O22: 0 | P22: 7 | Q22: 0 | R22: 7 | S22: 0 | T22: 0 | U22: 0 | V22: 0 | W22: 0 | X22: 5 | Y22: 2 | Z22: 5 | AA22: 2 | AB22: 5 | AC22: 2 | AD22: 5 | AE22: 2 | AF22: 0 | AG22: 0 | AH22: 0 | AI22: 0 | AJ22: 0 | AK22: 0 | AL22: 6 | AM22: 1 | AN22: 6 | AO22: 1 | AP22: 6 | AQ22: 1 | AR22: 6 | AS22: 1 | AT22: 6 | AU22: 1 | AV22: 0 | AW22: 0 | AX22: 0 | AY22: 0 | AZ22: 6 | BA22: 1 | BB22: 6 | BC22: 1 | BD22: 6 | BE22: 1 | BF22: 6 | BG22: 1 | BH22: 6 | BI22: 1 | BJ22: 0 | BK22: 0 | BL22: 0 | BM22: 0
A24: Servicios PU-CH | D24: 1 | E24: 0
D26: =SUM(D3:D24) -> 194 | E26: =SUM(E3:E24) -> 23 | F26: =SUM(F3:F22) -> 144 | G26: =SUM(G3:G22) -> 3 | H26: =SUM(H3:H22) -> 108 | I26: =SUM(I3:I22) -> 3 | J26: =SUM(J3:J22) -> 186 | K26: =SUM(K3:K22) -> 37 | L26: =SUM(L3:L22) -> 184 | M26: =SUM(M3:M22) -> 39 | ... BM26: =SUM(BM3:BM22) -> 3
A32: Km Servicio
A33: PU - LI | D33: =D5+D12+D19 -> 68 | E33: =E5+E12+E19 -> 11 | F33: =F5+F12+F19 -> 69 | G33: =G5+G12+G19 -> 3 | H33: =H5+H12+H19 -> 51 | I33: =I5+I12+I19 -> 3 | J33: =J5+J12+J19 -> 61 | K33: =K5+K12+K19 -> 18 | ... BM33: =BM5+BM12+BM19 -> 3
A34: LI - PU | D34: =D8+D15+D22 -> 66 | E34: =E8+E15+E22 -> 12 | F34: =F8+F15+F22 -> 75 | G34: =G8+G15+G22 -> 0 | H34: =H8+H15+H22 -> 57 | I34: =I8+I15+I22 -> 0 | J34: =J8+J15+J22 -> 59 | K34: =K8+K15+K22 -> 19 | ... BM34: =BM8+BM15+BM22 -> 0
A35: PU - SA | D35: =D3+D10+D17 -> 29 | E35: =E3+E10+E17 -> 0 | F35: =F3+F10+F17 -> 0 | G35: =G3+G10+G17 -> 0 | H35: =H3+H10+H17 -> 0 | I35: =I3+I10+I17 -> 0 | J35: =J3+J10+J17 -> 33 | K35: =K3+K10+K17 -> 0 | ... BM35: =BM3+BM10+BM17 -> 0
A36: SA - PU | D36: =D6+D13+D20 -> 29 | E36: =E6+E13+E20 -> 0 | F36: =F6+F13+F20 -> 0 | G36: =G6+G13+G20 -> 0 | H36: =H6+H13+H20 -> 0 | I36: =I6+I13+I20 -> 0 | J36: =J6+J13+J20 -> 32 | K36: =K6+K13+K20 -> 0 | ... BM36: =BM6+BM13+BM20 -> 0
A37: PU-EB | D37: =D4+D11+D18 -> 0 | E37: =E4+E11+E18 -> 0 | F37: =F4+F11+F18 -> 0 | G37: =G4+G11+G18 -> 0 | H37: =H4+H11+H18 -> 0 | I37: =I4+I11+I18 -> 0 | J37: =J4+J11+J18 -> 0 | K37: =K4+K11+K18 -> 0 | ... BM37: =BM4+BM11+BM18 -> 0
A38: EB-PU | D38: =D7+D14+D21 -> 1 | E38: =E7+E14+E21 -> 0 | F38: =F7+F14+F21 -> 0 | G38: =G7+G14+G21 -> 0 | H38: =H7+H14+H21 -> 0 | I38: =I7+I14+I21 -> 0 | J38: =J7+J14+J21 -> 1 | K38: =K7+K14+K21 -> 0 | ... BM38: =BM7+BM14+BM21 -> 0
A39: PU-CH | D39: =D24 -> 1
A40: total | D40: =SUM(D33:D39) -> 194 | E40: =SUM(E33:E38) -> 23 | F40: =SUM(F33:F38) -> 144 | G40: =SUM(G33:G38) -> 3 | H40: =SUM(H33:H38) -> 108 | I40: =SUM(I33:I38) -> 3 | J40: =SUM(J33:J38) -> 186 | K40: =SUM(K33:K38) -> 37 | L40: =SUM(L33:L38) -> 184 | ... BM40: =SUM(BM33:BM38) -> 3
A42: Servicios
A43: PU - LI | D43: =D5+E5+D12+E12+D19+E19 -> 79 | F43: =F5+G5+F12+G12+F19+G19 -> 72 | H43: =H5+I5+H12+I12+H19+I19 -> 54 | J43: =J5+K5+J12+K12+J19+K19 -> 79 | L43: =L5+M5+L12+M12+L19+M19 -> 79 | N43: =N5+O5+N12+O12+N19+O19 -> 79 | P43: =P5+Q5+P12+Q12+P19+Q19 -> 79 | R43: =R5+S5+R12+S12+R19+S19 -> 79 | T43: =T5+U5+T12+U12+T19+U19 -> 72 | V43: =V5+W5+V12+W12+V19+W19 -> 54 | X43: =X5+Y5+X12+Y12+X19+Y19 -> 79 | Z43: =Z5+AA5+Z12+AA12+Z19+AA19 -> 79 | AB43: =AB5+AC5+AB12+AC12+AB19+AC19 -> 80 | AD43: =AD5+AE5+AD12+AE12+AD19+AE19 -> 79 | AF43: =AF5+AG5+AF12+AG12+AF19+AG19 -> 54 | AH43: =AH5+AI5+AH12+AI12+AH19+AI19 -> 72 | AJ43: =AJ5+AK5+AJ12+AK12+AJ19+AK19 -> 54 | AL43: =AL5+AM5+AL12+AM12+AL19+AM19 -> 78 | AN43: =AN5+AO5+AN12+AO12+AN19+AO19 -> 79 | AP43: =AP5+AQ5+AP12+AQ12+AP19+AQ19 -> 79 | AR43: =AR5+AS5+AR12+AS12+AR19+AS19 -> 80 | AT43: =AT5+AU5+AT12+AU12+AT19+AU19 -> 79 | AV43: =AV5+AW5+AV12+AW12+AV19+AW19 -> 72 | AX43: =AX5+AY5+AX12+AY12+AX19+AY19 -> 54 | AZ43: =AZ5+BA5+AZ12+BA12+AZ19+BA19 -> 79 | BB43: =BB5+BC5+BB12+BC12+BB19+BC19 -> 80 | BD43: =BD5+BE5+BD12+BE12+BD19+BE19 -> 79 | BF43: =BF5+BG5+BF12+BG12+BF19+BG19 -> 79 | BH43: =BH5+BI5+BH12+BI12+BH19+BI19 -> 79 | BJ43: =BJ5+BK5+BJ12+BK12+BJ19+BK19 -> 72 | BL43: =BL5+BM5+BL12+BM12+BL19+BM19 -> 54
A44: LI - PU | D44: =D8+E8+D15+E15+D22+E22 -> 78 | F44: =F8+G8+F15+G15+F22+G22 -> 75 | H44: =H8+I8+H15+I15+H22+I22 -> 57 | J44: =J8+K8+J15+K15+J22+K22 -> 78 | L44: =L8+M8+L15+M15+L22+M22 -> 78 | N44: =N8+O8+N15+O15+N22+O22 -> 78 | P44: =P8+Q8+P15+Q15+P22+Q22 -> 78 | R44: =R8+S8+R15+S15+R22+S22 -> 78 | T44: =T8+U8+T15+U15+T22+U22 -> 75 | V44: =V8+W8+V15+W15+V22+W22 -> 57 | X44: =X8+Y8+X15+Y15+X22+Y22 -> 78 | Z44: =Z8+AA8+Z15+AA15+Z22+AA22 -> 78 | AB44: =AB8+AC8+AB15+AC15+AB22+AC22 -> 78 | AD44: =AD8+AE8+AD15+AE15+AD22+AE22 -> 78 | AF44: =AF8+AG8+AF15+AG15+AF22+AG22 -> 57 | AH44: =AH8+AI8+AH15+AI15+AH22+AI22 -> 75 | AJ44: =AJ8+AK8+AJ15+AK15+AJ22+AK22 -> 57 | AL44: =AL8+AM8+AL15+AM15+AL22+AM22 -> 78 | AN44: =AN8+AO8+AN15+AO15+AN22+AO22 -> 78 | AP44: =AP8+AQ8+AP15+AQ15+AP22+AQ22 -> 78 | AR44: =AR8+AS8+AR15+AS15+AR22+AS22 -> 78 | AT44: =AT8+AU8+AT15+AU15+AT22+AU22 -> 78 | AV44: =AV8+AW8+AV15+AW15+AV22+AW22 -> 75 | AX44: =AX8+AY8+AX15+AY15+AX22+AY22 -> 57 | AZ44: =AZ8+BA8+AZ15+BA15+AZ22+BA22 -> 78 | BB44: =BB8+BC8+BB15+BC15+BB22+BC22 -> 78 | BD44: =BD8+BE8+BD15+BE15+BD22+BE22 -> 78 | BF44: =BF8+BG8+BF15+BG15+BF22+BG22 -> 78 | BH44: =BH8+BI8+BH15+BI15+BH22+BI22 -> 78 | BJ44: =BJ8+BK8+BJ15+BK15+BJ22+BK22 -> 75 | BL44: =BL8+BM8+BL15+BM15+BL22+BM22 -> 57
A45: PU - SA | D45: =D3+E3+D10+E10+D17+E17 -> 29 | F45: =F3+G3+F10+G10+F17+G17 -> 0 | H45: =H3+I3+H10+I10+H17+I17 -> 0 | J45: =J3+K3+J10+K10+J17+K17 -> 33 | L45: =L3+M3+L10+M10+L17+M17 -> 33 | N45: =N3+O3+N10+O10+N17+O17 -> 33 | P45: =P3+Q3+P10+Q10+P17+Q17 -> 33 | R45: =R3+S3+R10+S10+R17+S17 -> 33 | T45: =T3+U3+T10+U10+T17+U17 -> 0 | V45: =V3+W3+V10+W10+V17+W17 -> 0 | X45: =X3+Y3+X10+Y10+X17+Y17 -> 33 | Z45: =Z3+AA3+Z10+AA10+Z17+AA17 -> 33 | AB45: =AB3+AC3+AB10+AC10+AB17+AC17 -> 32 | AD45: =AD3+AE3+AD10+AE10+AD17+AE17 -> 33 | AF45: =AF3+AG3+AF10+AG10+AF17+AG17 -> 0 | AH45: =AH3+AI3+AH10+AI10+AH17+AI17 -> 0 | AJ45: =AJ3+AK3+AJ10+AK10+AJ17+AK17 -> 0 | AL45: =AL3+AM3+AL10+AM10+AL17+AM17 -> 33 | AN45: =AN3+AO3+AN10+AO10+AN17+AO17 -> 33 | AP45: =AP3+AQ3+AP10+AQ10+AP17+AQ17 -> 33 | AR45: =AR3+AS3+AR10+AS10+AR17+AS17 -> 30 | AT45: =AT3+AU3+AT10+AU10+AT17+AU17 -> 33 | AV45: =AV3+AW3+AV10+AW10+AV17+AW17 -> 0 | AX45: =AX3+AY3+AX10+AY10+AX17+AY17 -> 0 | AZ45: =AZ3+BA3+AZ10+BA10+AZ17+BA17 -> 33 | BB45: =BB3+BC3+BB10+BC10+BB17+BC17 -> 30 | BD45: =BD3+BE3+BD10+BE10+BD17+BE17 -> 33 | BF45: =BF3+BG3+BF10+BG10+BF17+BG17 -> 33 | BH45: =BH3+BI3+BH10+BI10+BH17+BI17 -> 33 | BJ45: =BJ3+BK3+BJ10+BK10+BJ17+BK17 -> 0 | BL45: =BL3+BM3+BL10+BM10+BL17+BM17 -> 0
A46: SA - PU | D46: =D6+E6+D13+E13+D20+E20 -> 29 | F46: =F6+G6+F13+G13+F20+G20 -> 0 | H46: =H6+I6+H13+I13+H20+I20 -> 0 | J46: =J6+K6+J13+K13+J20+K20 -> 32 | L46: =L6+M6+L13+M13+L20+M20 -> 32 | N46: =N6+O6+N13+O13+N20+O20 -> 32 | P46: =P6+Q6+P13+Q13+P20+Q20 -> 32 | R46: =R6+S6+R13+S13+R20+S20 -> 32 | T46: =T6+U6+T13+U13+T20+U20 -> 0 | V46: =V6+W6+V13+W13+V20+W20 -> 0 | X46: =X6+Y6+X13+Y13+X20+Y20 -> 32 | Z46: =Z6+AA6+Z13+AA13+Z20+AA20 -> 32 | AB46: =AB6+AC6+AB13+AC13+AB20+AC20 -> 31 | AD46: =AD6+AE6+AD13+AE13+AD20+AE20 -> 32 | AF46: =AF6+AG6+AF13+AG13+AF20+AG20 -> 0 | AH46: =AH6+AI6+AH13+AI13+AH20+AI20 -> 0 | AJ46: =AJ6+AK6+AJ13+AK13+AJ20+AK20 -> 0 | AL46: =AL6+AM6+AL13+AM13+AL20+AM20 -> 32 | AN46: =AN6+AO6+AN13+AO13+AN20+AO20 -> 32 | AP46: =AP6+AQ6+AP13+AQ13+AP20+AQ20 -> 32 | AR46: =AR6+AS6+AR13+AS13+AR20+AS20 -> 32 | AT46: =AT6+AU6+AT13+AU13+AT20+AU20 -> 32 | AV46: =AV6+AW6+AV13+AW13+AV20+AW20 -> 0 | AX46: =AX6+AY6+AX13+AY13+AX20+AY20 -> 0 | AZ46: =AZ6+BA6+AZ13+BA13+AZ20+BA20 -> 32 | BB46: =BB6+BC6+BB13+BC13+BB20+BC20 -> 31 | BD46: =BD6+BE6+BD13+BE13+BD20+BE20 -> 32 | BF46: =BF6+BG6+BF13+BG13+BF20+BG20 -> 32 | BH46: =BH6+BI6+BH13+BI13+BH20+BI20 -> 32 | BJ46: =BJ6+BK6+BJ13+BK13+BJ20+BK20 -> 0 | BL46: =BL6+BM6+BL13+BM13+BL20+BM20 -> 0
A47: PU-EB | D47: =D4+E4+D11+E11+D18+E18 -> 0 | F47: =F4+G4+F11+G11+F18+G18 -> 0 | H47: =H4+I4+H11+I11+H18+I18 -> 0 | J47: =J4+K4+J11+K11+J18+K18 -> 0 | L47: =L4+M4+L11+M11+L18+M18 -> 0 | N47: =N4+O4+N11+O11+N18+O18 -> 0 | P47: =P4+Q4+P11+Q11+P18+Q18 -> 0 | R47: =R4+S4+R11+S11+R18+S18 -> 0 | T47: =T4+U4+T11+U11+T18+U18 -> 0 | V47: =V4+W4+V11+W11+V18+W18 -> 0 | X47: =X4+Y4+X11+Y11+X18+Y18 -> 0 | Z47: =Z4+AA4+Z11+AA11+Z18+AA18 -> 0 | AB47: =AB4+AC4+AB11+AC11+AB18+AC18 -> 0 | AD47: =AD4+AE4+AD11+AE11+AD18+AE18 -> 0 | AF47: =AF4+AG4+AF11+AG11+AF18+AG18 -> 0 | AH47: =AH4+AI4+AH11+AI11+AH18+AI18 -> 0 | AJ47: =AJ4+AK4+AJ11+AK11+AJ18+AK18 -> 0 | AL47: =AL4+AM4+AL11+AM11+AL18+AM18 -> 0 | AN47: =AN4+AO4+AN11+AO11+AN18+AO18 -> 0 | AP47: =AP4+AQ4+AP11+AQ11+AP18+AQ18 -> 0 | AR47: =AR4+AS4+AR11+AS11+AR18+AS18 -> 0 | AT47: =AT4+AU4+AT11+AU11+AT18+AU18 -> 0 | AV47: =AV4+AW4+AV11+AW11+AV18+AW18 -> 0 | AX47: =AX4+AY4+AX11+AY11+AX18+AY18 -> 0 | AZ47: =AZ4+BA4+AZ11+BA11+AZ18+BA18 -> 0 | BB47: =BB4+BC4+BB11+BC11+BB18+BC18 -> 0 | BD47: =BD4+BE4+BD11+BE11+BD18+BE18 -> 0 | BF47: =BF4+BG4+BF11+BG11+BF18+BG18 -> 0 | BH47: =BH4+BI4+BH11+BI11+BH18+BI18 -> 0 | BJ47: =BJ4+BK4+BJ11+BK11+BJ18+BK18 -> 0 | BL47: =BL4+BM4+BL11+BM11+BL18+BM18 -> 0
A48: EB-PU | D48: =D7+E7+D14+E14+D21+E21 -> 1 | F48: =F7+G7+F14+G14+F21+G21 -> 0 | H48: =H7+I7+H14+I14+H21+I21 -> 0 | J48: =J7+K7+J14+K14+J21+K21 -> 1 | L48: =L7+M7+L14+M14+L21+M21 -> 1 | N48: =N7+O7+N14+O14+N21+O21 -> 1 | P48: =P7+Q7+P14+Q14+P21+Q21 -> 1 | R48: =R7+S7+R14+S14+R21+S21 -> 1 | T48: =T7+U7+T14+U14+T21+U21 -> 0 | V48: =V7+W7+V14+W14+V21+W21 -> 0 | X48: =X7+Y7+X14+Y14+X21+Y21 -> 1 | Z48: =Z7+AA7+Z14+AA14+Z21+AA21 -> 1 | AB48: =AB7+AC7+AB14+AC14+AB21+AC21 -> 1 | AD48: =AD7+AE7+AD14+AE14+AD21+AE21 -> 1 | AF48: =AF7+AG7+AF14+AG14+AF21+AG21 -> 0 | AH48: =AH7+AI7+AH14+AI14+AH21+AI21 -> 0 | AJ48: =AJ7+AK7+AJ14+AK14+AJ21+AK21 -> 0 | AL48: =AL7+AM7+AL14+AM14+AL21+AM21 -> 1 | AN48: =AN7+AO7+AN14+AO14+AN21+AO21 -> 1 | AP48: =AP7+AQ7+AP14+AQ14+AP21+AQ21 -> 1 | AR48: =AR7+AS7+AR14+AS14+AR21+AS21 -> 1 | AT48: =AT7+AU7+AT14+AU14+AT21+AU21 -> 1 | AV48: =AV7+AW7+AV14+AW14+AV21+AW21 -> 0 | AX48: =AX7+AY7+AX14+AY14+AX21+AY21 -> 0 | AZ48: =AZ7+BA7+AZ14+BA14+AZ21+BA21 -> 1 | BB48: =BB7+BC7+BB14+BC14+BB21+BC21 -> 1 | BD48: =BD7+BE7+BD14+BE14+BD21+BE21 -> 1 | BF48: =BF7+BG7+BF14+BG14+BF21+BG21 -> 1 | BH48: =BH7+BI7+BH14+BI14+BH21+BI21 -> 1 | BJ48: =BJ7+BK7+BJ14+BK14+BJ21+BK21 -> 0 | BL48: =BL7+BM7+BL14+BM14+BL21+BM21 -> 0
A49: PU-CH | D49: =D24+E24 -> 1
A51: Trenes
A52: PU - LI | D52: =(D5+D12+D19)+2*(E5+E12+E19) -> 90 | F52: =(F5+F12+F19)+2*(G5+G12+G19) -> 75 | H52: =(H5+H12+H19)+2*(I5+I12+I19) -> 57 | J52: =(J5+J12+J19)+2*(K5+K12+K19) -> 97 | L52: =(L5+L12+L19)+2*(M5+M12+M19) -> 98 | N52: =(N5+N12+N19)+2*(O5+O12+O19) -> 98 | P52: =(P5+P12+P19)+2*(Q5+Q12+Q19) -> 98 | R52: =(R5+R12+R19)+2*(S5+S12+S19) -> 98 | T52: =(T5+T12+T19)+2*(U5+U12+U19) -> 75 | V52: =(V5+V12+V19)+2*(W5+W12+W19) -> 57 | X52: =(X5+X12+X19)+2*(Y5+Y12+Y19) -> 108 | Z52: =(Z5+Z12+Z19)+2*(AA5+AA12+AA19) -> 108 | AB52: =(AB5+AB12+AB19)+2*(AC5+AC12+AC19) -> 107 | AD52: =(AD5+AD12+AD19)+2*(AE5+AE12+AE19) -> 107 | AF52: =(AF5+AF12+AF19)+2*(AG5+AG12+AG19) -> 57 | AH52: =(AH5+AH12+AH19)+2*(AI5+AI12+AI19) -> 75 | AJ52: =(AJ5+AJ12+AJ19)+2*(AK5+AK12+AK19) -> 57 | AL52: =(AL5+AL12+AL19)+2*(AM5+AM12+AM19) -> 109 | AN52: =(AN5+AN12+AN19)+2*(AO5+AO12+AO19) -> 111 | AP52: =(AP5+AP12+AP19)+2*(AQ5+AQ12+AQ19) -> 113 | AR52: =(AR5+AR12+AR19)+2*(AS5+AS12+AS19) -> 111 | AT52: =(AT5+AT12+AT19)+2*(AU5+AU12+AU19) -> 103 | AV52: =(AV5+AV12+AV19)+2*(AW5+AW12+AW19) -> 75 | AX52: =(AX5+AX12+AX19)+2*(AY5+AY12+AY19) -> 57 | AZ52: =(AZ5+AZ12+AZ19)+2*(BA5+BA12+BA19) -> 111 | BB52: =(BB5+BB12+BB19)+2*(BC5+BC12+BC19) -> 111 | BD52: =(BD5+BD12+BD19)+2*(BE5+BE12+BE19) -> 112 | BF52: =(BF5+BF12+BF19)+2*(BG5+BG12+BG19) -> 111 | BH52: =(BH5+BH12+BH19)+2*(BI5+BI12+BI19) -> 111 | BJ52: =(BJ5+BJ12+BJ19)+2*(BK5+BK12+BK19) -> 75 | BL52: =(BL5+BL12+BL19)+2*(BM5+BM12+BM19) -> 57
A53: LI - PU | D53: =(D8+D15+D22)+2*(E8+E15+E22) -> 90 | F53: =(F8+F15+F22)+2*(G8+G15+G22) -> 75 | H53: =(H8+H15+H22)+2*(I8+I15+I22) -> 57 | J53: =(J8+J15+J22)+2*(K8+K15+K22) -> 97 | L53: =(L8+L15+L22)+2*(M8+M15+M22) -> 98 | N53: =(N8+N15+N22)+2*(O8+O15+O22) -> 98 | P53: =(P8+P15+P22)+2*(Q8+Q15+Q22) -> 98 | R53: =(R8+R15+R22)+2*(S8+S15+S22) -> 98 | T53: =(T8+T15+T22)+2*(U8+U15+U22) -> 75 | V53: =(V8+V15+V22)+2*(W8+W15+W22) -> 57 | X53: =(X8+X15+X22)+2*(Y8+Y15+Y22) -> 108 | Z53: =(Z8+Z15+Z22)+2*(AA8+AA15+AA22) -> 108 | AB53: =(AB8+AB15+AB22)+2*(AC8+AC15+AC22) -> 107 | AD53: =(AD8+AD15+AD22)+2*(AE8+AE15+AE22) -> 107 | AF53: =(AF8+AF15+AF22)+2*(AG8+AG15+AG22) -> 57 | AH53: =(AH8+AH15+AH22)+2*(AI8+AI15+AI22) -> 75 | AJ53: =(AJ8+AJ15+AJ22)+2*(AK8+AK15+AK22) -> 57 | AL53: =(AL8+AL15+AL22)+2*(AM8+AM15+AM22) -> 112 | AN53: =(AN8+AN15+AN22)+2*(AO8+AO15+AO22) -> 111 | AP53: =(AP8+AP15+AP22)+2*(AQ8+AQ15+AQ22) -> 113 | AR53: =(AR8+AR15+AR22)+2*(AS8+AS15+AS22) -> 112 | AT53: =(AT8+AT15+AT22)+2*(AU8+AU15+AU22) -> 103 | AV53: =(AV8+AV15+AV22)+2*(AW8+AW15+AW22) -> 75 | AX53: =(AX8+AX15+AX22)+2*(AY8+AY15+AY22) -> 57 | AZ53: =(AZ8+AZ15+AZ22)+2*(BA8+BA15+BA22) -> 111 | BB53: =(BB8+BB15+BB22)+2*(BC8+BC15+BC22) -> 110 | BD53: =(BD8+BD15+BD22)+2*(BE8+BE15+BE22) -> 111 | BF53: =(BF8+BF15+BF22)+2*(BG8+BG15+BG22) -> 109 | BH53: =(BH8+BH15+BH22)+2*(BI8+BI15+BI22) -> 111 | BJ53: =(BJ8+BJ15+BJ22)+2*(BK8+BK15+BK22) -> 75 | BL53: =(BL8+BL15+BL22)+2*(BM8+BM15+BM22) -> 57
A54: PU - SA | D54: =(D3+D10+D17)+2*(E3+E10+E17) -> 29 | F54: =(F3+F10+F17)+2*(G3+G10+G17) -> 0 | H54: =(H3+H10+H17)+2*(I3+I10+I17) -> 0 | J54: =(J3+J10+J17)+2*(K3+K10+K17) -> 33 | L54: =(L3+L10+L17)+2*(M3+M10+M17) -> 33 | N54: =(N3+N10+N17)+2*(O3+O10+O17) -> 33 | P54: =(P3+P10+P17)+2*(Q3+Q10+Q17) -> 33 | R54: =(R3+R10+R17)+2*(S3+S10+S17) -> 33 | T54: =(T3+T10+T17)+2*(U3+U10+U17) -> 0 | V54: =(V3+V10+V17)+2*(W3+W10+W17) -> 0 | X54: =(X3+X10+X17)+2*(Y3+Y10+Y17) -> 36 | Z54: =(Z3+Z10+Z17)+2*(AA3+AA10+AA17) -> 36 | AB54: =(AB3+AB10+AB17)+2*(AC3+AC10+AC17) -> 35 | AD54: =(AD3+AD10+AD17)+2*(AE3+AE10+AE17) -> 36 | AF54: =(AF3+AF10+AF17)+2*(AG3+AG10+AG17) -> 0 | AH54: =(AH3+AH10+AH17)+2*(AI3+AI10+AI17) -> 0 | AJ54: =(AJ3+AJ10+AJ17)+2*(AK3+AK10+AK17) -> 0 | AL54: =(AL3+AL10+AL17)+2*(AM3+AM10+AM17) -> 37 | AN54: =(AN3+AN10+AN17)+2*(AO3+AO10+AO17) -> 37 | AP54: =(AP3+AP10+AP17)+2*(AQ3+AQ10+AQ17) -> 36 | AR54: =(AR3+AR10+AR17)+2*(AS3+AS10+AS17) -> 33 | AT54: =(AT3+AT10+AT17)+2*(AU3+AU10+AU17) -> 33 | AV54: =(AV3+AV10+AV17)+2*(AW3+AW10+AW17) -> 0 | AX54: =(AX3+AX10+AX17)+2*(AY3+AY10+AY17) -> 0 | AZ54: =(AZ3+AZ10+AZ17)+2*(BA3+BA10+BA17) -> 36 | BB54: =(BB3+BB10+BB17)+2*(BC3+BC10+BC17) -> 34 | BD54: =(BD3+BD10+BD17)+2*(BE3+BE10+BE17) -> 37 | BF54: =(BF3+BF10+BF17)+2*(BG3+BG10+BG17) -> 36 | BH54: =(BH3+BH10+BH17)+2*(BI3+BI10+BI17) -> 36 | BJ54: =(BJ3+BJ10+BJ17)+2*(BK3+BK10+BK17) -> 0 | BL54: =(BL3+BL10+BL17)+2*(BM3+BM10+BM17) -> 0
A55: SA - PU | D55: =(D6+D13+D20)+2*(E6+E13+E20) -> 29 | F55: =(F6+F13+F20)+2*(G6+G13+G20) -> 0 | H55: =(H6+H13+H20)+2*(I6+I13+I20) -> 0 | J55: =(J6+J13+J20)+2*(K6+K13+K20) -> 32 | L55: =(L6+L13+L20)+2*(M6+M13+M20) -> 32 | N55: =(N6+N13+N20)+2*(O6+O13+O20) -> 32 | P55: =(P6+P13+P20)+2*(Q6+Q13+Q20) -> 32 | R55: =(R6+R13+R20)+2*(S6+S13+S20) -> 32 | T55: =(T6+T13+T20)+2*(U6+U13+U20) -> 0 | V55: =(V6+V13+V20)+2*(W6+W13+W20) -> 0 | X55: =(X6+X13+X20)+2*(Y6+Y13+Y20) -> 35 | Z55: =(Z6+Z13+Z20)+2*(AA6+AA13+AA20) -> 35 | AB55: =(AB6+AB13+AB20)+2*(AC6+AC13+AC20) -> 34 | AD55: =(AD6+AD13+AD20)+2*(AE6+AE13+AE20) -> 35 | AF55: =(AF6+AF13+AF20)+2*(AG6+AG13+AG20) -> 0 | AH55: =(AH6+AH13+AH20)+2*(AI6+AI13+AI20) -> 0 | AJ55: =(AJ6+AJ13+AJ20)+2*(AK6+AK13+AK20) -> 0 | AL55: =(AL6+AL13+AL20)+2*(AM6+AM13+AM20) -> 36 | AN55: =(AN6+AN13+AN20)+2*(AO6+AO13+AO20) -> 36 | AP55: =(AP6+AP13+AP20)+2*(AQ6+AQ13+AQ20) -> 35 | AR55: =(AR6+AR13+AR20)+2*(AS6+AS13+AS20) -> 35 | AT55: =(AT6+AT13+AT20)+2*(AU6+AU13+AU20) -> 32 | AV55: =(AV6+AV13+AV20)+2*(AW6+AW13+AW20) -> 0 | AX55: =(AX6+AX13+AX20)+2*(AY6+AY13+AY20) -> 0 | AZ55: =(AZ6+AZ13+AZ20)+2*(BA6+BA13+BA20) -> 35 | BB55: =(BB6+BB13+BB20)+2*(BC6+BC13+BC20) -> 35 | BD55: =(BD6+BD13+BD20)+2*(BE6+BE13+BE20) -> 36 | BF55: =(BF6+BF13+BF20)+2*(BG6+BG13+BG20) -> 35 | BH55: =(BH6+BH13+BH20)+2*(BI6+BI13+BI20) -> 35 | BJ55: =(BJ6+BJ13+BJ20)+2*(BK6+BK13+BK20) -> 0 | BL55: =(BL6+BL13+BL20)+2*(BM6+BM13+BM20) -> 0
A56: PU-EB | D56: =(D4+D11+D18)+2*(E4+E11+E18) -> 0 | F56: =(F4+F11+F18)+2*(G4+G11+G18) -> 0 | H56: =(H4+H11+H18)+2*(I4+I11+I18) -> 0 | J56: =(J4+J11+J18)+2*(K4+K11+K18) -> 0 | L56: =(L4+L11+L18)+2*(M4+M11+M18) -> 0 | N56: =(N4+N11+N18)+2*(O4+O11+O18) -> 0 | P56: =(P4+P11+P18)+2*(Q4+Q11+Q18) -> 0 | R56: =(R4+R11+R18)+2*(S4+S11+S18) -> 0 | T56: =(T4+T11+T18)+2*(U4+U11+U18) -> 0 | V56: =(V4+V11+V18)+2*(W4+W11+W18) -> 0 | X56: =(X4+X11+X18)+2*(Y4+Y11+Y18) -> 0 | Z56: =(Z4+Z11+Z18)+2*(AA4+AA11+AA18) -> 0 | AB56: =(AB4+AB11+AB18)+2*(AC4+AC11+AC18) -> 0 | AD56: =(AD4+AD11+AD18)+2*(AE4+AE11+AE18) -> 0 | AF56: =(AF4+AF11+AF18)+2*(AG4+AG11+AG18) -> 0 | AH56: =(AH4+AH11+AH18)+2*(AI4+AI11+AI18) -> 0 | AJ56: =(AJ4+AJ11+AJ18)+2*(AK4+AK11+AK18) -> 0 | AL56: =(AL4+AL11+AL18)+2*(AM4+AM11+AM18) -> 0 | AN56: =(AN4+AN11+AN18)+2*(AO4+AO11+AO18) -> 0 | AP56: =(AP4+AP11+AP18)+2*(AQ4+AQ11+AQ18) -> 0 | AR56: =(AR4+AR11+AR18)+2*(AS4+AS11+AS18) -> 0 | AT56: =(AT4+AT11+AT18)+2*(AU4+AU11+AU18) -> 0 | AV56: =(AV4+AV11+AV18)+2*(AW4+AW11+AW18) -> 0 | AX56: =(AX4+AX11+AX18)+2*(AY4+AY11+AY18) -> 0 | AZ56: =(AZ4+AZ11+AZ18)+2*(BA4+BA11+BA18) -> 0 | BB56: =(BB4+BB11+BB18)+2*(BC4+BC11+BC18) -> 0 | BD56: =(BD4+BD11+BD18)+2*(BE4+BE11+BE18) -> 0 | BF56: =(BF4+BF11+BF18)+2*(BG4+BG11+BG18) -> 0 | BH56: =(BH4+BH11+BH18)+2*(BI4+BI11+BI18) -> 0 | BJ56: =(BJ4+BJ11+BJ18)+2*(BK4+BK11+BK18) -> 0 | BL56: =(BL4+BL11+BL18)+2*(BM4+BM11+BM18) -> 0
A57: EB-PU | D57: =(D7+D14+D21)+2*(E7+E14+E21) -> 1 | F57: =(F7+F14+F21)+2*(G7+G14+G21) -> 0 | H57: =(H7+H14+H21)+2*(I7+I14+I21) -> 0 | J57: =(J7+J14+J21)+2*(K7+K14+K21) -> 1 | L57: =(L7+L14+L21)+2*(M7+M14+M21) -> 1 | N57: =(N7+N14+N21)+2*(O7+O14+O21) -> 1 | P57: =(P7+P14+P21)+2*(Q7+Q14+Q21) -> 1 | R57: =(R7+R14+R21)+2*(S7+S14+S21) -> 1 | T57: =(T7+T14+T21)+2*(U7+U14+U21) -> 0 | V57: =(V7+V14+V21)+2*(W7+W14+W21) -> 0 | X57: =(X7+X14+X21)+2*(Y7+Y14+Y21) -> 1 | Z57: =(Z7+Z14+Z21)+2*(AA7+AA14+AA21) -> 1 | AB57: =(AB7+AB14+AB21)+2*(AC7+AC14+AC21) -> 1 | AD57: =(AD7+AD14+AD21)+2*(AE7+AE14+AE21) -> 1 | AF57: =(AF7+AF14+AF21)+2*(AG7+AG14+AG21) -> 0 | AH57: =(AH7+AH14+AH21)+2*(AI7+AI14+AI21) -> 0 | AJ57: =(AJ7+AJ14+AJ21)+2*(AK7+AK14+AK21) -> 0 | AL57: =(AL7+AL14+AL21)+2*(AM7+AM14+AM21) -> 1 | AN57: =(AN7+AN14+AN21)+2*(AO7+AO14+AO21) -> 1 | AP57: =(AP7+AP14+AP21)+2*(AQ7+AQ14+AQ21) -> 1 | AR57: =(AR7+AR14+AR21)+2*(AS7+AS14+AS21) -> 1 | AT57: =(AT7+AT14+AT21)+2*(AU7+AU14+AU21) -> 1 | AV57: =(AV7+AV14+AV21)+2*(AW7+AW14+AW21) -> 0 | AX57: =(AX7+AX14+AX21)+2*(AY7+AY14+AY21) -> 0 | AZ57: =(AZ7+AZ14+AZ21)+2*(BA7+BA14+BA21) -> 1 | BB57: =(BB7+BB14+BB21)+2*(BC7+BC14+BC21) -> 1 | BD57: =(BD7+BD14+BD21)+2*(BE7+BE14+BE21) -> 1 | BF57: =(BF7+BF14+BF21)+2*(BG7+BG14+BG21) -> 1 | BH57: =(BH7+BH14+BH21)+2*(BI7+BI14+BI21) -> 1 | BJ57: =(BJ7+BJ14+BJ21)+2*(BK7+BK14+BK21) -> 0 | BL57: =(BL7+BL14+BL21)+2*(BM7+BM14+BM21) -> 0
A58: PU-CH | D58: =D24+E24 -> 1

Sheet Oferta Diaria
A1: Oferta Agosto 2025
C3: 45870 | D3: 45871 | E3: 45872 | F3: 45873 | G3: 45874 | H3: 45875 | I3: 45876 | J3: 45877 | K3: 45878 | L3: 45879 | M3: 45880 | N3: 45881 | O3: 45882 | P3: 45883 | Q3: 45884 | R3: 45885 | S3: 45886 | T3: 45887 | U3: 45888 | V3: 45889 | W3: 45890 | X3: 45891 | Y3: 45892 | Z3: 45893 | AA3: 45894 | AB3: 45895 | AC3: 45896 | AD3: 45897 | AE3: 45898 | AF3: 45899 | AG3: 45900
A4: HÁBIL | B4: km
A5: Servicios PU-LI | B5: 43.13 | C5: ='Data Ocupacion'!D43 -> 79 | D5: ='Data Ocupacion'!F43 -> 72 | E5: ='Data Ocupacion'!H43 -> 54 | F5: ='Data Ocupacion'!J43 -> 79 | G5: ='Data Ocupacion'!L43 -> 79 | H5: ='Data Ocupacion'!N43 -> 79 | I5: ='Data Ocupacion'!P43 -> 79 | J5: ='Data Ocupacion'!R43 -> 79 | K5: ='Data Ocupacion'!T43 -> 72 | L5: ='Data Ocupacion'!V43 -> 54 | M5: ='Data Ocupacion'!X43 -> 79 | N5: ='Data Ocupacion'!Z43 -> 79 | O5: ='Data Ocupacion'!AB43 -> 80 | P5: ='Data Ocupacion'!AD43 -> 79 | Q5: ='Data Ocupacion'!AF43 -> 54 | R5: ='Data Ocupacion'!AH43 -> 72 | S5: ='Data Ocupacion'!AJ43 -> 54 | T5: ='Data Ocupacion'!AL43 -> 78 | U5: ='Data Ocupacion'!AN43 -> 79 | V5: ='Data Ocupacion'!AP43 -> 79 | W5: ='Data Ocupacion'!AR43 -> 80 | X5: ='Data Ocupacion'!AT43 -> 79 | Y5: ='Data Ocupacion'!AV43 -> 72 | Z5: ='Data Ocupacion'!AX43 -> 54 | AA5: ='Data Ocupacion'!AZ43 -> 79 | AB5: ='Data Ocupacion'!BB43 -> 80 | AC5: ='Data Ocupacion'!BD43 -> 79 | AD5: ='Data Ocupacion'!BF43 -> 79 | AE5: ='Data Ocupacion'!BH43 -> 79 | AF5: ='Data Ocupacion'!BJ43 -> 72 | AG5: ='Data Ocupacion'!BL43 -> 54
A6: Servicios LI-PU | B6: 43.13 | C6: ='Data Ocupacion'!D44 -> 78 | D6: ='Data Ocupacion'!F44 -> 75 | E6: ='Data Ocupacion'!H44 -> 57 | F6: ='Data Ocupacion'!J44 -> 78 | G6: ='Data Ocupacion'!L44 -> 78 | H6: ='Data Ocupacion'!N44 -> 78 | I6: ='Data Ocupacion'!P44 -> 78 | J6: ='Data Ocupacion'!R44 -> 78 | K6: ='Data Ocupacion'!T44 -> 75 | L6: ='Data Ocupacion'!V44 -> 57 | M6: ='Data Ocupacion'!X44 -> 78 | N6: ='Data Ocupacion'!Z44 -> 78 | O6: ='Data Ocupacion'!AB44 -> 78 | P6: ='Data Ocupacion'!AD44 -> 78 | Q6: ='Data Ocupacion'!AF44 -> 57 | R6: ='Data Ocupacion'!AH44 -> 75 | S6: ='Data Ocupacion'!AJ44 -> 57 | T6: ='Data Ocupacion'!AL44 -> 78 | U6: ='Data Ocupacion'!AN44 -> 78 | V6: ='Data Ocupacion'!AP44 -> 78 | W6: ='Data Ocupacion'!AR44 -> 78 | X6: ='Data Ocupacion'!AT44 -> 78 | Y6: ='Data Ocupacion'!AV44 -> 75 | Z6: ='Data Ocupacion'!AX44 -> 57 | AA6: ='Data Ocupacion'!AZ44 -> 78 | AB6: ='Data Ocupacion'!BB44 -> 78 | AC6: ='Data Ocupacion'!BD44 -> 78 | AD6: ='Data Ocupacion'!BF44 -> 78 | AE6: ='Data Ocupacion'!BH44 -> 78 | AF6: ='Data Ocupacion'!BJ44 -> 75 | AG6: ='Data Ocupacion'!BL44 -> 57
A7: Servicios PU-SA | B7: 29.11 | C7: ='Data Ocupacion'!D45 -> 29 | D7: ='Data Ocupacion'!F45 -> 0 | E7: ='Data Ocupacion'!H45 -> 0 | F7: ='Data Ocupacion'!J45 -> 33 | G7: ='Data Ocupacion'!L45 -> 33 | H7: ='Data Ocupacion'!N45 -> 33 | I7: ='Data Ocupacion'!P45 -> 33 | J7: ='Data Ocupacion'!R45 -> 33 | K7: ='Data Ocupacion'!T45 -> 0 | L7: ='Data Ocupacion'!V45 -> 0 | M7: ='Data Ocupacion'!X45 -> 33 | N7: ='Data Ocupacion'!Z45 -> 33 | O7: ='Data Ocupacion'!AB45 -> 32 | P7: ='Data Ocupacion'!AD45 -> 33 | Q7: ='Data Ocupacion'!AF45 -> 0 | R7: ='Data Ocupacion'!AH45 -> 0 | S7: ='Data Ocupacion'!AJ45 -> 0 | T7: ='Data Ocupacion'!AL45 -> 33 | U7: ='Data Ocupacion'!AN45 -> 33 | V7: ='Data Ocupacion'!AP45 -> 33 | W7: ='Data Ocupacion'!AR45 -> 30 | X7: ='Data Ocupacion'!AT45 -> 33 | Y7: ='Data Ocupacion'!AV45 -> 0 | Z7: ='Data Ocupacion'!AX45 -> 0 | AA7: ='Data Ocupacion'!AZ45 -> 33 | AB7: ='Data Ocupacion'!BB45 -> 30 | AC7: ='Data Ocupacion'!BD45 -> 33 | AD7: ='Data Ocupacion'!BF45 -> 33 | AE7: ='Data Ocupacion'!BH45 -> 33 | AF7: ='Data Ocupacion'!BJ45 -> 0 | AG7: ='Data Ocupacion'!BK45 -> 0
A8: Servicios SA-PU | B8: 29.11 | C8: ='Data Ocupacion'!D46 -> 29 | D8: ='Data Ocupacion'!F46 -> 0 | E8: ='Data Ocupacion'!H46 -> 0 | F8: ='Data Ocupacion'!J46 -> 32 | G8: ='Data Ocupacion'!L46 -> 32 | H8: ='Data Ocupacion'!N46 -> 32 | I8: ='Data Ocupacion'!P46 -> 32 | J8: ='Data Ocupacion'!R46 -> 32 | K8: ='Data Ocupacion'!T46 -> 0 | L8: ='Data Ocupacion'!V46 -> 0 | M8: ='Data Ocupacion'!X46 -> 32 | N8: ='Data Ocupacion'!Z46 -> 32 | O8: ='Data Ocupacion'!AB46 -> 31 | P8: ='Data Ocupacion'!AD46 -> 32 | Q8: ='Data Ocupacion'!AF46 -> 0 | R8: ='Data Ocupacion'!AH46 -> 0 | S8: ='Data Ocupacion'!AJ46 -> 0 | T8: ='Data Ocupacion'!AL46 -> 32 | U8: ='Data Ocupacion'!AN46 -> 32 | V8: ='Data Ocupacion'!AP46 -> 32 | W8: ='Data Ocupacion'!AR46 -> 32 | X8: ='Data Ocupacion'!AT46 -> 32 | Y8: ='Data Ocupacion'!AV46 -> 0 | Z8: ='Data Ocupacion'!AX46 -> 0 | AA8: ='Data Ocupacion'!AZ46 -> 32 | AB8: ='Data Ocupacion'!BB46 -> 31 | AC8: ='Data Ocupacion'!BD46 -> 32 | AD8: ='Data Ocupacion'!BF46 -> 32 | AE8: ='Data Ocupacion'!BH46 -> 32 | AF8: ='Data Ocupacion'!BJ46 -> 0 | AG8: ='Data Ocupacion'!BK46 -> 0
A9: Servicios PU-EB | B9: 25.4 | C9: ='Data Ocupacion'!D47 -> 0 | D9: ='Data Ocupacion'!F47 -> 0 | E9: ='Data Ocupacion'!H47 -> 0 | F9: ='Data Ocupacion'!J47 -> 0 | G9: ='Data Ocupacion'!L47 -> 0 | H9: ='Data Ocupacion'!N47 -> 0 | I9: ='Data Ocupacion'!P47 -> 0 | J9: ='Data Ocupacion'!R47 -> 0 | K9: ='Data Ocupacion'!T47 -> 0 | L9: ='Data Ocupacion'!V47 -> 0 | M9: ='Data Ocupacion'!X47 -> 0 | N9: ='Data Ocupacion'!Z47 -> 0 | O9: ='Data Ocupacion'!AB47 -> 0 | P9: ='Data Ocupacion'!AD47 -> 0 | Q9: ='Data Ocupacion'!AF47 -> 0 | R9: ='Data Ocupacion'!AH47 -> 0 | S9: ='Data Ocupacion'!AJ47 -> 0 | T9: ='Data Ocupacion'!AL47 -> 0 | U9: ='Data Ocupacion'!AN47 -> 0 | V9: ='Data Ocupacion'!AP47 -> 0 | W9: ='Data Ocupacion'!AR47 -> 0 | X9: ='Data Ocupacion'!AT47 -> 0 | Y9: ='Data Ocupacion'!AV47 -> 0 | Z9: ='Data Ocupacion'!AX47 -> 0 | AA9: ='Data Ocupacion'!AZ47 -> 0 | AB9: ='Data Ocupacion'!BB47 -> 0 | AC9: ='Data Ocupacion'!BD47 -> 0 | AD9: ='Data Ocupacion'!BF47 -> 0 | AE9: ='Data Ocupacion'!BH47 -> 0 | AF9: ='Data Ocupacion'!BJ47 -> 0 | AG9: ='Data Ocupacion'!BK47 -> 0
A10: Servicios EB-PU | B10: 25.4 | C10: ='Data Ocupacion'!D48 -> 1 | D10: ='Data Ocupacion'!F48 -> 0 | E10: ='Data Ocupacion'!H48 -> 0 | F10: ='Data Ocupacion'!J48 -> 1 | G10: ='Data Ocupacion'!L48 -> 1 | H10: ='Data Ocupacion'!N48 -> 1 | I10: ='Data Ocupacion'!P48 -> 1 | J10: ='Data Ocupacion'!R48 -> 1 | K10: ='Data Ocupacion'!T48 -> 0 | L10: ='Data Ocupacion'!V48 -> 0 | M10: ='Data Ocupacion'!X48 -> 1 | N10: ='Data Ocupacion'!Z48 -> 1 | O10: ='Data Ocupacion'!AB48 -> 1 | P10: ='Data Ocupacion'!AD48 -> 1 | Q10: ='Data Ocupacion'!AF48 -> 0 | R10: ='Data Ocupacion'!AH48 -> 0 | S10: ='Data Ocupacion'!AJ48 -> 0 | T10: ='Data Ocupacion'!AL48 -> 1 | U10: ='Data Ocupacion'!AN48 -> 1 | V10: ='Data Ocupacion'!AP48 -> 1 | W10: ='Data Ocupacion'!AR48 -> 1 | X10: ='Data Ocupacion'!AT48 -> 1 | Y10: ='Data Ocupacion'!AV48 -> 0 | Z10: ='Data Ocupacion'!AX48 -> 0 | AA10: ='Data Ocupacion'!AZ48 -> 1 | AB10: ='Data Ocupacion'!BB48 -> 1 | AC10: ='Data Ocupacion'!BD48 -> 1 | AD10: ='Data Ocupacion'!BF48 -> 1 | AE10: ='Data Ocupacion'!BH48 -> 1 | AF10: ='Data Ocupacion'!BJ48 -> 0 | AG10: ='Data Ocupacion'!BK48 -> 0
A11: Servicios PU-CH | B11: 10.55 | C11: ='Data Ocupacion'!D49 -> 1
A13: Trenes PU-LI | B13: 43.13 | C13: ='Data Ocupacion'!D52 -> 90 | D13: ='Data Ocupacion'!F52 -> 75 | E13: ='Data Ocupacion'!H52 -> 57 | F13: ='Data Ocupacion'!J52 -> 97 | G13: ='Data Ocupacion'!L52 -> 98 | H13: ='Data Ocupacion'!N52 -> 98 | I13: ='Data Ocupacion'!P52 -> 98 | J13: ='Data Ocupacion'!R52 -> 98 | K13: ='Data Ocupacion'!T52 -> 75 | L13: ='Data Ocupacion'!V52 -> 57 | M13: ='Data Ocupacion'!X52 -> 108 | N13: ='Data Ocupacion'!Z52 -> 108 | O13: ='Data Ocupacion'!AB52 -> 107 | P13: ='Data Ocupacion'!AD52 -> 107 | Q13: ='Data Ocupacion'!AF52 -> 57 | R13: ='Data Ocupacion'!AH52 -> 75 | S13: ='Data Ocupacion'!AJ52 -> 57 | T13: ='Data Ocupacion'!AL52 -> 109 | U13: ='Data Ocupacion'!AN52 -> 111 | V13: ='Data Ocupacion'!AP52 -> 113 | W13: ='Data Ocupacion'!AR52 -> 111 | X13: ='Data Ocupacion'!AT52 -> 103 | Y13: ='Data Ocupacion'!AV52 -> 75 | Z13: ='Data Ocupacion'!AX52 -> 57 | AA13: ='Data Ocupacion'!AZ52 -> 111 | AB13: ='Data Ocupacion'!BB52 -> 111 | AC13: ='Data Ocupacion'!BD52 -> 112 | AD13: ='Data Ocupacion'!BF52 -> 111 | AE13: ='Data Ocupacion'!BH52 -> 111 | AF13: ='Data Ocupacion'!BJ52 -> 75 | AG13: ='Data Ocupacion'!BL52 -> 57
A14: Trenes LI-PU | B14: 43.13 | C14: ='Data Ocupacion'!D53 -> 90 | D14: ='Data Ocupacion'!F53 -> 75 | E14: ='Data Ocupacion'!H53 -> 57 | F14: ='Data Ocupacion'!J53 -> 97 | G14: ='Data Ocupacion'!L53 -> 98 | H14: ='Data Ocupacion'!N53 -> 98 | I14: ='Data Ocupacion'!P53 -> 98 | J14: ='Data Ocupacion'!R53 -> 98 | K14: ='Data Ocupacion'!T53 -> 75 | L14: ='Data Ocupacion'!V53 -> 57 | M14: ='Data Ocupacion'!X53 -> 108 | N14: ='Data Ocupacion'!Z53 -> 108 | O14: ='Data Ocupacion'!AB53 -> 107 | P14: ='Data Ocupacion'!AD53 -> 107 | Q14: ='Data Ocupacion'!AF53 -> 57 | R14: ='Data Ocupacion'!AH53 -> 75 | S14: ='Data Ocupacion'!AJ53 -> 57 | T14: ='Data Ocupacion'!AL53 -> 112 | U14: ='Data Ocupacion'!AN53 -> 111 | V14: ='Data Ocupacion'!AP53 -> 113 | W14: ='Data Ocupacion'!AR53 -> 112 | X14: ='Data Ocupacion'!AT53 -> 103 | Y14: ='Data Ocupacion'!AV53 -> 75 | Z14: ='Data Ocupacion'!AX53 -> 57 | AA14: ='Data Ocupacion'!AZ53 -> 111 | AB14: ='Data Ocupacion'!BB53 -> 110 | AC14: ='Data Ocupacion'!BD53 -> 111 | AD14: ='Data Ocupacion'!BF53 -> 109 | AE14: ='Data Ocupacion'!BH53 -> 111 | AF14: ='Data Ocupacion'!BJ53 -> 75 | AG14: ='Data Ocupacion'!BL53 -> 57
A15: Trenes PU-SA | B15: 29.11 | C15: ='Data Ocupacion'!D54 -> 29 | D15: ='Data Ocupacion'!F54 -> 0 | E15: ='Data Ocupacion'!H54 -> 0 | F15: ='Data Ocupacion'!J54 -> 33 | G15: ='Data Ocupacion'!L54 -> 33 | H15: ='Data Ocupacion'!N54 -> 33 | I15: ='Data Ocupacion'!P54 -> 33 | J15: ='Data Ocupacion'!R54 -> 33 | K15: ='Data Ocupacion'!T54 -> 0 | L15: ='Data Ocupacion'!V54 -> 0 | M15: ='Data Ocupacion'!X54 -> 36 | N15: ='Data Ocupacion'!Z54 -> 36 | O15: ='Data Ocupacion'!AB54 -> 35 | P15: ='Data Ocupacion'!AD54 -> 36 | Q15: ='Data Ocupacion'!AF54 -> 0 | R15: ='Data Ocupacion'!AH54 -> 0 | S15: ='Data Ocupacion'!AJ54 -> 0 | T15: ='Data Ocupacion'!AL54 -> 37 | U15: ='Data Ocupacion'!AN54 -> 37 | V15: ='Data Ocupacion'!AP54 -> 36 | W15: ='Data Ocupacion'!AR54 -> 33 | X15: ='Data Ocupacion'!AT54 -> 33 | Y15: ='Data Ocupacion'!AV54 -> 0 | Z15: ='Data Ocupacion'!AX54 -> 0 | AA15: ='Data Ocupacion'!AZ54 -> 36 | AB15: ='Data Ocupacion'!BB54 -> 34 | AC15: ='Data Ocupacion'!BD54 -> 37 | AD15: ='Data Ocupacion'!BF54 -> 36 | AE15: ='Data Ocupacion'!BH54 -> 36 | AF15: ='Data Ocupacion'!BJ54 -> 0 | AG15: ='Data Ocupacion'!BK54 -> 0
A16: Trenes SA-PU | B16: 29.11 | C16: ='Data Ocupacion'!D55 -> 29 | D16: ='Data Ocupacion'!F55 -> 0 | E16: ='Data Ocupacion'!H55 -> 0 | F16: ='Data Ocupacion'!J55 -> 32 | G16: ='Data Ocupacion'!L55 -> 32 | H16: ='Data Ocupacion'!N55 -> 32 | I16: ='Data Ocupacion'!P55 -> 32 | J16: ='Data Ocupacion'!R55 -> 32 | K16: ='Data Ocupacion'!T55 -> 0 | L16: ='Data Ocupacion'!V55 -> 0 | M16: ='Data Ocupacion'!X55 -> 35 | N16: ='Data Ocupacion'!Z55 -> 35 | O16: ='Data Ocupacion'!AB55 -> 34 | P16: ='Data Ocupacion'!AD55 -> 35 | Q16: ='Data Ocupacion'!AF55 -> 0 | R16: ='Data Ocupacion'!AH55 -> 0 | S16: ='Data Ocupacion'!AJ55 -> 0 | T16: ='Data Ocupacion'!AL55 -> 36 | U16: ='Data Ocupacion'!AN55 -> 36 | V16: ='Data Ocupacion'!AP55 -> 35 | W16: ='Data Ocupacion'!AR55 -> 35 | X16: ='Data Ocupacion'!AT55 -> 32 | Y16: ='Data Ocupacion'!AV55 -> 0 | Z16: ='Data Ocupacion'!AX55 -> 0 | AA16: ='Data Ocupacion'!AZ55 -> 35 | AB16: ='Data Ocupacion'!BB55 -> 35 | AC16: ='Data Ocupacion'!BD55 -> 36 | AD16: ='Data Ocupacion'!BF55 -> 35 | AE16: ='Data Ocupacion'!BH55 -> 35 | AF16: ='Data Ocupacion'!BJ55 -> 0 | AG16: ='Data Ocupacion'!BK55 -> 0
A17: Trenes EB-PU | B17: 25.4 | C17: ='Data Ocupacion'!D57 -> 1 | D17: ='Data Ocupacion'!F57 -> 0 | E17: ='Data Ocupacion'!H57 -> 0 | F17: ='Data Ocupacion'!J57 -> 1 | G17: ='Data Ocupacion'!L57 -> 1 | H17: ='Data Ocupacion'!N57 -> 1 | I17: ='Data Ocupacion'!P57 -> 1 | J17: ='Data Ocupacion'!R57 -> 1 | K17: ='Data Ocupacion'!T57 -> 0 | L17: ='Data Ocupacion'!V57 -> 0 | M17: ='Data Ocupacion'!X57 -> 1 | N17: ='Data Ocupacion'!Z57 -> 1 | O17: ='Data Ocupacion'!AB57 -> 1 | P17: ='Data Ocupacion'!AD57 -> 1 | Q17: ='Data Ocupacion'!AF57 -> 0 | R17: ='Data Ocupacion'!AH57 -> 0 | S17: ='Data Ocupacion'!AJ57 -> 0 | T17: ='Data Ocupacion'!AL57 -> 1 | U17: ='Data Ocupacion'!AN57 -> 1 | V17: ='Data Ocupacion'!AP57 -> 1 | W17: ='Data Ocupacion'!AR57 -> 1 | X17: ='Data Ocupacion'!AT57 -> 1 | Y17: ='Data Ocupacion'!AV57 -> 0 | Z17: ='Data Ocupacion'!AX57 -> 0 | AA17: ='Data Ocupacion'!AZ57 -> 1 | AB17: ='Data Ocupacion'!BB57 -> 1 | AC17: ='Data Ocupacion'!BD57 -> 1 | AD17: ='Data Ocupacion'!BF57 -> 1 | AE17: ='Data Ocupacion'!BH57 -> 1 | AF17: ='Data Ocupacion'!BJ57 -> 0 | AG17: ='Data Ocupacion'!BK57 -> 0
A18: Trenes PU-EB | B18: 25.4 | C18: 0 | D18: 0 | E18: 0 | F18: 0 | G18: 0 | H18: 0 | I18: 0 | K18: 0 | L18: 0 | M18: 0 | N18: 0 | O18: 0 | P18: 0 | Q18: 0 | R18: 0 | S18: 0 | T18: 0 | U18: 0 | V18: 0 | W18: 0 | X18: 0 | Y18: 0 | Z18: 0 | AA18: 0 | AB18: 0 | AC18: 0 | AD18: 0 | AE18: 0 | AF18: 0 | AG18: 0
A19: Trenes PU-CH | B19: 10.55 | C19: ='Data Ocupacion'!D58 -> 1
A21: Corte EB (600) | B21: -17.73 | C21: ='KM-Servicio'!Q5 -> 1 | D21: ='KM-Servicio'!Q13 -> 0 | E21: ='KM-Servicio'!Q20 -> 0 | F21: ='KM-Servicio'!Q27 -> 4 | G21: ='KM-Servicio'!Q34 -> 2 | H21: ='KM-Servicio'!Q41 -> 5 | I21: ='KM-Servicio'!Q48 -> 2 | J21: ='KM-Servicio'!Q55 -> 2 | K21: ='KM-Servicio'!Q62 -> 0 | L21: ='KM-Servicio'!Q69 -> 0 | M21: ='KM-Servicio'!Q76 -> 2 | N21: ='KM-Servicio'!Q83 -> 3 | O21: ='KM-Servicio'!Q90 -> 4 | P21: ='KM-Servicio'!Q97 -> 4 | Q21: ='KM-Servicio'!Q104 -> 0 | R21: ='KM-Servicio'!Q111 -> 0 | S21: ='KM-Servicio'!Q118 -> 0 | T21: ='KM-Servicio'!Q125 -> 0 | U21: ='KM-Servicio'!Q132 -> 4 | V21: ='KM-Servicio'!Q139 -> 3 | W21: ='KM-Servicio'!Q146 -> 5 | X21: ='KM-Servicio'!Q153 -> 1 | Y21: ='KM-Servicio'!Q160 -> 0 | Z21: ='KM-Servicio'!Q167 -> 0 | AA21: ='KM-Servicio'!Q174 -> 4 | AB21: ='KM-Servicio'!Q181 -> 1 | AC21: ='KM-Servicio'!Q188 -> 0 | AD21: ='KM-Servicio'!Q195 -> 0 | AE21: ='KM-Servicio'!Q202 -> 5 | AF21: ='KM-Servicio'!Q209 -> 0 | AG21: ='KM-Servicio'!R209 -> 0
A22: Acople EB (600) | B22: -17.73 | C22: ='KM-Servicio'!T6 -> 0 | D22: ='KM-Servicio'!T14 -> 0 | E22: ='KM-Servicio'!T21 -> 0 | F22: ='KM-Servicio'!T28 -> 1 | G22: ='KM-Servicio'!T35 -> 3 | H22: ='KM-Servicio'!T42 -> 9 | I22: ='KM-Servicio'!T49 -> 2 | J22: ='KM-Servicio'!T56 -> 4 | K22: ='KM-Servicio'!T63 -> 0 | L22: ='KM-Servicio'!T70 -> 0 | M22: ='KM-Servicio'!T77 -> 3 | N22: ='KM-Servicio'!T84 -> 4 | O22: ='KM-Servicio'!T91 -> 4 | P22: ='KM-Servicio'!T98 -> 5 | Q22: ='KM-Servicio'!T105 -> 0 | R22: ='KM-Servicio'!T112 -> 0 | S22: ='KM-Servicio'!T119 -> 0 | T22: ='KM-Servicio'!T126 -> 1 | U22: ='KM-Servicio'!T133 -> 2 | V22: ='KM-Servicio'!T140 -> 0 | W22: ='KM-Servicio'!T147 -> 3 | X22: ='KM-Servicio'!T154 -> 1 | Y22: ='KM-Servicio'!T161 -> 0 | Z22: ='KM-Servicio'!T168 -> 0 | AA22: ='KM-Servicio'!T175 -> 4 | AB22: ='KM-Servicio'!T182 -> 2 | AC22: ='KM-Servicio'!T189 -> 2 | AD22: ='KM-Servicio'!T196 -> 0 | AE22: ='KM-Servicio'!T203 -> 5 | AF22: ='KM-Servicio'!T210 -> 0 | AG22: ='KM-Servicio'!U210 -> 0
A23: Acople/Corte SA (600) | B23: -14.02 | C23: ='KM-Servicio'!U6 -> 0 | D23: ='KM-Servicio'!U14 -> 0 | E23: ='KM-Servicio'!U21 -> 0 | F23: ='KM-Servicio'!U28 -> 0 | G23: ='KM-Servicio'!U35 -> 0 | H23: ='KM-Servicio'!U42 -> 0 | I23: ='KM-Servicio'!U49 -> 0 | J23: ='KM-Servicio'!U56 -> 0 | K23: ='KM-Servicio'!U63 -> 0 | L23: ='KM-Servicio'!U70 -> 0 | M23: ='KM-Servicio'!U77 -> 0 | N23: ='KM-Servicio'!U84 -> 0 | O23: ='KM-Servicio'!U91 -> 0 | P23: ='KM-Servicio'!U98 -> 0 | Q23: ='KM-Servicio'!U105 -> 0 | R23: ='KM-Servicio'!U112 -> 0 | S23: ='KM-Servicio'!U119 -> 0 | T23: ='KM-Servicio'!U126 -> 0 | U23: ='KM-Servicio'!U133 -> 0 | V23: ='KM-Servicio'!U140 -> 0 | W23: ='KM-Servicio'!U147 -> 0 | X23: ='KM-Servicio'!U154 -> 0 | Y23: ='KM-Servicio'!U161 -> 0 | Z23: ='KM-Servicio'!U168 -> 0 | AA23: ='KM-Servicio'!U175 -> 0 | AB23: ='KM-Servicio'!U182 -> 1 | AC23: ='KM-Servicio'!U189 -> 0 | AD23: ='KM-Servicio'!U196 -> 0 | AE23: ='KM-Servicio'!U203 -> 0 | AF23: ='KM-Servicio'!U210 -> 0 | AG23: ='KM-Servicio'!V210 -> 0
A24: Corte EB (600) V2 | B24: -25.4 | E24: ='KM-Servicio'!Q22 -> 0 | G24: ='KM-Servicio'!Q36 -> 0 | N24: ='KM-Servicio'!Q85 -> 0 | T24: 1 | AB24: 1
A25: Acople EB (600) vía 1 | B25: 17.73
A26: Acople PE (600) via 2 | B26: -12.73
A28: Servicios | B28: =SUM(C28:AG28) -> 5848 | C28: =SUM(C5:C11) -> 217 | D28: =SUM(D5:D10) -> 147 | E28: =SUM(E5:E10) -> 111 | F28: =SUM(F5:F10) -> 223 | G28: =SUM(G5:G10) -> 223 | H28: =SUM(H5:H10) -> 223 | I28: =SUM(I5:I10) -> 223 | J28: =SUM(J5:J10) -> 223 | K28: =SUM(K5:K10) -> 147 | ... AG28: =SUM(AG5:AG10) -> 111
A29: Trenes | B29: =SUM(C29:AG29) -> 7049 | C29: =SUM(C13:C19) -> 240 | D29: =SUM(D13:D18) -> 150 | E29: =SUM(E13:E18) -> 114 | F29: =SUM(F13:F18) -> 260 | G29: =SUM(G13:G18) -> 262 | H29: =SUM(H13:H18) -> 262 | I29: =SUM(I13:I18) -> 262 | J29: =SUM(J13:J18) -> 262 | K29: =SUM(K13:K18) -> 150 | ... AG29: =SUM(AG13:AG18) -> 114
A30: Trenes KM | B30: =SUM(C30:AG30) -> 282466.86 | C30: =(C13*$B$13+C14*$B$14+C15*$B$15+C16*$B$16+C18*$B$18+C22*$B$22+C17*$B$17+C21*$B$21+C23*$B$23+C24*$B$24+C25*B25+C19*B19) -> 9470 | D30: =(D13*$B$13+D14*$B$14+D15*$B$15+D16*$B$16+D18*$B$18+D22*$B$22+D17*$B$17+D21*$B$21+D23*$B$23+D24*$B$24+D25*B25) -> 6469.5 | E30: =(E13*$B$13+E14*$B$14+E15*$B$15+E16*$B$16+E18*$B$18+E22*$B$22+E17*$B$17+E21*$B$21+E23*$B$23+E24*$B$24+E25*B25) -> 4916.82 | F30: =(F13*$B$13+F14*$B$14+F15*$B$15+F16*$B$16+F18*$B$18+F22*$B$22+F17*$B$17+F21*$B$21+F23*$B$23+F24*$B$24+F25*B25) -> 10196.12 | G30: =(G13*$B$13+G14*$B$14+G15*$B$15+G16*$B$16+G18*$B$18+G22*$B$22+G17*$B$17+G21*$B$21+G23*$B$23+G24*$B$24+G25*B25) -> 10282.38 | H30: =(H13*$B$13+H14*$B$14+H15*$B$15+H16*$B$16+H18*$B$18+H22*$B$22+H17*$B$17+H21*$B$21+H23*$B$23+H24*$B$24+H25*B25+H26*B26) -> 10122.81 | I30: =(I13*$B$13+I14*$B$14+I15*$B$15+I16*$B$16+I18*$B$18+I22*$B$22+I17*$B$17+I21*$B$21+I23*$B$23+I24*$B$24+I25*B25) -> 10300.11 | J30: =(J13*$B$13+J14*$B$14+J15*$B$15+J16*$B$16+J18*$B$18+J22*$B$22+J17*$B$17+J21*$B$21+J23*$B$23+J24*$B$24+J25*B25) -> 10264.65 | K30: =(K13*$B$13+K14*$B$14+K15*$B$15+K16*$B$16+K18*$B$18+K22*$B$22+K17*$B$17+K21*$B$21+K23*$B$23+K24*$B$24+K25*B25) -> 6469.5 | L30: =(L13*$B$13+L14*$B$14+L15*$B$15+L16*$B$16+L18*$B$18+L22*$B$22+L17*$B$17+L21*$B$21+L23*$B$23+L24*$B$24+L25*B25) -> 4916.82 | M30: =(M13*$B$13+M14*$B$14+M15*$B$15+M16*$B$16+M18*$B$18+M22*$B$22+M17*$B$17+M21*$B$21+M23*$B$23+M24*$B$24+M25*B25) -> 11319.64 | N30: =(N13*$B$13+N14*$B$14+N15*$B$15+N16*$B$16+N18*$B$18+N22*$B$22+N17*$B$17+N21*$B$21+N23*$B$23+N24*$B$24+N25*B25) -> 11284.18 | O30: =(O13*$B$13+O14*$B$14+O15*$B$15+O16*$B$16+O18*$B$18+O22*$B$22+O17*$B$17+O21*$B$21+O23*$B$23+O24*$B$24+O25*B25) -> 11121.97 | P30: =(P13*$B$13+P14*$B$14+P15*$B$15+P16*$B$16+P18*$B$18+P22*$B$22+P17*$B$17+P21*$B$21+P23*$B$23+P24*$B$24+P25*B25) -> 11162.46 | Q30: =(Q13*$B$13+Q14*$B$14+Q15*$B$15+Q16*$B$16+Q18*$B$18+Q22*$B$22+Q17*$B$17+Q21*$B$21+Q23*$B$23+Q24*$B$24) -> 4916.82 | R30: =(R13*$B$13+R14*$B$14+R15*$B$15+R16*$B$16+R18*$B$18+R22*$B$22+R17*$B$17+R21*$B$21+R23*$B$23+R25*$B$25) -> 6469.5 | S30: =(S13*$B$13+S14*$B$14+S15*$B$15+S16*$B$16+S18*$B$18+S22*$B$22+S17*$B$17+S21*$B$21+S23*$B$23+S24*$B$24) -> 4916.82 | T30: =(T13*$B$13+T14*$B$14+T15*$B$15+T16*$B$16+T18*$B$18+T22*$B$22+T17*$B$17+T21*$B$21+T23*$B$23+T24*$B$24) -> 11639.03 | U30: =(U13*$B$13+U14*$B$14+U15*$B$15+U16*$B$16+U18*$B$18+U22*$B$22+U17*$B$17+U21*$B$21+U23*$B$23+U24*$B$24+U25*B25) -> 11618.91 | V30: =(V13*$B$13+V14*$B$14+V15*$B$15+V16*$B$16+V18*$B$18+V22*$B$22+V17*$B$17+V21*$B$21+V23*$B$23+V24*$B$24+V25*B25) -> 11786.4 | W30: =(W13*$B$13+W14*$B$14+W15*$B$15+W16*$B$16+W18*$B$18+W22*$B$22+W17*$B$17+W21*$B$21+W23*$B$23+W25*$B$25) -> 11481.03 | X30: =(X13*$B$13+X14*$B$14+X15*$B$15+X16*$B$16+X18*$B$18+X22*$B$22+X17*$B$17+X21*$B$21+X23*$B$23+X25*$B$25) -> 10766.87 | Y30: =(Y13*$B$13+Y14*$B$14+Y15*$B$15+Y16*$B$16+Y18*$B$18+Y22*$B$22+Y17*$B$17+Y21*$B$21+Y23*$B$23+Y25*$B$25) -> 6469.5 | Z30: =(Z13*$B$13+Z14*$B$14+Z15*$B$15+Z16*$B$16+Z18*$B$18+Z22*$B$22+Z17*$B$17+Z21*$B$21+Z23*$B$23+Z25*$B$25) -> 4916.82 | AA30: =(AA13*$B$13+AA14*$B$14+AA15*$B$15+AA16*$B$16+AA18*$B$18+AA22*$B$22+AA17*$B$17+AA21*$B$21+AA23*$B$23+AA25*$B$25) -> 11525.23 | AB30: =(AB13*$B$13+AB14*$B$14+AB15*$B$15+AB16*$B$16+AB18*$B$18+AB22*$B$22+AB17*$B$17+AB21*$B$21+AB23*$B$23+AB24*$B$24) -> 11473.11 | AC30: =(AC13*$B$13+AC14*$B$14+AC15*$B$15+AC16*$B$16+AC18*$B$18+AC22*$B$22+AC17*$B$17+AC21*$B$21+AC23*$B$23+AC24*$B$24+AC25*B25) -> 11732.96 | AD30: =(AD13*$B$13+AD14*$B$14+AD15*$B$15+AD16*$B$16+AD18*$B$18+AD22*$B$22+AD17*$B$17+AD21*$B$21+AD23*$B$23+AD24*$B$24+AD25*B25) -> 11580.81 | AE30: =(AE13*$B$13+AE14*$B$14+AE15*$B$15+AE16*$B$16+AE18*$B$18+AE22*$B$22+AE17*$B$17+AE21*$B$21+AE23*$B$23+AE25*$B$25) -> 11489.77 | AF30: =(AF13*$B$13+AF14*$B$14+AF15*$B$15+AF16*$B$16+AF18*$B$18+AF22*$B$22+AF17*$B$17+AF21*$B$21+AF23*$B$23+AF24*$B$24) -> 6469.5 | AG30: =(AG13*$B$13+AG14*$B$14+AG15*$B$15+AG16*$B$16+AG18*$B$18+AG22*$B$22+AG17*$B$17+AG21*$B$21+AG23*$B$23+AG24*$B$24) -> 4916.82
A31: Servicios KM | B31: =SUM(C31:AG31) -> 233835.38 | C31: =$B$5*C5+$B$6*C6+$B$7*C7+$B$8*C8+$B$10*C10+$B$9*C9+C11*B11 -> 8495.74 | D31: =$B$5*D5+$B$6*D6+$B$7*D7+$B$8*D8+$B$10*D10+$B$9*D9 -> 6340.11 | E31: =$B$5*E5+$B$6*E6+$B$7*E7+$B$8*E8+$B$10*E10+$B$9*E9 -> 4787.43 | F31: =$B$5*F5+$B$6*F6+$B$7*F7+$B$8*F8+$B$10*F10+$B$9*F9 -> 8688.96 | G31: =$B$5*G5+$B$6*G6+$B$7*G7+$B$8*G8+$B$10*G10+$B$9*G9 -> 8688.96 | H31: =$B$5*H5+$B$6*H6+$B$7*H7+$B$8*H8+$B$10*H10+$B$9*H9 -> 8688.96 | I31: =$B$5*I5+$B$6*I6+$B$7*I7+$B$8*I8+$B$10*I10+$B$9*I9 -> 8688.96 | J31: =$B$5*J5+$B$6*J6+$B$7*J7+$B$8*J8+$B$10*J10+$B$9*J9 -> 8688.96 | K31: =$B$5*K5+$B$6*K6+$B$7*K7+$B$8*K8+$B$10*K10+$B$9*K9 -> 6340.11 | ... AG31: =$B$5*AG5+$B$6*AG6+$B$7*AG7+$B$8*AG8+$B$10*AG10+$B$9*AG9 -> 4787.43
A32: Asientos KM | B32: =SUM(C32:AG32) -> 29376553 | C32: =C30*104 -> 984880 | D32: =D30*104 -> 672828 | E32: =E30*104 -> 511349.28 | F32: =F30*104 -> 1060396.5 | G32: =G30*104 -> 1069367.5 | H32: =H30*104 -> 1052772.2 | I32: =I30*104 -> 1071211.4 | J32: =J30*104 -> 1067523.6 | ... AG32: =AG30*104 -> 511349.28
A33: Coches KM | B33: =SUM(C33:AG33) -> 564933.72 | C33: =C30*2 -> 18940 | D33: =D30*2 -> 12939 | E33: =E30*2 -> 9833.64 | F33: =F30*2 -> 20392.24 | G33: =G30*2 -> 20564.76 | H33: =H30*2 -> 20245.62 | I33: =I30*2 -> 20600.22 | J33: =J30*2 -> 20529.3 | ... AG33: =AG30*2 -> 9833.64
A34: Capacidad Total | B34: =SUM(C34:AG34) -> 2551738 | C34: =+C29*362 -> 86880 | D34: =+D29*362 -> 54300 | E34: =+E29*362 -> 41268 | F34: =+F29*362 -> 94120 | G34: =+G29*362 -> 94844 | H34: =+H29*362 -> 94844 | I34: =+I29*362 -> 94844 | J34: =+J29*362 -> 94844 | ... AG34: =+AG29*362 -> 41268
A35: Ton Km Brutas | B35: =SUM(C35:AG35) -> 22399622 | C35: =C30*79.3 -> 750971 | D35: =D30*79.3 -> 513031.35 | E35: =E30*79.3 -> 389903.83 | F35: =F30*79.3 -> 808552.32 | G35: =G30*79.3 -> 815392.73 | H35: =H30*79.3 -> 802738.83 | I35: =I30*79.3 -> 816798.72 | J35: =J30*79.3 -> 813986.75 | ... AG35: =AG30*79.3 -> 389903.83

Sheet UMR Resumen
A2: Agosto 2025
A3: Fecha | B3: Odómetro | C3: Odómetro acum. | D3: Tren-Km | E3: Tren-Km Acum. | F3: UMR Diario | G3: Viajes Programados | H3: Viajes Realizados | I3: TKB | J3: Tipo Dia | K3: Comentarios
A4: 45870 | B4: ='KM-Servicio'!N12 -> 9875 | C4: =B4 -> 9875 | D4: ='KM-Servicio'!W12 -> 9470 | E4: =D4 -> 9470 | F4: ='KM-Servicio'!O12 -> 95.898734 | G4: =SUM('KM-Servicio'!B12:C12) -> 223 | H4: =SUM('KM-Servicio'!D12:E12) -> 217 | I4: ='Oferta Diaria'!C35 -> 750971 | J4: Laboral
A5: 45871 | B5: ='KM-Servicio'!N19 -> 6549 | C5: =B5+C4 -> 16424 | D5: ='KM-Servicio'!W19 -> 6469.5 | E5: =D5+E4 -> 15939.5 | F5: ='KM-Servicio'!O19 -> 98.786074 | G5: =SUM('KM-Servicio'!B19:C19) -> 147 | H5: =SUM('KM-Servicio'!D19:E19) -> 147 | I5: ='Oferta Diaria'!D35 -> 513031.35 | J5: Sábado
A6: 45872 | B6: ='KM-Servicio'!N26 -> 5082 | C6: =B6+C5 -> 21506 | D6: ='KM-Servicio'!W26 -> 4916.82 | E6: =D6+E5 -> 20856.32 | F6: ='KM-Servicio'!O26 -> 96.749705 | G6: =SUM('KM-Servicio'!B26:C26) -> 111 | H6: =SUM('KM-Servicio'!D26:E26) -> 111 | I6: ='Oferta Diaria'!E35 -> 389903.83 | J6: Dgo-Festivo
A7: 45873 | B7: ='KM-Servicio'!N33 -> 10440 | C7: =B7+C6 -> 31946 | D7: ='KM-Servicio'!W33 -> 10196.12 | E7: =D7+E6 -> 31052.44 | F7: ='KM-Servicio'!O33 -> 97.663985 | G7: =SUM('KM-Servicio'!B33:C33) -> 223 | H7: =SUM('KM-Servicio'!D33:E33) -> 223 | I7: ='Oferta Diaria'!F35 -> 808552.32 | J7: Laboral
A8: 45874 | B8: ='KM-Servicio'!N40 -> 10651 | C8: =B8+C7 -> 42597 | D8: ='KM-Servicio'!W40 -> 10282.38 | E8: =D8+E7 -> 41334.82 | F8: ='KM-Servicio'!O40 -> 96.539104 | G8: =SUM('KM-Servicio'!B40:C40) -> 223 | H8: =SUM('KM-Servicio'!D40:E40) -> 223 | I8: ='Oferta Diaria'!G35 -> 815392.73 | J8: Laboral
A9: 45875 | B9: ='KM-Servicio'!N47 -> 10486 | C9: =B9+C8 -> 53083 | D9: ='KM-Servicio'!W47 -> 10122.81 | E9: =D9+E8 -> 51457.63 | F9: ='KM-Servicio'!O47 -> 96.53643 | G9: =SUM('KM-Servicio'!B47:C47) -> 223 | H9: =SUM('KM-Servicio'!D47:E47) -> 223 | I9: ='Oferta Diaria'!H35 -> 802738.83 | J9: Laboral
A10: 45876 | B10: ='KM-Servicio'!N54 -> 10611 | C10: =B10+C9 -> 63694 | D10: ='KM-Servicio'!W54 -> 10300.11 | E10: =D10+E9 -> 61757.74 | F10: ='KM-Servicio'!O54 -> 97.070116 | G10: =SUM('KM-Servicio'!B54:C54) -> 223 | H10: =SUM('KM-Servicio'!D54:E54) -> 223 | I10: ='Oferta Diaria'!I35 -> 816798.72 | J10: Laboral
A11: 45877 | B11: ='KM-Servicio'!N61 -> 10674 | C11: =B11+C10 -> 74368 | D11: ='KM-Servicio'!W61 -> 10264.65 | E11: =D11+E10 -> 72022.39 | F11: ='KM-Servicio'!O61 -> 96.16498 | G11: =SUM('KM-Servicio'!B61:C61) -> 223 | H11: =SUM('KM-Servicio'!D61:E61) -> 223 | I11: ='Oferta Diaria'!J35 -> 813986.75 | J11: Laboral
A12: 45878 | B12: ='KM-Servicio'!N68 -> 6490 | C12: =B12+C11 -> 80858 | D12: ='KM-Servicio'!W68 -> 6469.5 | E12: =D12+E11 -> 78491.89 | F12: ='KM-Servicio'!O68 -> 99.684129 | G12: =SUM('KM-Servicio'!B68:C68) -> 147 | H12: =SUM('KM-Servicio'!D68:E68) -> 147 | I12: ='Oferta Diaria'!K35 -> 513031.35 | J12: Sábado
A13: 45879 | B13: ='KM-Servicio'!N75 -> 5063 | C13: =B13+C12 -> 85921 | D13: ='KM-Servicio'!W75 -> 4916.82 | E13: =D13+E12 -> 83408.71 | F13: ='KM-Servicio'!O75 -> 97.112779 | G13: =SUM('KM-Servicio'!B75:C75) -> 111 | H13: =SUM('KM-Servicio'!D75:E75) -> 111 | I13: ='Oferta Diaria'!L35 -> 389903.83 | J13: Dgo-Festivo
A14: 45880 | B14: ='KM-Servicio'!N82 -> 11667 | C14: =B14+C13 -> 97588 | D14: ='KM-Servicio'!W82 -> 11319.64 | E14: =D14+E13 -> 94728.35 | F14: ='KM-Servicio'!O82 -> 97.022714 | G14: =SUM('KM-Servicio'!B82:C82) -> 223 | H14: =SUM('KM-Servicio'!D82:E82) -> 223 | I14: ='Oferta Diaria'!M35 -> 897647.45 | J14: Laboral
A15: 45881 | B15: ='KM-Servicio'!N89 -> 11793 | C15: =B15+C14 -> 109381 | D15: ='KM-Servicio'!W89 -> 11284.18 | E15: =D15+E14 -> 106012.53 | F15: ='KM-Servicio'!O89 -> 95.685407 | G15: =SUM('KM-Servicio'!B89:C89) -> 223 | H15: =SUM('KM-Servicio'!D89:E89) -> 223 | I15: ='Oferta Diaria'!N35 -> 894835.47 | J15: Laboral
A16: 45882 | B16: ='KM-Servicio'!N96 -> 11485 | C16: =B16+C15 -> 120866 | D16: ='KM-Servicio'!W96 -> 11121.97 | E16: =D16+E15 -> 117134.5 | F16: ='KM-Servicio'!O96 -> 96.839094 | G16: =SUM('KM-Servicio'!B96:C96) -> 223 | H16: =SUM('KM-Servicio'!D96:E96) -> 222 | I16: ='Oferta Diaria'!O35 -> 881972.22 | J16: Laboral
A17: 45883 | B17: ='KM-Servicio'!N103 -> 11606 | C17: =B17+C16 -> 132472 | D17: ='KM-Servicio'!W103 -> 11162.46 | E17: =D17+E16 -> 128296.96 | F17: ='KM-Servicio'!O103 -> 96.178356 | G17: =SUM('KM-Servicio'!B103:C103) -> 223 | H17: =SUM('KM-Servicio'!D103:E103) -> 223 | I17: ='Oferta Diaria'!P35 -> 885183.08 | J17: Laboral
A18: 45884 | B18: ='KM-Servicio'!N110 -> 4954 | C18: =B18+C17 -> 137426 | D18: ='KM-Servicio'!W110 -> 4916.82 | E18: =D18+E17 -> 133213.78 | F18: ='KM-Servicio'!O110 -> 99.249495 | G18: =SUM('KM-Servicio'!B110:C110) -> 111 | H18: =SUM('KM-Servicio'!D110:E110) -> 111 | I18: ='Oferta Diaria'!Q35 -> 389903.83 | J18: Dgo-Festivo
A19: 45885 | B19: ='KM-Servicio'!$N$117 -> 6494 | C19: =B19+C18 -> 143920 | D19: ='KM-Servicio'!$W$117 -> 6469.5 | E19: =D19+E18 -> 139683.28 | F19: ='KM-Servicio'!O117 -> 99.622729 | G19: =SUM('KM-Servicio'!B117:C117) -> 147 | H19: =SUM('KM-Servicio'!D117:E117) -> 147 | I19: ='Oferta Diaria'!R35 -> 513031.35 | J19: Sábado
A20: 45886 | B20: ='KM-Servicio'!$N$124 -> 4993 | C20: =B20+C19 -> 148913 | D20: ='KM-Servicio'!$W$124 -> 4916.82 | E20: =D20+E19 -> 144600.1 | F20: ='KM-Servicio'!O124 -> 98.474264 | G20: =SUM('KM-Servicio'!B124:C124) -> 111 | H20: =SUM('KM-Servicio'!D124:E124) -> 111 | I20: ='Oferta Diaria'!S35 -> 389903.83 | J20: Dgo-Festivo
A21: 45887 | B21: ='KM-Servicio'!N131 -> 12045 | C21: =B21+C20 -> 160958 | D21: ='KM-Servicio'!$W$131 -> 11639.03 | E21: =D21+E20 -> 156239.13 | F21: ='KM-Servicio'!O131 -> 96.629556 | G21: =SUM('KM-Servicio'!B131:C131) -> 223 | H21: =SUM('KM-Servicio'!D131:E131) -> 222 | I21: ='Oferta Diaria'!T35 -> 922975.08 | J21: Laboral
A22: 45888 | B22: ='KM-Servicio'!N138 -> 12094 | C22: =B22+C21 -> 173052 | D22: ='KM-Servicio'!$W$138 -> 11618.91 | E22: =D22+E21 -> 167858.04 | F22: ='KM-Servicio'!O138 -> 96.071688 | G22: =SUM('KM-Servicio'!B138:C138) -> 223 | H22: =SUM('KM-Servicio'!D138:E138) -> 223 | I22: ='Oferta Diaria'!U35 -> 921379.56 | J22: Laboral
A23: 45889 | B23: ='KM-Servicio'!N145 -> 12033 | C23: =B23+C22 -> 185085 | D23: ='KM-Servicio'!$W$145 -> 11786.4 | E23: =D23+E22 -> 179644.44 | F23: ='KM-Servicio'!O145 -> 97.950636 | G23: =SUM('KM-Servicio'!B145:C145) -> 223 | H23: =SUM('KM-Servicio'!D145:E145) -> 223 | I23: ='Oferta Diaria'!V35 -> 934661.52 | J23: Laboral
A24: 45890 | B24: ='KM-Servicio'!N152 -> 12190 | C24: =B24+C23 -> 197275 | D24: ='KM-Servicio'!$W$152 -> 11481.03 | E24: =D24+E23 -> 191125.47 | F24: ='KM-Servicio'!O152 -> 94.184003 | G24: =SUM('KM-Servicio'!B152:C152) -> 223 | H24: =SUM('KM-Servicio'!D152:E152) -> 221 | I24: ='Oferta Diaria'!W35 -> 910445.68 | J24: Laboral
A25: 45891 | B25: ='KM-Servicio'!N159 -> 11146 | C25: =B25+C24 -> 208421 | D25: ='KM-Servicio'!$W$159 -> 10766.87 | E25: =D25+E24 -> 201892.34 | F25: ='KM-Servicio'!O159 -> 96.598511 | G25: =SUM('KM-Servicio'!B159:C159) -> 223 | H25: =SUM('KM-Servicio'!D159:E159) -> 223 | I25: ='Oferta Diaria'!X35 -> 853812.79 | J25: Laboral
A26: 45892 | B26: ='KM-Servicio'!N166 -> 6527 | C26: =B26+C25 -> 214948 | D26: ='KM-Servicio'!$W$166 -> 6469.5 | E26: =D26+E25 -> 208361.84 | F26: ='KM-Servicio'!O166 -> 99.119044 | G26: =SUM('KM-Servicio'!B166:C166) -> 147 | H26: =SUM('KM-Servicio'!D166:E166) -> 147 | I26: ='Oferta Diaria'!Y35 -> 513031.35 | J26: Sábado
A27: 45893 | B27: ='KM-Servicio'!N173 -> 4947 | C27: =B27+C26 -> 219895 | D27: ='KM-Servicio'!$W$173 -> 4916.82 | E27: =D27+E26 -> 213278.66 | F27: ='KM-Servicio'!O173 -> 99.389933 | G27: =SUM('KM-Servicio'!B173:C173) -> 111 | H27: =SUM('KM-Servicio'!D173:E173) -> 111 | I27: ='Oferta Diaria'!Z35 -> 389903.83 | J27: Dgo-Festivo
A28: 45894 | B28: ='KM-Servicio'!N180 -> 11828 | C28: =B28+C27 -> 231723 | D28: ='KM-Servicio'!$W$180 -> 11525.23 | E28: =D28+E27 -> 224803.89 | F28: ='KM-Servicio'!O180 -> 97.440227 | G28: =SUM('KM-Servicio'!B180:C180) -> 223 | H28: =SUM('KM-Servicio'!D180:E180) -> 223 | I28: ='Oferta Diaria'!AA35 -> 913950.74 | J28: Laboral
A29: 45895 | B29: ='KM-Servicio'!N187 -> 12133 | C29: =B29+C28 -> 243856 | D29: ='KM-Servicio'!$W$187 -> 11473.11 | E29: =D29+E28 -> 236277 | F29: ='KM-Servicio'!O187 -> 94.561197 | G29: =SUM('KM-Servicio'!B187:C187) -> 223 | H29: =SUM('KM-Servicio'!D187:E187) -> 220 | I29: ='Oferta Diaria'!AB35 -> 909817.62 | J29: Laboral
A30: 45896 | B30: ='KM-Servicio'!N194 -> 12138 | C30: =B30+C29 -> 255994 | D30: ='KM-Servicio'!$W$194 -> 11732.96 | E30: =D30+E29 -> 248009.96 | F30: ='KM-Servicio'!O194 -> 96.663042 | G30: =SUM('KM-Servicio'!B194:C194) -> 223 | H30: =SUM('KM-Servicio'!D194:E194) -> 223 | I30: ='Oferta Diaria'!AC35 -> 930423.73 | J30: Laboral
A31: 45897 | B31: ='KM-Servicio'!N201 -> 12064 | C31: =B31+C30 -> 268058 | D31: ='KM-Servicio'!$W$201 -> 11580.81 | E31: =D31+E30 -> 259590.77 | F31: ='KM-Servicio'!O201 -> 95.994778 | G31: =SUM('KM-Servicio'!B201:C201) -> 223 | H31: =SUM('KM-Servicio'!D201:E201) -> 223 | I31: ='Oferta Diaria'!AD35 -> 918358.23 | J31: Laboral
A32: 45898 | B32: ='KM-Servicio'!N208 -> 11839 | C32: =B32+C31 -> 279897 | D32: ='KM-Servicio'!$W$208 -> 11489.77 | E32: =D32+E31 -> 271080.54 | F32: ='KM-Servicio'!O208 -> 97.050173 | G32: =SUM('KM-Servicio'!B208:C208) -> 223 | H32: =SUM('KM-Servicio'!D208:E208) -> 223 | I32: ='Oferta Diaria'!AE35 -> 911138.76 | J32: Laboral
A33: 45899 | B33: ='KM-Servicio'!N215 -> 6505 | C33: =B33+C32 -> 286402 | D33: ='KM-Servicio'!$W$215 -> 6469.5 | E33: =D33+E32 -> 277550.04 | F33: ='KM-Servicio'!O215 -> 99.454266 | G33: =SUM('KM-Servicio'!B215:C215) -> 147 | H33: =SUM('KM-Servicio'!D215:E215) -> 147 | I33: ='Oferta Diaria'!AF35 -> 513031.35 | J33: Sábado
A34: 45900 | B34: ='KM-Servicio'!N222 -> 5120 | C34: =B34+C33 -> 291522 | D34: ='KM-Servicio'!$W$222 -> 4916.82 | E34: =D34+E33 -> 282466.86 | F34: ='KM-Servicio'!O222 -> 96.031641 | G34: =SUM('KM-Servicio'!B222:C222) -> 111 | H34: =SUM('KM-Servicio'!D222:E222) -> 111 | I34: ='Oferta Diaria'!AG35 -> 389903.83 | J34: Dgo-Festivo
A35: TOTAL | B35: =SUM(B4:B34) -> 291522 | C35: =SUM(C4:C34) -> 4587924 | D35: =SUM(D4:D34) -> 282466.86 | E35: =SUM(E4:E34) -> 4447639.9 | F35: =AVERAGE(F4:F34) -> 97.174735 | G35: =SUM(G4:G34) -> 5861 | H35: =SUM(H4:H34) -> 5848 | I35: =SUM(I4:I34) -> 22399622

Sheet RESUMEN
A3: VARIABLES OPERACIONALES
A4: VARIABLE | B4: Promedio diario | C4: Total | D4: Programado
A5: Nº trenes | B5: =C5/30 -> 234.96667 | C5: ='KM-Servicio'!J241 -> 7049 | D5: ='KM-Servicio'!C236 -> 7102
A6: Nº servicios | B6: =C6/30 -> 194.93333 | C6: ='KM-Servicio'!K234 -> 5848 | D6: ='KM-Servicio'!D234 -> 5861
A7: Tren-km | B7: =C7/30 -> 9480.9597 | C7: ='KM-Servicio'!M234 -> 284428.79 | D7: ='KM-Servicio'!F234 -> 286494.9
A8: Km-serv | B8: =C8/30 -> 7794.5127 | C8: ='KM-Servicio'!L234 -> 233835.38 | D8: ='KM-Servicio'!E234 -> 234204.33
A9: Asientos km | B9: =C9/30 -> 986019.81 | C9: ='KM-Servicio'!N234 -> 29580594 | D9: ='KM-Servicio'!G234 -> 29795470
A10: UMR %
A11: Energía kwh | B11: =C11/30 -> 40531.733 | C11: 1215952 | D11: -
A12: Pax
A13: TIEMPO DE VIAJE (PU-LI)
