Workbook

Sheet Odometro-Kilometraje
A1: Control Contador Kilometraje de Trenes
B2: 45383 | C2: 45384 | D2: 45385 | E2: 45386 | F2: 45387 | G2: 45388 | H2: 45389 | I2: 45390 | J2: 45391 | K2: 45392 | L2: 45393 | M2: 45394 | N2: 45395 | O2: 45396 | P2: 45397 | Q2: 45398 | R2: 45399 | S2: 45400 | T2: 45401 | U2: 45402 | V2: 45403 | W2: 45404 | X2: 45405 | Y2: 45406 | Z2: 45407 | AA2: 45408 | AB2: 45409 | AC2: 45410 | AD2: 45411 | AE2: 45412
B3: Contador | C3: Contador | D3: Contador | E3: Contador | F3: Contador | G3: Contador | H3: Contador | I3: Contador | J3: Contador | K3: Contador | L3: Contador | M3: Contador | N3: Contador | O3: Contador | P3: Contador | Q3: Contador | R3: Contador | S3: Contador | T3: Contador | U3: Contador | V3: Contador | W3: Contador | X3: Contador | Y3: Contador | Z3: Contador | AA3: Contador | AB3: Contador | AC3: Contador | AD3: Contador | AE3: Contador
A4: Tren | B4: Odómetro | C4: Odómetro | D4: Odómetro | E4: Odómetro | F4: Odómetro | G4: Odómetro | H4: Odómetro | I4: Odómetro | J4: Odómetro | K4: Odómetro | L4: Odómetro | M4: Odómetro | N4: Odómetro | O4: Odómetro | P4: Odómetro | Q4: Odómetro | R4: Odómetro | S4: Odómetro | T4: Odómetro | U4: Odómetro | V4: Odómetro | W4: Odómetro | X4: Odómetro | Y4: Odómetro | Z4: Odómetro | AA4: Odómetro | AB4: Odómetro | AC4: Odómetro | AD4: Odómetro | AE4: Odómetro
A5: M01 | B5: 1886814 | C5: 1887077 | D5: 1887168 | E5: 1887687 | F5: 1887969 | G5: 1887969 | H5: 1887969 | I5: 1888303 | J5: 1888514 | K5: 1888966 | L5: 1889316 | M5: 1889767 | N5: 1889767 | O5: 1889767 | P5: 1889982 | Q5: 1890304 | R5: 1890797 | S5: 1891266 | T5: 1891718 | U5: 1892151 | V5: 1892540 | W5: 1892948 | X5: 1893247 | Y5: 1893442 | Z5: 1893875 | AA5: 1894221 | AB5: 1894653 | AC5: 1895084 | AD5: 1895688 | AE5: 1896121
A6: M02 | B6: 1869918 | C6: 1870138 | D6: 1870590 | E6: 1870843 | F6: 1871210 | G6: 1871210 | H6: 1871210 | I6: 1871749 | J6: 1872311 | K6: 1872613 | L6: 1872791 | M6: 1873097 | N6: 1873097 | O6: 1873141 | P6: 1873659 | Q6: 1873919 | R6: 1874370 | S6: 1874908 | T6: 1874995 | U6: 1874995 | V6: 1874996 | W6: 1875393 | X6: 1875784 | Y6: 1876067 | Z6: 1876501 | AA6: 1876783 | AB6: 1877261 | AC6: 1877304 | AD6: 1877823 | AE6: 1878041
A7: M03 | B7: 1942377 | C7: 1942895 | D7: 1943285 | E7: 1943845 | F7: 1944363 | G7: 1944365 | H7: 1944544 | I7: 1945080 | J7: 1945408 | K7: 1945809 | L7: 1946195 | M7: 1946559 | N7: 1946561 | O7: 1946563 | P7: 1946996 | Q7: 1947560 | R7: 1948035 | S7: 1948405 | T7: 1948590 | U7: 1948590 | V7: 1948590 | W7: 1949109 | X7: 1949354 | Y7: 1949634 | Z7: 1949914 | AA7: 1950363 | AB7: 1950363 | AC7: 1950363 | AD7: 1950730 | AE7: 1951250
A8: M04 | B8: 1947098 | C8: 1947661 | D8: 1948136 | E8: 1948698 | F8: 1949192 | G8: 1949192 | H8: 1949192 | I8: 1949682 | J8: 1950133 | K8: 1950671 | L8: 1951122 | M8: 1951487 | N8: 1952009 | O8: 1952485 | P8: 1952979 | Q8: 1953191 | R8: 1953360 | S8: 1953626 | T8: 1954146 | U8: 1954664 | V8: 1955140 | W8: 1955634 | X8: 1955932 | Y8: 1956386 | Z8: 1956820 | AA8: 1957168 | AB8: 1957514 | AC8: 1957947 | AD8: 1958483 | AE8: 1958850
A9: M05 | B9: 1843964 | C9: 1844262 | D9: 1844560 | E9: 1844752 | F9: 1845182 | G9: 1845663 | H9: 1846095 | I9: 1846587 | J9: 1847177 | K9: 1847569 | L9: 1847876 | M9: 1848269 | N9: 1848314 | O9: 1848314 | P9: 1848832 | Q9: 1849025 | R9: 1849478 | S9: 1850039 | T9: 1850298 | U9: 1850342 | V9: 1850345 | W9: 1850863 | X9: 1851317 | Y9: 1851502 | Z9: 1851603 | AA9: 1851798 | AB9: 1852275 | AC9: 1852318 | AD9: 1852665 | AE9: 1853120
A10: M06 | B10: 1962982 | C10: 1963437 | D10: 1963980 | E10: 1964435 | F10: 1964736 | G10: 1964736 | H10: 1964736 | I10: 1965076 | J10: 1965532 | K10: 1965969 | L10: 1966492 | M10: 1967102 | N10: 1967539 | O10: 1967932 | P10: 1968259 | Q10: 1968802 | R10: 1969329 | S10: 1969770 | T10: 1970227 | U10: 1970227 | V10: 1970227 | W10: 1970599 | X10: 1971122 | Y10: 1971384 | Z10: 1971907 | AA10: 1972361 | AB10: 1972361 | AC10: 1972361 | AD10: 1972690 | AE10: 1972908
A11: M07 | B11: 1988250 | C11: 1988746 | D11: 1989285 | E11: 1989721 | F11: 1990072 | G11: 1990592 | H11: 1991068 | I11: 1991546 | J11: 1992069 | K11: 1992520 | L11: 1992932 | M11: 1993274 | N11: 1993751 | O11: 1994145 | P11: 1994751 | Q11: 1995203 | R11: 1995709 | S11: 1996229 | T11: 1996533 | U11: 1997012 | V11: 1997446 | W11: 1997966 | X11: 1998282 | Y11: 1998607 | Z11: 1999084 | AA11: 1999470 | AB11: 1999821 | AC11: 2000301 | AD11: 2000712 | AE11: 2000927
A12: M08 | B12: 1897666 | C12: 1898136 | D12: 1898655 | E12: 1899003 | F12: 1899395 | G12: 1899831 | H12: 1899875 | I12: 1900442 | J12: 1900850 | K12: 1901253 | L12: 1901818 | M12: 1902380 | N12: 1902901 | O12: 1903335 | P12: 1903512 | Q12: 1903963 | R12: 1904326 | S12: 1904545 | T12: 1905066 | U12: 1905542 | V12: 1905585 | W12: 1905848 | X12: 1906299 | Y12: 1906667 | Z12: 1906947 | AA12: 1907313 | AB12: 1907400 | AC12: 1907406 | AD12: 1907842 | AE12: 1908295
A13: M09 | B13: 1879619 | C13: 1879968 | D13: 1880361 | E13: 1880856 | F13: 1881153 | G13: 1881153 | H13: 1881153 | I13: 1881602 | J13: 1882078 | K13: 1882529 | L13: 1882742 | M13: 1883212 | N13: 1883212 | O13: 1883212 | P13: 1883625 | Q13: 1884019 | R13: 1884388 | S13: 1884654 | T13: 1884868 | U13: 1884868 | V13: 1884868 | W13: 1885083 | X13: 1885386 | Y13: 1885671 | Z13: 1885954 | AA13: 1886081 | AB13: 1886081 | AC13: 1886081 | AD13: 1886383 | AE13: 1886642
A14: M10 | B14: 1960905 | C14: 1961274 | D14: 1961657 | E14: 1962246 | F14: 1962699 | G14: 1962699 | H14: 1962699 | I14: 1962885 | J14: 1963339 | K14: 1963684 | L14: 1964138 | M14: 1964502 | N14: 1964934 | O14: 1965366 | P14: 1965715 | Q14: 1966015 | R14: 1966296 | S14: 1966481 | T14: 1967019 | U14: 1967105 | V14: 1967106 | W14: 1967543 | X14: 1967893 | Y14: 1968458 | Z14: 1968695 | AA14: 1968976 | AB14: 1969322 | AC14: 1969325 | AD14: 1969728 | AE14: 1970265
A15: M11 | B15: 1971176 | C15: 1971646 | D15: 1971944 | E15: 1972137 | F15: 1972229 | G15: 1972229 | H15: 1972406 | I15: 1972601 | J15: 1973139 | K15: 1973658 | L15: 1974091 | M15: 1974180 | N15: 1974232 | O15: 1974233 | P15: 1974672 | Q15: 1975278 | R15: 1975797 | S15: 1976316 | T15: 1976770 | U15: 1976770 | V15: 1976770 | W15: 1976966 | X15: 1977056 | Y15: 1977508 | Z15: 1977978 | AA15: 1978413 | AB15: 1978413 | AC15: 1978413 | AD15: 1978625 | AE15: 1978861
A16: M12 | B16: 1810154 | C16: 1810590 | D16: 1811152 | E16: 1811456 | F16: 1812017 | G16: 1812060 | H16: 1812534 | I16: 1812752 | J16: 1812974 | K16: 1813187 | L16: 1813637 | M16: 1814021 | N16: 1814498 | O16: 1814929 | P16: 1815163 | Q16: 1815471 | R16: 1815989 | S16: 1816360 | T16: 1816641 | U16: 1817076 | V16: 1817077 | W16: 1817637 | X16: 1817984 | Y16: 1818390 | Z16: 1818885 | AA16: 1819361 | AB16: 1819838 | AC16: 1819887 | AD16: 1820316 | AE16: 1820595
... A39: XM35 | B39: 572257 | C39: 572606 | D39: 572780 | E39: 572976 | F39: 573145 | G39: 573605 | H39: 573864 | I39: 574296 | J39: 574680 | K39: 575131 | L39: 575409 | M39: 575776 | N39: 575776 | O39: 575776 | P39: 576482 | Q39: 576933 | R39: 577213 | S39: 577578 | T39: 578046 | U39: 578046 | V39: 578046 | W39: 578327 | X39: 578779 | Y39: 579139 | Z39: 579614 | AA39: 580064 | AB39: 580064 | AC39: 580064 | AD39: 580515 | AE39: 580967
A41: Kilometraje Diario Recorrido
B42: 45383 | C42: 45384 | D42: 45385 | E42: 45386 | F42: 45387 | G42: 45388 | H42: 45389 | I42: 45390 | J42: 45391 | K42: 45392 | L42: 45393 | M42: 45394 | N42: 45395 | O42: 45396 | P42: 45397 | Q42: 45398 | R42: 45399 | S42: 45400 | T42: 45401 | U42: 45402 | V42: 45403 | W42: 45404 | X42: 45405 | Y42: 45406 | Z42: 45407 | AA42: 45408 | AB42: 45409 | AC42: 45410 | AD42: 45411 | AE42: 45412
B43: Kilometraje | C43: Kilometraje | D43: Kilometraje | E43: Kilometraje | F43: Kilometraje | G43: Kilometraje | H43: Kilometraje | I43: Kilometraje | J43: Kilometraje | K43: Kilometraje | L43: Kilometraje | M43: Kilometraje | N43: Kilometraje | O43: Kilometraje | P43: Kilometraje | Q43: Kilometraje | R43: Kilometraje | S43: Kilometraje | T43: Kilometraje | U43: Kilometraje | V43: Kilometraje | W43: Kilometraje | X43: Kilometraje | Y43: Kilometraje | Z43: Kilometraje | AA43: Kilometraje | AB43: Kilometraje | AC43: Kilometraje | AD43: Kilometraje | AE43: Kilometraje
A44: Tren | B44: Diario | C44: Diario | D44: Diario | E44: Diario | F44: Diario | G44: Diario | H44: Diario | I44: Diario | J44: Diario | K44: Diario | L44: Diario | M44: Diario | N44: Diario | O44: Diario | P44: Diario | Q44: Diario | R44: Diario | S44: Diario | T44: Diario | U44: Diario | V44: Diario | W44: Diario | X44: Diario | Y44: Diario | Z44: Diario | AA44: Diario | AB44: Diario | AC44: Diario | AD44: Diario | AE44: Diario
A45: M01 | B45: 436 | C45: =C5-B5 -> 263 | D45: =D5-C5 -> 91 | E45: =E5-D5 -> 519 | F45: =F5-E5 -> 282 | G45: =G5-F5 -> 0 | H45: =H5-G5 -> 0 | I45: =I5-H5 -> 334 | J45: =J5-I5 -> 211 | ... AE45: =AE5-AD5 -> 433
A46: M02 | B46: 581 | C46: =C6-B6 -> 220 | D46: =D6-C6 -> 452 | E46: =E6-D6 -> 253 | F46: =F6-E6 -> 367 | G46: =G6-F6 -> 0 | H46: =H6-G6 -> 0 | I46: =I6-H6 -> 539 | J46: =J6-I6 -> 562 | ... AE46: =AE6-AD6 -> 218
A47: M03 | B47: 433 | C47: =C7-B7 -> 518 | D47: =D7-C7 -> 390 | E47: =E7-D7 -> 560 | F47: =F7-E7 -> 518 | G47: =G7-F7 -> 2 | H47: =H7-G7 -> 179 | I47: =I7-H7 -> 536 | J47: =J7-I7 -> 328 | ... AE47: =AE7-AD7 -> 520
A48: M04 | B48: 291 | C48: =C8-B8 -> 563 | D48: =D8-C8 -> 475 | E48: =E8-D8 -> 562 | F48: =F8-E8 -> 494 | G48: =G8-F8 -> 0 | H48: =H8-G8 -> 0 | I48: =I8-H8 -> 490 | J48: =J8-I8 -> 451 | ... AE48: =AE8-AD8 -> 367
A49: M05 | B49: 494 | C49: =C9-B9 -> 298 | D49: =D9-C9 -> 298 | E49: =E9-D9 -> 192 | F49: =F9-E9 -> 430 | G49: =G9-F9 -> 481 | H49: =H9-G9 -> 432 | I49: =I9-H9 -> 492 | J49: =J9-I9 -> 590 | ... AE49: =AE9-AD9 -> 455
A50: M06 | B50: 541 | C50: =C10-B10 -> 455 | D50: =D10-C10 -> 543 | E50: =E10-D10 -> 455 | F50: =F10-E10 -> 301 | G50: =G10-F10 -> 0 | H50: =H10-G10 -> 0 | I50: =I10-H10 -> 340 | J50: =J10-I10 -> 456 | ... AE50: =AE10-AD10 -> 218
A51: M07 | B51: 562 | C51: =C11-B11 -> 496 | D51: =D11-C11 -> 539 | E51: =E11-D11 -> 436 | F51: =F11-E11 -> 351 | G51: =G11-F11 -> 520 | H51: =H11-G11 -> 476 | I51: =I11-H11 -> 478 | J51: =J11-I11 -> 523 | ... AE51: =AE11-AD11 -> 215
A52: M08 | B52: 538 | C52: =C12-B12 -> 470 | D52: =D12-C12 -> 519 | E52: =E12-D12 -> 348 | F52: =F12-E12 -> 392 | G52: =G12-F12 -> 436 | H52: =H12-G12 -> 44 | I52: =I12-H12 -> 567 | J52: =J12-I12 -> 408 | ... AE52: =AE12-AD12 -> 453
A53: M09 | B53: 351 | C53: =C13-B13 -> 349 | D53: =D13-C13 -> 393 | E53: =E13-D13 -> 495 | F53: =F13-E13 -> 297 | G53: =G13-F13 -> 0 | H53: =H13-G13 -> 0 | I53: =I13-H13 -> 449 | J53: =J13-I13 -> 476 | ... AE53: =AE13-AD13 -> 259
A54: M10 | B54: 305 | C54: =C14-B14 -> 369 | D54: =D14-C14 -> 383 | E54: =E14-D14 -> 589 | F54: =F14-E14 -> 453 | G54: =G14-F14 -> 0 | H54: =H14-G14 -> 0 | I54: =I14-H14 -> 186 | J54: =J14-I14 -> 454 | ... AE54: =AE14-AD14 -> 537
A55: M11 | B55: 212 | C55: =C15-B15 -> 470 | D55: =D15-C15 -> 298 | E55: =E15-D15 -> 193 | F55: =F15-E15 -> 92 | G55: =G15-F15 -> 0 | H55: =H15-G15 -> 177 | I55: =I15-H15 -> 195 | J55: =J15-I15 -> 538 | ... AE55: =AE15-AD15 -> 236
A56: M12 | B56: 517 | C56: =C16-B16 -> 436 | D56: =D16-C16 -> 562 | E56: =E16-D16 -> 304 | F56: =F16-E16 -> 561 | G56: =G16-F16 -> 43 | H56: =H16-G16 -> 474 | I56: =I16-H16 -> 218 | J56: =J16-I16 -> 222 | ... AE56: =AE16-AD16 -> 279
... A79: XM35 | B79: 89 | C79: =C39-B39 -> 349 | D79: =D39-C39 -> 174 | E79: =E39-D39 -> 196 | F79: =F39-E39 -> 169 | G79: =G39-F39 -> 460 | H79: =H39-G39 -> 259 | I79: =I39-H39 -> 432 | J79: =J39-I39 -> 384 | ... AE79: =AE39-AD39 -> 452
A81: Kilometraje Diario | B81: =SUM(B45:B79) -> 13154 | C81: =SUM(C45:C79) -> 13031 | D81: =SUM(D45:D79) -> 12936 | E81: =SUM(E45:E79) -> 12983 | F81: =SUM(F45:F79) -> 12895 | G81: =SUM(G45:G79) -> 6334 | H81: =SUM(H45:H79) -> 4964 | I81: =SUM(I45:I79) -> 13108 | ... AE81: =SUM(AE45:AE79) -> 12374
AE86: =SUM(B81:AE81) -> 328645

Sheet KM-Servicio
G1: SA-MI | H1: 21.7 | I1: EB-PU | J1: 25.4 | K1: PU-SA | L1: 29.11 | M1: QU-LI / LI-QU | N1: 21.7 | O1: VM-PU | P1: 8.3 | Q1: VM-LI | R1: 34.83 | S1: PU-ES | T1: 11.7
B2: CANTIDAD DE SERVICIOS | D2: CANTIDAD DE SERVICIOS | G2: PU-PE | H2: 30.4 | I2: PO-SA | J2: 25.4 | K2: PU-LI | L2: 43.13 | M2: MI-LI / LI-MI | N2: 35.73 | O2: HO-LI/LI-HO | P2: 33.97 | Q2: PU-MI | R2: 7.4 | S2: PE-LI | T2: 12.73
B3: PROGRAMADOS | D3: REALIZADOS | F3: Origen-Destino | G3: Total Trenes | H3: Total Servicios | I3: Kms.xTrenes | J3: Kmsxservicios. | K3: Asientos x Kms. | L3: Disp x Km. | M3: Total Odómetro | N3: % Uso Trenes | P3: Cortes | S3: Acoples | V3: KmTren R
B4: Simples | C4: Dobles | D4: Simples | E4: Dobles | P4: EB | Q4: SA | R4: PE | S4: EB | T4: SA | U4: PE
A5: 45383 | B5: 39 | C5: 53 | D5: ='Data Ocupacion'!D32 -> 35 | E5: ='Data Ocupacion'!E32 -> 57 | F5: PU-LI | G5: =D5+E5*2 -> 149 | H5: =D5+E5 -> 92 | I5: =G5*L$2 -> 6426.37 | J5: =H5*L$2 -> 3967.96 | K5: =I5*104 -> 668342.48 | L5: =H5*104 -> 9568 | S5: 4 | V5: =I5-(P5*($L$2-$J$1)+(Q5*($L$2-$L$1))+ (R5*($L$2-$H$2))+ (S5*($J$1))) -> 6324.77
A6: 008 Planilla Lun-Vie marzo Ver 9 | B6: 37 | C6: 53 | D6: ='Data Ocupacion'!D33 -> 37 | E6: ='Data Ocupacion'!E33 -> 53 | F6: LI-PU | G6: =D6+E6*2 -> 143 | H6: =D6+E6 -> 90 | I6: =G6*L$2 -> 6167.59 | J6: =H6*L$2 -> 3881.7 | K6: =I6*104 -> 641429.36 | L6: =H6*104 -> 9360 | V6: =I6-(S6*($L$2-$J$1)+(T6*($L$2-$L$1))) -> 6167.59
B7: 0 | C7: 0 | D7: ='Data Ocupacion'!D34 -> 0 | E7: ='Data Ocupacion'!E34 -> 0 | F7: PU-SA | G7: =D7+E7*2 -> 0 | H7: =D7+E7 -> 0 | I7: =G7*L$1 -> 0 | J7: =H7*L$1 -> 0 | K7: =I7*104 -> 0 | L7: =H7*104 -> 0 | V7: =I7-(P7*($L$1-$J$1)) -> 0
B8: 1 | C8: 0 | D8: ='Data Ocupacion'!D35 -> 1 | E8: ='Data Ocupacion'!E35 -> 0 | F8: SA-PU | G8: =D8+E8*2 -> 1 | H8: =D8+E8 -> 1 | I8: =G8*L$1 -> 29.11 | J8: =H8*L$1 -> 29.11 | K8: =I8*104 -> 3027.44 | L8: =H8*104 -> 104 | V8: =I8 -> 29.11
B9: 0 | C9: 0 | D9: ='Data Ocupacion'!D36 -> 0 | E9: ='Data Ocupacion'!E36 -> 0 | F9: PU-EB | G9: =D9+E9*2 -> 0 | H9: =D9+E9 -> 0 | I9: =G9*J$1 -> 0 | J9: =H9*J$1 -> 0 | K9: =I9*104 -> 0 | L9: =H9*104 -> 0 | V9: =I9 -> 0
B10: 1 | C10: 0 | D10: ='Data Ocupacion'!D37 -> 1 | E10: ='Data Ocupacion'!E37 -> 0 | F10: EB-PU | G10: =D10+E10*2 -> 1 | H10: =D10+E10 -> 1 | I10: =G10*J$1 -> 25.4 | J10: =H10*J$1 -> 25.4 | K10: =I10*104 -> 2641.6 | L10: =H10*104 -> 104 | V10: =I10 -> 25.4
B11: =SUM(B5:B10) -> 78 | C11: =SUM(C5:C10) -> 106 | D11: =SUM(D5:D10) -> 74 | E11: =SUM(E5:E10) -> 110 | G11: =SUM(G5:G10) -> 294 | H11: =SUM(H5:H10) -> 184 | I11: =SUM(I5:I10) -> 12648.47 | J11: =SUM(J5:J10) -> 7904.17 | K11: =SUM(K5:K10) -> 1315440.9 | L11: =SUM(L5:L10) -> 19136 | M11: ='Odometro-Kilometraje'!B81 -> 13154 | N11: =(V11/M11)*100 -> 95.384446 | V11: =SUM(V5:V10) -> 12546.87
A12: =A5+1 -> 45384 | B12: 39 | C12: 53 | D12: ='Data Ocupacion'!F32 -> 33 | E12: ='Data Ocupacion'!G32 -> 59 | F12: PU-LI | G12: =D12+E12*2 -> 151 | H12: =D12+E12 -> 92 | I12: =G12*L$2 -> 6512.63 | J12: =H12*L$2 -> 3967.96 | K12: =I12*104 -> 677313.52 | L12: =H12*104 -> 9568 | P12: 5 | V12: =I12-(P12*($L$2-$J$1)+(Q12*($L$2-$L$1))+ (R12*($L$2-$H$2))+ (S12*($L$2-$J$1))) -> 6423.98
B13: 37 | C13: 53 | D13: ='Data Ocupacion'!F33 -> 37 | E13: ='Data Ocupacion'!G33 -> 53 | F13: LI-PU | G13: =D13+E13*2 -> 143 | H13: =D13+E13 -> 90 | I13: =G13*L$2 -> 6167.59 | J13: =H13*L$2 -> 3881.7 | K13: =I13*104 -> 641429.36 | L13: =H13*104 -> 9360 | V13: =I13-(S13*($L$2-$J$1)+(T13*($L$2-$L$1))) -> 6167.59
B14: 0 | C14: 0 | D14: ='Data Ocupacion'!F34 -> 0 | E14: ='Data Ocupacion'!G34 -> 0 | F14: PU-SA | G14: =D14+E14*2 -> 0 | H14: =D14+E14 -> 0 | I14: =G14*L$1 -> 0 | J14: =H14*L$1 -> 0 | K14: =I14*104 -> 0 | L14: =H14*104 -> 0 | V14: =I14-(P14*($L$1-$J$1)) -> 0
B15: 1 | C15: 0 | D15: ='Data Ocupacion'!F35 -> 1 | E15: ='Data Ocupacion'!G35 -> 0 | F15: SA-PU | G15: =D15+E15*2 -> 1 | H15: =D15+E15 -> 1 | I15: =G15*L$1 -> 29.11 | J15: =H15*L$1 -> 29.11 | K15: =I15*104 -> 3027.44 | L15: =H15*104 -> 104 | V15: =I15 -> 29.11
B16: 0 | C16: 0 | D16: ='Data Ocupacion'!F36 -> 0 | E16: ='Data Ocupacion'!G36 -> 0 | F16: PU-EB | G16: =D16+E16*2 -> 0 | H16: =D16+E16 -> 0 | I16: =G16*J$1 -> 0 | J16: =H16*J$1 -> 0 | K16: =I16*104 -> 0 | L16: =H16*104 -> 0 | V16: =I16 -> 0
B17: 1 | C17: 0 | D17: ='Data Ocupacion'!F37 -> 1 | E17: ='Data Ocupacion'!G37 -> 0 | F17: EB-PU | G17: =D17+E17*2 -> 1 | H17: =D17+E17 -> 1 | I17: =G17*J$1 -> 25.4 | J17: =H17*J$1 -> 25.4 | K17: =I17*104 -> 2641.6 | L17: =H17*104 -> 104 | V17: =I17 -> 25.4
B18: =SUM(B12:B17) -> 78 | C18: =SUM(C12:C17) -> 106 | D18: =SUM(D12:D17) -> 72 | E18: =SUM(E12:E17) -> 112 | G18: =SUM(G12:G17) -> 296 | H18: =SUM(H12:H17) -> 184 | I18: =SUM(I12:I17) -> 12734.73 | J18: =SUM(J12:J17) -> 7904.17 | K18: =SUM(K12:K17) -> 1324411.9 | L18: =SUM(L12:L17) -> 19136 | M18: ='Odometro-Kilometraje'!C81 -> 13031 | N18: =(V18/M18)*100 -> 97.046121 | V18: =SUM(V12:V17) -> 12646.08
A19: =A12+1 -> 45385 | B19: 39 | C19: 53 | D19: ='Data Ocupacion'!H32 -> 39 | E19: ='Data Ocupacion'!I32 -> 52 | F19: PU-LI | G19: =D19+E19*2 -> 143 | H19: =D19+E19 -> 91 | I19: =G19*L$2 -> 6167.59 | J19: =H19*L$2 -> 3924.83 | K19: =I19*104 -> 641429.36 | L19: =H19*104 -> 9464 | P19: 6 | V19: =I19-(P19*($L$2-$J$1)+(Q19*($L$2-$L$1))+ (R19*($L$2-$H$2))) -> 6061.21
B20: 37 | C20: 53 | D20: ='Data Ocupacion'!H33 -> 38 | E20: ='Data Ocupacion'!I33 -> 52 | F20: LI-PU | G20: =D20+E20*2 -> 142 | H20: =D20+E20 -> 90 | I20: =G20*L$2 -> 6124.46 | J20: =H20*L$2 -> 3881.7 | K20: =I20*104 -> 636943.84 | L20: =H20*104 -> 9360 | V20: =I20-(S20*($L$2-$J$1)+(T20*($L$2-$L$1))) -> 6124.46
B21: 0 | C21: 0 | D21: ='Data Ocupacion'!H34 -> 0 | E21: ='Data Ocupacion'!I34 -> 0 | F21: PU-SA | G21: =D21+E21*2 -> 0 | H21: =D21+E21 -> 0 | I21: =G21*L$1 -> 0 | J21: =H21*L$1 -> 0 | K21: =I21*104 -> 0 | L21: =H21*104 -> 0 | V21: =I21-(P21*($L$1-$J$1)) -> 0
B22: 1 | C22: 0 | D22: ='Data Ocupacion'!H35 -> 1 | E22: ='Data Ocupacion'!I35 -> 0 | F22: SA-PU | G22: =D22+E22*2 -> 1 | H22: =D22+E22 -> 1 | I22: =G22*L$1 -> 29.11 | J22: =H22*L$1 -> 29.11 | K22: =I22*104 -> 3027.44 | L22: =H22*104 -> 104 | V22: =I22 -> 29.11
B23: 0 | C23: 0 | D23: ='Data Ocupacion'!H36 -> 0 | E23: ='Data Ocupacion'!I36 -> 0 | F23: PU-EB | G23: =D23+E23*2 -> 0 | H23: =D23+E23 -> 0 | I23: =G23*J$1 -> 0 | J23: =H23*J$1 -> 0 | K23: =I23*104 -> 0 | L23: =H23*104 -> 0 | V23: =I23 -> 0
B24: 1 | C24: 0 | D24: ='Data Ocupacion'!H37 -> 1 | E24: ='Data Ocupacion'!I37 -> 0 | F24: EB-PU | G24: =D24+E24*2 -> 1 | H24: =D24+E24 -> 1 | I24: =G24*J$1 -> 25.4 | J24: =H24*J$1 -> 25.4 | K24: =I24*104 -> 2641.6 | L24: =H24*104 -> 104 | V24: =I24 -> 25.4
B25: =SUM(B19:B24) -> 78 | C25: =SUM(C19:C24) -> 106 | D25: =SUM(D19:D24) -> 79 | E25: =SUM(E19:E24) -> 104 | G25: =SUM(G19:G24) -> 287 | H25: =SUM(H19:H24) -> 183 | I25: =SUM(I19:I24) -> 12346.56 | J25: =SUM(J19:J24) -> 7861.04 | K25: =SUM(K19:K24) -> 1284042.2 | L25: =SUM(L19:L24) -> 19032 | M25: ='Odometro-Kilometraje'!D81 -> 12936 | N25: =(V25/M25)*100 -> 94.621058 | V25: =SUM(V19:V24) -> 12240.18
A26: =A19+1 -> 45386 | B26: 39 | C26: 53 | D26: ='Data Ocupacion'!J32 -> 36 | E26: ='Data Ocupacion'!K32 -> 56 | F26: PU-LI | G26: =D26+E26*2 -> 148 | H26: =D26+E26 -> 92 | I26: =G26*L$2 -> 6383.24 | J26: =H26*L$2 -> 3967.96 | K26: =I26*104 -> 663856.96 | L26: =H26*104 -> 9568 | P26: 5 | V26: =I26-(P26*($L$2-$J$1)+(Q26*($L$2-$L$1))+ (R26*($L$2-$H$2))) -> 6294.59
B27: 37 | C27: 53 | D27: ='Data Ocupacion'!J33 -> 37 | E27: ='Data Ocupacion'!K33 -> 53 | F27: LI-PU | G27: =D27+E27*2 -> 143 | H27: =D27+E27 -> 90 | I27: =G27*L$2 -> 6167.59 | J27: =H27*L$2 -> 3881.7 | K27: =I27*104 -> 641429.36 | L27: =H27*104 -> 9360 | V27: =I27-(S27*($L$2-$J$1)+(T27*($L$2-$L$1))+(U27*($L$2-$H$2))) -> 6167.59
B28: 0 | C28: 0 | D28: ='Data Ocupacion'!J34 -> 0 | E28: ='Data Ocupacion'!K34 -> 0 | F28: PU-SA | G28: =D28+E28*2 -> 0 | H28: =D28+E28 -> 0 | I28: =G28*L$1 -> 0 | J28: =H28*L$1 -> 0 | K28: =I28*104 -> 0 | L28: =H28*104 -> 0 | V28: =I28-(P28*($L$1-$J$1)) -> 0
B29: 1 | C29: 0 | D29: ='Data Ocupacion'!J35 -> 1 | E29: ='Data Ocupacion'!K35 -> 0 | F29: SA-PU | G29: =D29+E29*2 -> 1 | H29: =D29+E29 -> 1 | I29: =G29*L$1 -> 29.11 | J29: =H29*L$1 -> 29.11 | K29: =I29*104 -> 3027.44 | L29: =H29*104 -> 104 | V29: =I29 -> 29.11
B30: 0 | C30: 0 | D30: ='Data Ocupacion'!J36 -> 0 | E30: ='Data Ocupacion'!K36 -> 0 | F30: PU-EB | G30: =D30+E30*2 -> 0 | H30: =D30+E30 -> 0 | I30: =G30*J$1 -> 0 | J30: =H30*J$1 -> 0 | K30: =I30*104 -> 0 | L30: =H30*104 -> 0 | V30: =I30 -> 0
B31: 1 | C31: 0 | D31: ='Data Ocupacion'!J37 -> 1 | E31: ='Data Ocupacion'!K37 -> 0 | F31: EB-PU | G31: =D31+E31*2 -> 1 | H31: =D31+E31 -> 1 | I31: =G31*J$1 -> 25.4 | J31: =H31*J$1 -> 25.4 | K31: =I31*104 -> 2641.6 | L31: =H31*104 -> 104 | V31: =I31 -> 25.4
B32: =SUM(B26:B31) -> 78 | C32: =SUM(C26:C31) -> 106 | D32: =SUM(D26:D31) -> 75 | E32: =SUM(E26:E31) -> 109 | G32: =SUM(G26:G31) -> 293 | H32: =SUM(H26:H31) -> 184 | I32: =SUM(I26:I31) -> 12605.34 | J32: =SUM(J26:J31) -> 7904.17 | K32: =SUM(K26:K31) -> 1310955.4 | L32: =SUM(L26:L31) -> 19136 | M32: ='Odometro-Kilometraje'!E81 -> 12983 | N32: =(V32/M32)*100 -> 96.408303 | V32: =SUM(V26:V31) -> 12516.69
A33: =A26+1 -> 45387 | B33: 39 | C33: 53 | D33: ='Data Ocupacion'!L32 -> 36 | E33: ='Data Ocupacion'!M32 -> 55 | F33: PU-LI | G33: =D33+E33*2 -> 146 | H33: =D33+E33 -> 91 | I33: =G33*L$2 -> 6296.98 | J33: =H33*L$2 -> 3924.83 | K33: =I33*104 -> 654885.92 | L33: =H33*104 -> 9464 | P33: 5 | V33: =I33-((P33*($L$2-$J$1)))-(S33*($J$1)) -> 6208.33
B34: 37 | C34: 53 | D34: ='Data Ocupacion'!L33 -> 37 | E34: ='Data Ocupacion'!M33 -> 53 | F34: LI-PU | G34: =D34+E34*2 -> 143 | H34: =D34+E34 -> 90 | I34: =G34*L$2 -> 6167.59 | J34: =H34*L$2 -> 3881.7 | K34: =I34*104 -> 641429.36 | L34: =H34*104 -> 9360 | V34: =I34-(S34*($L$2-$J$1)+(T34*($L$2-$L$1))) -> 6167.59
B35: 0 | C35: 0 | D35: ='Data Ocupacion'!L34 -> 0 | E35: ='Data Ocupacion'!M34 -> 0 | F35: PU-SA | G35: =D35+E35*2 -> 0 | H35: =D35+E35 -> 0 | I35: =G35*L$1 -> 0 | J35: =H35*L$1 -> 0 | K35: =I35*104 -> 0 | L35: =H35*104 -> 0 | V35: =I35-(P35*($L$1-$J$1)) -> 0
B36: 1 | C36: 0 | D36: ='Data Ocupacion'!L35 -> 1 | E36: ='Data Ocupacion'!M35 -> 0 | F36: SA-PU | G36: =D36+E36*2 -> 1 | H36: =D36+E36 -> 1 | I36: =G36*L$1 -> 29.11 | J36: =H36*L$1 -> 29.11 | K36: =I36*104 -> 3027.44 | L36: =H36*104 -> 104 | V36: =I36 -> 29.11
B37: 0 | C37: 0 | D37: ='Data Ocupacion'!L36 -> 0 | E37: ='Data Ocupacion'!M36 -> 0 | F37: PU-EB | G37: =D37+E37*2 -> 0 | H37: =D37+E37 -> 0 | I37: =G37*J$1 -> 0 | J37: =H37*J$1 -> 0 | K37: =I37*104 -> 0 | L37: =H37*104 -> 0 | V37: =I37 -> 0
B38: 1 | C38: 0 | D38: ='Data Ocupacion'!L37 -> 1 | E38: ='Data Ocupacion'!M37 -> 0 | F38: EB-PU | G38: =D38+E38*2 -> 1 | H38: =D38+E38 -> 1 | I38: =G38*J$1 -> 25.4 | J38: =H38*J$1 -> 25.4 | K38: =I38*104 -> 2641.6 | L38: =H38*104 -> 104 | V38: =I38 -> 25.4
B39: =SUM(B33:B38) -> 78 | C39: =SUM(C33:C38) -> 106 | D39: =SUM(D33:D38) -> 75 | E39: =SUM(E33:E38) -> 108 | G39: =SUM(G33:G38) -> 291 | H39: =SUM(H33:H38) -> 183 | I39: =SUM(I33:I38) -> 12519.08 | J39: =SUM(J33:J38) -> 7861.04 | K39: =SUM(K33:K38) -> 1301984.3 | L39: =SUM(L33:L38) -> 19032 | M39: ='Odometro-Kilometraje'!F81 -> 12895 | N39: =(V39/M39)*100 -> 96.397286 | V39: =SUM(V33:V38) -> 12430.43
A40: =A33+1 -> 45388 | B40: 67 | C40: 3 | D40: ='Data Ocupacion'!N32 -> 67 | E40: ='Data Ocupacion'!O32 -> 3 | F40: PU-LI | G40: =D40+E40*2 -> 73 | H40: =D40+E40 -> 70 | I40: =G40*L$2 -> 3148.49 | J40: =H40*L$2 -> 3019.1 | K40: =I40*104 -> 327442.96 | L40: =H40*104 -> 7280 | V40: =I40-((P40*($L$2-$J$1)))-(S40*($J$1)) -> 3148.49
B41: 73 | C41: 0 | D41: ='Data Ocupacion'!N33 -> 73 | E41: ='Data Ocupacion'!O33 -> 0 | F41: LI-PU | G41: =D41+E41*2 -> 73 | H41: =D41+E41 -> 73 | I41: =G41*L$2 -> 3148.49 | J41: =H41*L$2 -> 3148.49 | K41: =I41*104 -> 327442.96 | L41: =H41*104 -> 7592 | V41: =I41-(S41*($L$2-$J$1)+(T41*($L$2-$L$1))) -> 3148.49
B42: 0 | C42: 0 | D42: ='Data Ocupacion'!N34 -> 0 | E42: ='Data Ocupacion'!O34 -> 0 | F42: PU-SA | G42: =D42+E42*2 -> 0 | H42: =D42+E42 -> 0 | I42: =G42*L$1 -> 0 | J42: =H42*L$1 -> 0 | K42: =I42*104 -> 0 | L42: =H42*104 -> 0 | V42: =I42-(P42*($L$1-$J$1)) -> 0
B43: 0 | C43: 0 | D43: ='Data Ocupacion'!N35 -> 0 | E43: ='Data Ocupacion'!O35 -> 0 | F43: SA-PU | G43: =D43+E43*2 -> 0 | H43: =D43+E43 -> 0 | I43: =G43*L$1 -> 0 | J43: =H43*L$1 -> 0 | K43: =I43*104 -> 0 | L43: =H43*104 -> 0 | V43: =I43 -> 0
B44: 0 | C44: 0 | D44: ='Data Ocupacion'!N36 -> 0 | E44: ='Data Ocupacion'!O36 -> 0 | F44: PU-EB | G44: =D44+E44*2 -> 0 | H44: =D44+E44 -> 0 | I44: =G44*J$1 -> 0 | J44: =H44*J$1 -> 0 | K44: =I44*104 -> 0 | L44: =H44*104 -> 0 | V44: =I44 -> 0
B45: 0 | C45: 0 | D45: ='Data Ocupacion'!N37 -> 0 | E45: ='Data Ocupacion'!O37 -> 0 | F45: EB-PU | G45: =D45+E45*2 -> 0 | H45: =D45+E45 -> 0 | I45: =G45*J$1 -> 0 | J45: =H45*J$1 -> 0 | K45: =I45*104 -> 0 | L45: =H45*104 -> 0 | V45: =I45 -> 0
B46: =SUM(B40:B45) -> 140 | C46: =SUM(C40:C45) -> 3 | D46: =SUM(D40:D45) -> 140 | E46: =SUM(E40:E45) -> 3 | G46: =SUM(G40:G45) -> 146 | H46: =SUM(H40:H45) -> 143 | I46: =SUM(I40:I45) -> 6296.98 | J46: =SUM(J40:J45) -> 6167.59 | K46: =SUM(K40:K45) -> 654885.92 | L46: =SUM(L40:L45) -> 14872 | M46: ='Odometro-Kilometraje'!G81 -> 6334 | N46: =(V46/M46)*100 -> 99.415535 | V46: =SUM(V40:V45) -> 6296.98
A47: =A40+1 -> 45389 | B47: 51 | C47: 3 | D47: ='Data Ocupacion'!P32 -> 51 | E47: ='Data Ocupacion'!Q32 -> 3 | F47: PU-LI | G47: =D47+E47*2 -> 57 | H47: =D47+E47 -> 54 | I47: =G47*L$2 -> 2458.41 | J47: =H47*L$2 -> 2329.02 | K47: =I47*104 -> 255674.64 | L47: =H47*104 -> 5616 | V47: =I47-(P47*($L$2-$J$1)+(Q47*($L$2-$L$1))+ (R47*($L$2-$H$2))) -> 2458.41
B48: 57 | C48: 0 | D48: ='Data Ocupacion'!P33 -> 57 | E48: ='Data Ocupacion'!Q33 -> 0 | F48: LI-PU | G48: =D48+E48*2 -> 57 | H48: =D48+E48 -> 57 | I48: =G48*L$2 -> 2458.41 | J48: =H48*L$2 -> 2458.41 | K48: =I48*104 -> 255674.64 | L48: =H48*104 -> 5928 | V48: =I48-(S48*($L$2-$J$1)+(T48*($L$2-$L$1))) -> 2458.41
B49: 0 | C49: 0 | D49: ='Data Ocupacion'!P34 -> 0 | E49: ='Data Ocupacion'!Q34 -> 0 | F49: PU-SA | G49: =D49+E49*2 -> 0 | H49: =D49+E49 -> 0 | I49: =G49*L$1 -> 0 | J49: =H49*L$1 -> 0 | K49: =I49*104 -> 0 | L49: =H49*104 -> 0 | V49: =I49-(P49*($L$1-$J$1)) -> 0
B50: 0 | C50: 0 | D50: ='Data Ocupacion'!P35 -> 0 | E50: ='Data Ocupacion'!Q35 -> 0 | F50: SA-PU | G50: =D50+E50*2 -> 0 | H50: =D50+E50 -> 0 | I50: =G50*L$1 -> 0 | J50: =H50*L$1 -> 0 | K50: =I50*104 -> 0 | L50: =H50*104 -> 0 | V50: =I50 -> 0
B51: 0 | C51: 0 | D51: ='Data Ocupacion'!P36 -> 0 | E51: ='Data Ocupacion'!Q36 -> 0 | F51: PU-EB | G51: =D51+E51*2 -> 0 | H51: =D51+E51 -> 0 | I51: =G51*J$1 -> 0 | J51: =H51*J$1 -> 0 | K51: =I51*104 -> 0 | L51: =H51*104 -> 0 | V51: =I51 -> 0
B52: 0 | C52: 0 | D52: ='Data Ocupacion'!P37 -> 0 | E52: ='Data Ocupacion'!Q37 -> 0 | F52: EB-PU | G52: =D52+E52*2 -> 0 | H52: =D52+E52 -> 0 | I52: =G52*J$1 -> 0 | J52: =H52*J$1 -> 0 | K52: =I52*104 -> 0 | L52: =H52*104 -> 0 | V52: =I52 -> 0
B53: =SUM(B47:B52) -> 108 | C53: =SUM(C47:C52) -> 3 | D53: =SUM(D47:D52) -> 108 | E53: =SUM(E47:E52) -> 3 | G53: =SUM(G47:G52) -> 114 | H53: =SUM(H47:H52) -> 111 | I53: =SUM(I47:I52) -> 4916.82 | J53: =SUM(J47:J52) -> 4787.43 | K53: =SUM(K47:K52) -> 511349.28 | L53: =SUM(L47:L52) -> 11544 | M53: ='Odometro-Kilometraje'!H81 -> 4964 | N53: =(V53/M53)*100 -> 99.049557 | V53: =SUM(V47:V52) -> 4916.82
A54: =A47+1 -> 45390 | B54: 39 | C54: 53 | D54: ='Data Ocupacion'!R32 -> 41 | E54: ='Data Ocupacion'!S32 -> 51 | F54: PU-LI | G54: =D54+E54*2 -> 143 | H54: =D54+E54 -> 92 | I54: =G54*L2 -> 6167.59 | J54: =H54*L$2 -> 3967.96 | K54: =I54*104 -> 641429.36 | L54: =H54*104 -> 9568 | S54: 6 | V54: =I54-((P54*($L$2-$J$1)))-(S54*($J$1)) -> 6015.19
B55: 37 | C55: 53 | D55: ='Data Ocupacion'!R33 -> 40 | E55: ='Data Ocupacion'!S33 -> 50 | F55: LI-PU | G55: =D55+E55*2 -> 140 | H55: =D55+E55 -> 90 | I55: =G55*L2 -> 6038.2 | J55: =H55*L$2 -> 3881.7 | K55: =I55*104 -> 627972.8 | L55: =H55*104 -> 9360 | V55: =I55-(S55*($L$2-$J$1)+(T55*($L$2-$L$1))) -> 6038.2
B56: 0 | C56: 0 | D56: ='Data Ocupacion'!R34 -> 0 | E56: ='Data Ocupacion'!S34 -> 0 | F56: PU-SA | G56: =D56+E56*2 -> 0 | H56: =D56+E56 -> 0 | I56: =G56*L$1 -> 0 | J56: =H56*L$1 -> 0 | K56: =I56*104 -> 0 | L56: =H56*104 -> 0 | V56: =I56-(P56*($L$1-$J$1)) -> 0
B57: 1 | C57: 0 | D57: ='Data Ocupacion'!R35 -> 1 | E57: ='Data Ocupacion'!S35 -> 0 | F57: SA-PU | G57: =D57+E57*2 -> 1 | H57: =D57+E57 -> 1 | I57: =G57*L$1 -> 29.11 | J57: =H57*L$1 -> 29.11 | K57: =I57*104 -> 3027.44 | L57: =H57*104 -> 104 | V57: =I57 -> 29.11 | BL57: v
B58: 0 | C58: 0 | D58: ='Data Ocupacion'!R36 -> 0 | E58: ='Data Ocupacion'!S36 -> 0 | F58: PU-EB | G58: =D58+E58*2 -> 0 | H58: =D58+E58 -> 0 | I58: =G58*T$1 -> 0 | J58: =H58*T$1 -> 0 | K58: =I58*104 -> 0 | L58: =H58*104 -> 0 | V58: =I58 -> 0
B59: 1 | C59: 0 | D59: ='Data Ocupacion'!R37 -> 1 | E59: ='Data Ocupacion'!S37 -> 0 | F59: EB-PU | G59: =D59+E59*2 -> 1 | H59: =D59+E59 -> 1 | I59: =G59*J$1 -> 25.4 | J59: =H59*J$1 -> 25.4 | K59: =I59*104 -> 2641.6 | L59: =H59*104 -> 104 | V59: =I59 -> 25.4
B60: =SUM(B54:B59) -> 78 | C60: =SUM(C54:C59) -> 106 | D60: =SUM(D54:D59) -> 83 | E60: =SUM(E54:E59) -> 101 | G60: =SUM(G54:G59) -> 285 | H60: =SUM(H54:H59) -> 184 | I60: =SUM(I54:I59) -> 12260.3 | J60: =SUM(J54:J59) -> 7904.17 | K60: =SUM(K54:K59) -> 1275071.2 | L60: =SUM(L54:L59) -> 19136 | M60: ='Odometro-Kilometraje'!I81 -> 13108 | N60: =(V60/M60)*100 -> 92.370308 | V60: =SUM(V54:V59) -> 12107.9
A61: =A54+1 -> 45391 | B61: 39 | C61: 53 | D61: ='Data Ocupacion'!T32 -> 42 | E61: ='Data Ocupacion'!U32 -> 50 | F61: PU-LI | G61: =D61+E61*2 -> 142 | H61: =D61+E61 -> 92 | I61: =G61*L$2 -> 6124.46 | J61: =H61*L$2 -> 3967.96 | K61: =I61*104 -> 636943.84 | L61: =H61*104 -> 9568 | P61: 3 | S61: 3 | V61: =I61-(P61*($L$2-$J$1)+(Q61*($L$2-$L$1))+ (R61*($L$2-$H$2))+ (S61*($J$1))) -> 5995.07
B62: 37 | C62: 53 | D62: ='Data Ocupacion'!T33 -> 40 | E62: ='Data Ocupacion'!U33 -> 50 | F62: LI-PU | G62: =D62+E62*2 -> 140 | H62: =D62+E62 -> 90 | I62: =G62*L$2 -> 6038.2 | J62: =H62*L$2 -> 3881.7 | K62: =I62*104 -> 627972.8 | L62: =H62*104 -> 9360 | V62: =I62-(S62*($L$2-$J$1)+(T62*($L$2-$L$1))) -> 6038.2
B63: 0 | C63: 0 | D63: ='Data Ocupacion'!T34 -> 0 | E63: ='Data Ocupacion'!U34 -> 0 | F63: PU-SA | G63: =D63+E63*2 -> 0 | H63: =D63+E63 -> 0 | I63: =G63*N$1 -> 0 | J63: =H63*N$1 -> 0 | K63: =I63*104 -> 0 | L63: =H63*104 -> 0 | V63: =I63-(P63*($L$1-$J$1)) -> 0
B64: 1 | C64: 0 | D64: ='Data Ocupacion'!T35 -> 1 | E64: ='Data Ocupacion'!U35 -> 0 | F64: SA-PU | G64: =D64+E64*2 -> 1 | H64: =D64+E64 -> 1 | I64: =G64*L$1 -> 29.11 | J64: =H64*L$1 -> 29.11 | K64: =I64*104 -> 3027.44 | L64: =H64*104 -> 104 | V64: =I64 -> 29.11
B65: 0 | C65: 0 | D65: ='Data Ocupacion'!T36 -> 0 | E65: ='Data Ocupacion'!U36 -> 0 | F65: PU-EB | G65: =D65+E65*2 -> 0 | H65: =D65+E65 -> 0 | I65: =G65*T$1 -> 0 | J65: =H65*T$1 -> 0 | K65: =I65*104 -> 0 | L65: =H65*104 -> 0 | V65: =I65 -> 0
B66: 1 | C66: 0 | D66: ='Data Ocupacion'!T37 -> 1 | E66: ='Data Ocupacion'!U37 -> 0 | F66: EB-PU | G66: =D66+E66*2 -> 1 | H66: =D66+E66 -> 1 | I66: =G66*J$1 -> 25.4 | J66: =H66*J$1 -> 25.4 | K66: =I66*104 -> 2641.6 | L66: =H66*104 -> 104 | V66: =I66 -> 25.4
B67: =SUM(B61:B66) -> 78 | C67: =SUM(C61:C66) -> 106 | D67: =SUM(D61:D66) -> 84 | E67: =SUM(E61:E66) -> 100 | G67: =SUM(G61:G66) -> 284 | H67: =SUM(H61:H66) -> 184 | I67: =SUM(I61:I66) -> 12217.17 | J67: =SUM(J61:J66) -> 7904.17 | K67: =SUM(K61:K66) -> 1270585.7 | L67: =SUM(L61:L66) -> 19136 | M67: ='Odometro-Kilometraje'!J81 -> 12903 | N67: =(V67/M67)*100 -> 93.681934 | V67: =SUM(V61:V66) -> 12087.78
A68: =A61+1 -> 45392 | B68: 39 | C68: 53 | D68: ='Data Ocupacion'!V32 -> 44 | E68: ='Data Ocupacion'!W32 -> 48 | F68: PU-LI | G68: =D68+E68*2 -> 140 | H68: =D68+E68 -> 92 | I68: =G68*L$2 -> 6038.2 | J68: =H68*L$2 -> 3967.96 | K68: =I68*104 -> 627972.8 | L68: =H68*104 -> 9568 | P68: 2 | S68: 6 | V68: =I68-(P68*($L$2-$J$1)+(Q68*($L$2-$L$1))+ (R68*($L$2-$H$2))+ (S68*($J$1))) -> 5850.34
B69: 37 | C69: 53 | D69: ='Data Ocupacion'!V33 -> 42 | E69: ='Data Ocupacion'!W33 -> 48 | F69: LI-PU | G69: =D69+E69*2 -> 138 | H69: =D69+E69 -> 90 | I69: =G69*L$2 -> 5951.94 | J69: =H69*L$2 -> 3881.7 | K69: =I69*104 -> 619001.76 | L69: =H69*104 -> 9360 | V69: =I69-(S69*($L$2-$J$1)+(T69*($L$2-$L$1))) -> 5951.94
B70: 0 | C70: 0 | D70: ='Data Ocupacion'!V34 -> 0 | E70: ='Data Ocupacion'!W34 -> 0 | F70: PU-SA | G70: =D70+E70*2 -> 0 | H70: =D70+E70 -> 0 | I70: =G70*L$1 -> 0 | J70: =H70*L$1 -> 0 | K70: =I70*104 -> 0 | L70: =H70*104 -> 0 | V70: =I70-(P70*($L$1-$J$1)) -> 0
B71: 1 | C71: 0 | D71: ='Data Ocupacion'!V35 -> 1 | E71: ='Data Ocupacion'!W35 -> 0 | F71: SA-PU | G71: =D71+E71*2 -> 1 | H71: =D71+E71 -> 1 | I71: =G71*L$1 -> 29.11 | J71: =H71*L$1 -> 29.11 | K71: =I71*104 -> 3027.44 | L71: =H71*104 -> 104 | V71: =I71 -> 29.11
B72: 0 | C72: 0 | D72: ='Data Ocupacion'!V36 -> 0 | E72: ='Data Ocupacion'!W36 -> 0 | F72: PU-EB | G72: =D72+E72*2 -> 0 | H72: =D72+E72 -> 0 | I72: =G72*J$1 -> 0 | J72: =H72*J$1 -> 0 | K72: =I72*104 -> 0 | L72: =H72*104 -> 0 | V72: =I72 -> 0
B73: 1 | C73: 0 | D73: ='Data Ocupacion'!V37 -> 1 | E73: ='Data Ocupacion'!W37 -> 0 | F73: EB-PU | G73: =D73+E73*2 -> 1 | H73: =D73+E73 -> 1 | I73: =G73*J$1 -> 25.4 | J73: =H73*J$1 -> 25.4 | K73: =I73*104 -> 2641.6 | L73: =H73*104 -> 104 | V73: =I73 -> 25.4
B74: =SUM(B68:B73) -> 78 | C74: =SUM(C68:C73) -> 106 | D74: =SUM(D68:D73) -> 88 | E74: =SUM(E68:E73) -> 96 | G74: =SUM(G68:G73) -> 280 | H74: =SUM(H68:H73) -> 184 | I74: =SUM(I68:I73) -> 12044.65 | J74: =SUM(J68:J73) -> 7904.17 | K74: =SUM(K68:K73) -> 1252643.6 | L74: =SUM(L68:L73) -> 19136 | M74: ='Odometro-Kilometraje'!K81 -> 12650 | N74: =(V74/M74)*100 -> 93.729565 | V74: =SUM(V68:V73) -> 11856.79
A75: =A68+1 -> 45393 | B75: 39 | C75: 53 | D75: ='Data Ocupacion'!X32 -> 41 | E75: ='Data Ocupacion'!Y32 -> 51 | F75: PU-LI | G75: =D75+E75*2 -> 143 | H75: =D75+E75 -> 92 | I75: =G75*L$2 -> 6167.59 | J75: =H75*L$2 -> 3967.96 | K75: =I75*104 -> 641429.36 | L75: =H75*104 -> 9568 | S75: 7 | V75: =I75-(P75*($L$2-$J$1)+(Q75*($L$2-$L$1))+ (R75*($L$2-$H$2))+ (S75*($J$1))) -> 5989.79
B76: 37 | C76: 53 | D76: ='Data Ocupacion'!X33 -> 39 | E76: ='Data Ocupacion'!Y33 -> 51 | F76: LI-PU | G76: =D76+E76*2 -> 141 | H76: =D76+E76 -> 90 | I76: =G76*L$2 -> 6081.33 | J76: =H76*L$2 -> 3881.7 | K76: =I76*104 -> 632458.32 | L76: =H76*104 -> 9360 | V76: =I76-(S76*($L$2-$J$1)+(T76*($L$2-$L$1))) -> 6081.33
B77: 0 | C77: 0 | D77: ='Data Ocupacion'!X34 -> 0 | E77: ='Data Ocupacion'!Y34 -> 0 | F77: PU-SA | G77: =D77+E77*2 -> 0 | H77: =D77+E77 -> 0 | I77: =G77*L$1 -> 0 | J77: =H77*L$1 -> 0 | K77: =I77*104 -> 0 | L77: =H77*104 -> 0 | V77: =I77-(P77*($L$1-$J$1)) -> 0
B78: 1 | C78: 0 | D78: ='Data Ocupacion'!X35 -> 1 | E78: ='Data Ocupacion'!Y35 -> 0 | F78: SA-PU | G78: =D78+E78*2 -> 1 | H78: =D78+E78 -> 1 | I78: =G78*L$1 -> 29.11 | J78: =H78*L$1 -> 29.11 | K78: =I78*104 -> 3027.44 | L78: =H78*104 -> 104 | V78: =I78 -> 29.11
B79: 0 | C79: 0 | D79: ='Data Ocupacion'!X36 -> 0 | E79: ='Data Ocupacion'!Y36 -> 0 | F79: PU-EB | G79: =D79+E79*2 -> 0 | H79: =D79+E79 -> 0 | I79: =G79*J$1 -> 0 | J79: =H79*J$1 -> 0 | K79: =I79*104 -> 0 | L79: =H79*104 -> 0 | V79: =I79 -> 0
B80: 1 | C80: 0 | D80: ='Data Ocupacion'!X37 -> 1 | E80: ='Data Ocupacion'!Y37 -> 0 | F80: EB-PU | G80: =D80+E80*2 -> 1 | H80: =D80+E80 -> 1 | I80: =G80*J$1 -> 25.4 | J80: =H80*J$1 -> 25.4 | K80: =I80*104 -> 2641.6 | L80: =H80*104 -> 104 | V80: =I80 -> 25.4
B81: =SUM(B75:B80) -> 78 | C81: =SUM(C75:C80) -> 106 | D81: =SUM(D75:D80) -> 82 | E81: =SUM(E75:E80) -> 102 | G81: =SUM(G75:G80) -> 286 | H81: =SUM(H75:H80) -> 184 | I81: =SUM(I75:I80) -> 12303.43 | J81: =SUM(J75:J80) -> 7904.17 | K81: =SUM(K75:K80) -> 1279556.7 | L81: =SUM(L75:L80) -> 19136 | M81: ='Odometro-Kilometraje'!L81 -> 12796 | N81: =(V81/M81)*100 -> 94.761097 | V81: =SUM(V75:V80) -> 12125.63
A82: =A75+1 -> 45394 | B82: 39 | C82: 53 | D82: ='Data Ocupacion'!Z32 -> 42 | E82: ='Data Ocupacion'!AA32 -> 50 | F82: PU-LI | G82: =D82+E82*2 -> 142 | H82: =D82+E82 -> 92 | I82: =G82*L$2 -> 6124.46 | J82: =H82*L$2 -> 3967.96 | K82: =I82*104 -> 636943.84 | L82: =H82*104 -> 9568 | P82: 5 | S82: 5 | V82: =I82-((P82*($L$2-$J$1)))-(S82*($J$1)) -> 5908.81
B83: 37 | C83: 53 | D83: ='Data Ocupacion'!Z33 -> 38 | E83: ='Data Ocupacion'!AA33 -> 51 | F83: LI-PU | G83: =D83+E83*2 -> 140 | H83: =D83+E83 -> 89 | I83: =G83*L$2 -> 6038.2 | J83: =H83*L$2 -> 3838.57 | K83: =I83*104 -> 627972.8 | L83: =H83*104 -> 9256 | V83: =I83-(S83*($L$2-$J$1)+(T83*($L$2-$L$1))) -> 6038.2
B84: 0 | C84: 0 | D84: ='Data Ocupacion'!Z34 -> 0 | E84: ='Data Ocupacion'!AA34 -> 0 | F84: PU-SA | G84: =D84+E84*2 -> 0 | H84: =D84+E84 -> 0 | I84: =G84*L$1 -> 0 | J84: =H84*L$1 -> 0 | K84: =I84*104 -> 0 | L84: =H84*104 -> 0 | V84: =I84-(P84*($L$1-$J$1)) -> 0
B85: 1 | C85: 0 | D85: ='Data Ocupacion'!Z35 -> 1 | E85: ='Data Ocupacion'!AA35 -> 0 | F85: SA-PU | G85: =D85+E85*2 -> 1 | H85: =D85+E85 -> 1 | I85: =G85*L$1 -> 29.11 | J85: =H85*L$1 -> 29.11 | K85: =I85*104 -> 3027.44 | L85: =H85*104 -> 104 | V85: =I85 -> 29.11
B86: 0 | C86: 0 | D86: ='Data Ocupacion'!Z36 -> 0 | E86: ='Data Ocupacion'!AA36 -> 0 | F86: PU-EB | G86: =D86+E86*2 -> 0 | H86: =D86+E86 -> 0 | I86: =G86*J$1 -> 0 | J86: =H86*J$1 -> 0 | K86: =I86*104 -> 0 | L86: =H86*104 -> 0 | V86: =I86 -> 0
B87: 1 | C87: 0 | D87: ='Data Ocupacion'!Z37 -> 1 | E87: ='Data Ocupacion'!AA37 -> 0 | F87: EB-PU | G87: =D87+E87*2 -> 1 | H87: =D87+E87 -> 1 | I87: =G87*J$1 -> 25.4 | J87: =H87*J$1 -> 25.4 | K87: =I87*104 -> 2641.6 | L87: =H87*104 -> 104 | V87: =I87 -> 25.4
B88: =SUM(B82:B87) -> 78 | C88: =SUM(C82:C87) -> 106 | D88: =SUM(D82:D87) -> 82 | E88: =SUM(E82:E87) -> 101 | G88: =SUM(G82:G87) -> 284 | H88: =SUM(H82:H87) -> 183 | I88: =SUM(I82:I87) -> 12217.17 | J88: =SUM(J82:J87) -> 7861.04 | K88: =SUM(K82:K87) -> 1270585.7 | L88: =SUM(L82:L87) -> 19032 | M88: ='Odometro-Kilometraje'!M81 -> 12769 | N88: =(V88/M88)*100 -> 93.989506 | V88: =SUM(V82:V87) -> 12001.52
A89: =A82+1 -> 45395 | B89: 67 | C89: 3 | D89: ='Data Ocupacion'!AB32 -> 67 | E89: ='Data Ocupacion'!AC32 -> 3 | F89: PU-LI | G89: =D89+E89*2 -> 73 | H89: =D89+E89 -> 70 | I89: =G89*L$2 -> 3148.49 | J89: =H89*L$2 -> 3019.1 | K89: =I89*104 -> 327442.96 | L89: =H89*104 -> 7280 | V89: =I89-((P89*($L$2-$J$1)))-(S89*($J$1)) -> 3148.49
B90: 73 | C90: 0 | D90: ='Data Ocupacion'!AB33 -> 73 | E90: ='Data Ocupacion'!AC33 -> 0 | F90: LI-PU | G90: =D90+E90*2 -> 73 | H90: =D90+E90 -> 73 | I90: =G90*L$2 -> 3148.49 | J90: =H90*L$2 -> 3148.49 | K90: =I90*104 -> 327442.96 | L90: =H90*104 -> 7592 | V90: =I90-(S90*($L$2-$J$1)+(T90*($L$2-$L$1))) -> 3148.49
B91: 0 | C91: 0 | D91: ='Data Ocupacion'!AB34 -> 0 | E91: ='Data Ocupacion'!AC34 -> 0 | F91: PU-SA | G91: =D91+E91*2 -> 0 | H91: =D91+E91 -> 0 | I91: =G91*L$1 -> 0 | J91: =H91*L$1 -> 0 | K91: =I91*104 -> 0 | L91: =H91*104 -> 0 | V91: =I91-(P91*($L$1-$J$1)) -> 0
B92: 0 | C92: 0 | D92: ='Data Ocupacion'!AB35 -> 0 | E92: ='Data Ocupacion'!AC35 -> 0 | F92: SA-PU | G92: =D92+E92*2 -> 0 | H92: =D92+E92 -> 0 | I92: =G92*L$1 -> 0 | J92: =H92*L$1 -> 0 | K92: =I92*104 -> 0 | L92: =H92*104 -> 0 | V92: =I92 -> 0
B93: 0 | C93: 0 | D93: ='Data Ocupacion'!AB36 -> 0 | E93: ='Data Ocupacion'!AC36 -> 0 | F93: PU-EB | G93: =D93+E93*2 -> 0 | H93: =D93+E93 -> 0 | I93: =G93*J$1 -> 0 | J93: =H93*J$1 -> 0 | K93: =I93*104 -> 0 | L93: =H93*104 -> 0 | V93: =I93 -> 0
B94: 0 | C94: 0 | D94: ='Data Ocupacion'!AB37 -> 0 | E94: ='Data Ocupacion'!AC37 -> 0 | F94: EB-PU | G94: =D94+E94*2 -> 0 | H94: =D94+E94 -> 0 | I94: =G94*J$1 -> 0 | J94: =H94*J$1 -> 0 | K94: =I94*104 -> 0 | L94: =H94*104 -> 0 | V94: =I94 -> 0
B95: =SUM(B89:B94) -> 140 | C95: =SUM(C89:C94) -> 3 | D95: =SUM(D89:D94) -> 140 | E95: =SUM(E89:E94) -> 3 | G95: =SUM(G89:G94) -> 146 | H95: =SUM(H89:H94) -> 143 | I95: =SUM(I89:I94) -> 6296.98 | J95: =SUM(J89:J94) -> 6167.59 | K95: =SUM(K89:K94) -> 654885.92 | L95: =SUM(L89:L94) -> 14872 | M95: ='Odometro-Kilometraje'!N81 -> 6388 | N95: =(V95/M95)*100 -> 98.575141 | V95: =SUM(V89:V94) -> 6296.98
A96: =A89+1 -> 45396 | B96: 51 | C96: 3 | D96: ='Data Ocupacion'!AD32 -> 51 | E96: ='Data Ocupacion'!AE32 -> 3 | F96: PU-LI | G96: =D96+E96*2 -> 57 | H96: =D96+E96 -> 54 | I96: =G96*L$2 -> 2458.41 | J96: =H96*L$2 -> 2329.02 | K96: =I96*104 -> 255674.64 | L96: =H96*104 -> 5616 | V96: =I96-((P96*($L$2-$J$1)))-(S96*($J$1)) -> 2458.41
B97: 57 | C97: 0 | D97: ='Data Ocupacion'!AD33 -> 57 | E97: ='Data Ocupacion'!AE33 -> 0 | F97: LI-PU | G97: =D97+E97*2 -> 57 | H97: =D97+E97 -> 57 | I97: =G97*L$2 -> 2458.41 | J97: =H97*L$2 -> 2458.41 | K97: =I97*104 -> 255674.64 | L97: =H97*104 -> 5928 | V97: =I97-(S97*($L$2-$J$1)+(T97*($L$2-$L$1))) -> 2458.41
B98: 0 | C98: 0 | D98: ='Data Ocupacion'!AD34 -> 0 | E98: ='Data Ocupacion'!AE34 -> 0 | F98: PU-SA | G98: =D98+E98*2 -> 0 | H98: =D98+E98 -> 0 | I98: =G98*L$1 -> 0 | J98: =H98*L$1 -> 0 | K98: =I98*104 -> 0 | L98: =H98*104 -> 0 | V98: =I98-(P98*($L$1-$J$1)) -> 0
B99: 0 | C99: 0 | D99: ='Data Ocupacion'!AD35 -> 0 | E99: ='Data Ocupacion'!AE35 -> 0 | F99: SA-PU | G99: =D99+E99*2 -> 0 | H99: =D99+E99 -> 0 | I99: =G99*L$1 -> 0 | J99: =H99*L$1 -> 0 | K99: =I99*104 -> 0 | L99: =H99*104 -> 0 | V99: =I99 -> 0
B100: 0 | C100: 0 | D100: ='Data Ocupacion'!AD36 -> 0 | E100: ='Data Ocupacion'!AE36 -> 0 | F100: PU-EB | G100: =D100+E100*2 -> 0 | H100: =D100+E100 -> 0 | I100: =G100*J$1 -> 0 | J100: =H100*J$1 -> 0 | K100: =I100*104 -> 0 | L100: =H100*104 -> 0 | V100: =I100 -> 0
...

Sheet Oferta Diaria
A1: Oferta Abril 2024
C3: 45383 | D3: 45384 | E3: 45385 | F3: 45386 | G3: 45387 | H3: 45388 | I3: 45389 | J3: 45390 | K3: 45391 | L3: 45392 | M3: 45393 | N3: 45394 | O3: 45395 | P3: 45396 | Q3: 45397 | R3: 45398 | S3: 45399 | T3: 45400 | U3: 45401 | V3: 45402 | W3: 45403 | X3: 45404 | Y3: 45405 | Z3: 45406 | AA3: 45407 | AB3: 45408 | AC3: 45409 | AD3: 45410 | AE3: 45411 | AF3: 45412
A4: HÁBIL | B4: km
A5: Servicios PU-LI | B5: 43.13 | C5: ='Data Ocupacion'!D43 -> 92 | D5: ='Data Ocupacion'!F43 -> 92 | E5: ='Data Ocupacion'!H43 -> 91 | F5: ='Data Ocupacion'!J43 -> 92 | G5: ='Data Ocupacion'!L43 -> 91 | H5: ='Data Ocupacion'!N43 -> 70 | I5: ='Data Ocupacion'!P43 -> 54 | J5: ='Data Ocupacion'!R43 -> 92 | K5: ='Data Ocupacion'!T43 -> 92 | L5: ='Data Ocupacion'!V43 -> 92 | M5: ='Data Ocupacion'!X43 -> 92 | N5: ='Data Ocupacion'!Z43 -> 92 | O5: ='Data Ocupacion'!AB43 -> 70 | P5: ='Data Ocupacion'!AD43 -> 54 | Q5: ='Data Ocupacion'!AF43 -> 92 | R5: ='Data Ocupacion'!AH43 -> 92 | S5: ='Data Ocupacion'!AJ43 -> 92 | T5: ='Data Ocupacion'!AL43 -> 92 | U5: ='Data Ocupacion'!AN43 -> 92 | V5: ='Data Ocupacion'!AP43 -> 70 | W5: ='Data Ocupacion'!AR43 -> 54 | X5: ='Data Ocupacion'!AT43 -> 92 | Y5: ='Data Ocupacion'!AV43 -> 92 | Z5: ='Data Ocupacion'!AX43 -> 92 | AA5: ='Data Ocupacion'!AZ43 -> 85 | AB5: ='Data Ocupacion'!BB43 -> 86 | AC5: ='Data Ocupacion'!BD43 -> 70 | AD5: ='Data Ocupacion'!BF43 -> 54 | AE5: ='Data Ocupacion'!BH43 -> 92 | AF5: ='Data Ocupacion'!BJ43 -> 86
A6: Servicios LI-PU | B6: 43.13 | C6: ='Data Ocupacion'!D44 -> 90 | D6: ='Data Ocupacion'!F44 -> 90 | E6: ='Data Ocupacion'!H44 -> 90 | F6: ='Data Ocupacion'!J44 -> 90 | G6: ='Data Ocupacion'!L44 -> 90 | H6: ='Data Ocupacion'!N44 -> 73 | I6: ='Data Ocupacion'!P44 -> 57 | J6: ='Data Ocupacion'!R44 -> 90 | K6: ='Data Ocupacion'!T44 -> 90 | L6: ='Data Ocupacion'!V44 -> 90 | M6: ='Data Ocupacion'!X44 -> 90 | N6: ='Data Ocupacion'!Z44 -> 89 | O6: ='Data Ocupacion'!AB44 -> 73 | P6: ='Data Ocupacion'!AD44 -> 57 | Q6: ='Data Ocupacion'!AF44 -> 90 | R6: ='Data Ocupacion'!AH44 -> 90 | S6: ='Data Ocupacion'!AJ44 -> 90 | T6: ='Data Ocupacion'!AL44 -> 90 | U6: ='Data Ocupacion'!AN44 -> 90 | V6: ='Data Ocupacion'!AP44 -> 73 | W6: ='Data Ocupacion'!AR44 -> 57 | X6: ='Data Ocupacion'!AT44 -> 90 | Y6: ='Data Ocupacion'!AV44 -> 90 | Z6: ='Data Ocupacion'!AX44 -> 90 | AA6: ='Data Ocupacion'!AZ44 -> 85 | AB6: ='Data Ocupacion'!BB44 -> 84 | AC6: ='Data Ocupacion'!BD44 -> 73 | AD6: ='Data Ocupacion'!BF44 -> 57 | AE6: ='Data Ocupacion'!BH44 -> 90 | AF6: ='Data Ocupacion'!BJ44 -> 84
A7: Servicios PU-SA | B7: 29.11 | C7: ='Data Ocupacion'!D45 -> 0 | D7: ='Data Ocupacion'!F45 -> 0 | E7: ='Data Ocupacion'!H45 -> 0 | F7: ='Data Ocupacion'!J45 -> 0 | G7: ='Data Ocupacion'!L45 -> 0 | H7: ='Data Ocupacion'!N45 -> 0 | I7: ='Data Ocupacion'!P45 -> 0 | J7: ='Data Ocupacion'!R45 -> 0 | K7: ='Data Ocupacion'!T45 -> 0 | L7: ='Data Ocupacion'!V45 -> 0 | M7: ='Data Ocupacion'!X45 -> 0 | N7: ='Data Ocupacion'!Z45 -> 0 | O7: ='Data Ocupacion'!AB45 -> 0 | P7: ='Data Ocupacion'!AD45 -> 0 | Q7: ='Data Ocupacion'!AF45 -> 0 | R7: ='Data Ocupacion'!AH45 -> 0 | S7: ='Data Ocupacion'!AJ45 -> 0 | T7: ='Data Ocupacion'!AL45 -> 0 | U7: ='Data Ocupacion'!AN45 -> 0 | V7: ='Data Ocupacion'!AP45 -> 0 | W7: ='Data Ocupacion'!AR45 -> 0 | X7: ='Data Ocupacion'!AT45 -> 0 | Y7: ='Data Ocupacion'!AV45 -> 0 | Z7: ='Data Ocupacion'!AX45 -> 0 | AA7: ='Data Ocupacion'!AZ45 -> 0 | AB7: ='Data Ocupacion'!BB45 -> 0 | AC7: ='Data Ocupacion'!BD45 -> 0 | AD7: ='Data Ocupacion'!BF45 -> 0 | AE7: ='Data Ocupacion'!BH45 -> 0 | AF7: ='Data Ocupacion'!BJ45 -> 0
A8: Servicios SA-PU | B8: 29.11 | C8: ='Data Ocupacion'!D46 -> 1 | D8: ='Data Ocupacion'!F46 -> 1 | E8: ='Data Ocupacion'!H46 -> 1 | F8: ='Data Ocupacion'!J46 -> 1 | G8: ='Data Ocupacion'!L46 -> 1 | H8: ='Data Ocupacion'!N46 -> 0 | I8: ='Data Ocupacion'!P46 -> 0 | J8: ='Data Ocupacion'!R46 -> 1 | K8: ='Data Ocupacion'!T46 -> 1 | L8: ='Data Ocupacion'!V46 -> 1 | M8: ='Data Ocupacion'!X46 -> 1 | N8: ='Data Ocupacion'!Z46 -> 1 | O8: ='Data Ocupacion'!AB46 -> 0 | P8: ='Data Ocupacion'!AD46 -> 0 | Q8: ='Data Ocupacion'!AF46 -> 1 | R8: ='Data Ocupacion'!AH46 -> 1 | S8: ='Data Ocupacion'!AJ46 -> 1 | T8: ='Data Ocupacion'!AL46 -> 1 | U8: ='Data Ocupacion'!AN46 -> 1 | V8: ='Data Ocupacion'!AP46 -> 0 | W8: ='Data Ocupacion'!AR46 -> 0 | X8: ='Data Ocupacion'!AT46 -> 1 | Y8: ='Data Ocupacion'!AV46 -> 1 | Z8: ='Data Ocupacion'!AX46 -> 1 | AA8: ='Data Ocupacion'!AZ46 -> 1 | AB8: ='Data Ocupacion'!BB46 -> 1 | AC8: ='Data Ocupacion'!BD46 -> 0 | AD8: ='Data Ocupacion'!BF46 -> 0 | AE8: ='Data Ocupacion'!BH46 -> 1 | AF8: ='Data Ocupacion'!BJ46 -> 1
A9: Servicios PU-EB | B9: 25.4 | C9: ='Data Ocupacion'!D47 -> 0 | D9: ='Data Ocupacion'!F47 -> 0 | E9: ='Data Ocupacion'!H47 -> 0 | F9: ='Data Ocupacion'!J47 -> 0 | G9: ='Data Ocupacion'!L47 -> 0 | H9: ='Data Ocupacion'!N47 -> 0 | I9: ='Data Ocupacion'!P47 -> 0 | J9: ='Data Ocupacion'!R47 -> 0 | K9: ='Data Ocupacion'!T47 -> 0 | L9: ='Data Ocupacion'!V47 -> 0 | M9: ='Data Ocupacion'!X47 -> 0 | N9: ='Data Ocupacion'!Z47 -> 0 | O9: ='Data Ocupacion'!AB47 -> 0 | P9: ='Data Ocupacion'!AD47 -> 0 | Q9: ='Data Ocupacion'!AF47 -> 0 | R9: ='Data Ocupacion'!AH47 -> 0 | S9: ='Data Ocupacion'!AJ47 -> 0 | T9: ='Data Ocupacion'!AL47 -> 0 | U9: ='Data Ocupacion'!AN47 -> 0 | V9: ='Data Ocupacion'!AP47 -> 0 | W9: ='Data Ocupacion'!AR47 -> 0 | X9: ='Data Ocupacion'!AT47 -> 0 | Y9: ='Data Ocupacion'!AV47 -> 0 | Z9: ='Data Ocupacion'!AX47 -> 0 | AA9: ='Data Ocupacion'!AZ47 -> 0 | AB9: ='Data Ocupacion'!BB47 -> 0 | AC9: ='Data Ocupacion'!BD47 -> 0 | AD9: ='Data Ocupacion'!BF47 -> 0 | AE9: ='Data Ocupacion'!BH47 -> 0 | AF9: ='Data Ocupacion'!BJ47 -> 0
A10: Servicios EB-PU | B10: 25.4 | C10: ='Data Ocupacion'!D48 -> 1 | D10: ='Data Ocupacion'!F48 -> 1 | E10: ='Data Ocupacion'!H48 -> 1 | F10: ='Data Ocupacion'!J48 -> 1 | G10: ='Data Ocupacion'!L48 -> 1 | H10: ='Data Ocupacion'!N48 -> 0 | I10: ='Data Ocupacion'!P48 -> 0 | J10: ='Data Ocupacion'!R48 -> 1 | K10: ='Data Ocupacion'!T48 -> 1 | L10: ='Data Ocupacion'!V48 -> 1 | M10: ='Data Ocupacion'!X48 -> 1 | N10: ='Data Ocupacion'!Z48 -> 1 | O10: ='Data Ocupacion'!AB48 -> 0 | P10: ='Data Ocupacion'!AD48 -> 0 | Q10: ='Data Ocupacion'!AF48 -> 1 | R10: ='Data Ocupacion'!AH48 -> 1 | S10: ='Data Ocupacion'!AJ48 -> 1 | T10: ='Data Ocupacion'!AL48 -> 1 | U10: ='Data Ocupacion'!AN48 -> 1 | V10: ='Data Ocupacion'!AP48 -> 0 | W10: ='Data Ocupacion'!AR48 -> 0 | X10: ='Data Ocupacion'!AT48 -> 1 | Y10: ='Data Ocupacion'!AV48 -> 1 | Z10: ='Data Ocupacion'!AX48 -> 1 | AA10: ='Data Ocupacion'!AZ48 -> 1 | AB10: ='Data Ocupacion'!BB48 -> 1 | AC10: ='Data Ocupacion'!BD48 -> 0 | AD10: ='Data Ocupacion'!BF48 -> 0 | AE10: ='Data Ocupacion'!BH48 -> 1 | AF10: ='Data Ocupacion'!BJ48 -> 1
A11: Servicios VM-LI | B11: 34.83 | C11: ='Data Ocupacion'!D49 -> 0 | D11: ='Data Ocupacion'!F49 -> 0 | AB11: ='Data Ocupacion'!BB49 -> 0 | AC11: ='Data Ocupacion'!BD49 -> 0 | AD11: ='Data Ocupacion'!BF49 -> 0 | AE11: ='Data Ocupacion'!BH49 -> 0 | AF11: ='Data Ocupacion'!BJ49 -> 0
A12: Servicios VM-PU | B12: 8.3 | C12: ='Data Ocupacion'!D50 -> 0 | D12: ='Data Ocupacion'!F50 -> 0 | AB12: ='Data Ocupacion'!BB50 -> 0 | AC12: ='Data Ocupacion'!BD50 -> 0 | AD12: ='Data Ocupacion'!BF50 -> 0 | AE12: ='Data Ocupacion'!BH50 -> 0 | AF12: ='Data Ocupacion'!BJ50 -> 0
A14: Trenes PU-LI | B14: 43.13 | C14: ='Data Ocupacion'!D53 -> 149 | D14: ='Data Ocupacion'!F53 -> 151 | E14: ='Data Ocupacion'!H53 -> 143 | F14: ='Data Ocupacion'!J53 -> 148 | G14: ='Data Ocupacion'!L53 -> 146 | H14: ='Data Ocupacion'!N53 -> 73 | I14: ='Data Ocupacion'!P53 -> 57 | J14: ='Data Ocupacion'!R53 -> 143 | K14: ='Data Ocupacion'!T53 -> 142 | L14: ='Data Ocupacion'!V53 -> 140 | M14: ='Data Ocupacion'!X53 -> 143 | N14: ='Data Ocupacion'!Z53 -> 142 | O14: ='Data Ocupacion'!AB53 -> 73 | P14: ='Data Ocupacion'!AD53 -> 57 | Q14: ='Data Ocupacion'!AF53 -> 144 | R14: ='Data Ocupacion'!AH53 -> 149 | S14: ='Data Ocupacion'!AJ53 -> 149 | T14: ='Data Ocupacion'!AL53 -> 153 | U14: ='Data Ocupacion'!AN53 -> 143 | V14: ='Data Ocupacion'!AP53 -> 73 | W14: ='Data Ocupacion'!AR53 -> 57 | X14: ='Data Ocupacion'!AT53 -> 145 | Y14: ='Data Ocupacion'!AV53 -> 145 | Z14: ='Data Ocupacion'!AX53 -> 145 | AA14: ='Data Ocupacion'!AZ53 -> 143 | AB14: ='Data Ocupacion'!BB53 -> 136 | AC14: ='Data Ocupacion'!BD53 -> 73 | AD14: ='Data Ocupacion'!BF53 -> 57 | AE14: ='Data Ocupacion'!BH53 -> 150 | AF14: ='Data Ocupacion'!BJ53 -> 145
A15: Trenes LI-PU | B15: 43.13 | C15: ='Data Ocupacion'!D54 -> 143 | D15: ='Data Ocupacion'!F54 -> 143 | E15: ='Data Ocupacion'!H54 -> 142 | F15: ='Data Ocupacion'!J54 -> 143 | G15: ='Data Ocupacion'!L54 -> 143 | H15: ='Data Ocupacion'!N54 -> 73 | I15: ='Data Ocupacion'!P54 -> 57 | J15: ='Data Ocupacion'!R54 -> 140 | K15: ='Data Ocupacion'!T54 -> 140 | L15: ='Data Ocupacion'!V54 -> 138 | M15: ='Data Ocupacion'!X54 -> 141 | N15: ='Data Ocupacion'!Z54 -> 140 | O15: ='Data Ocupacion'!AB54 -> 73 | P15: ='Data Ocupacion'!AD54 -> 57 | Q15: ='Data Ocupacion'!AF54 -> 142 | R15: ='Data Ocupacion'!AH54 -> 141 | S15: ='Data Ocupacion'!AJ54 -> 143 | T15: ='Data Ocupacion'!AL54 -> 144 | U15: ='Data Ocupacion'!AN54 -> 141 | V15: ='Data Ocupacion'!AP54 -> 73 | W15: ='Data Ocupacion'!AR54 -> 57 | X15: ='Data Ocupacion'!AT54 -> 143 | Y15: ='Data Ocupacion'!AV54 -> 143 | Z15: ='Data Ocupacion'!AX54 -> 143 | AA15: ='Data Ocupacion'!AZ54 -> 135 | AB15: ='Data Ocupacion'!BB54 -> 134 | AC15: ='Data Ocupacion'!BD54 -> 73 | AD15: ='Data Ocupacion'!BF54 -> 57 | AE15: ='Data Ocupacion'!BH54 -> 143 | AF15: ='Data Ocupacion'!BJ54 -> 135
A16: Trenes PU-SA | B16: 29.11 | C16: ='Data Ocupacion'!D55 -> 0 | D16: ='Data Ocupacion'!F55 -> 0 | E16: ='Data Ocupacion'!H55 -> 0 | F16: ='Data Ocupacion'!J55 -> 0 | G16: ='Data Ocupacion'!L55 -> 0 | H16: ='Data Ocupacion'!N55 -> 0 | I16: ='Data Ocupacion'!P55 -> 0 | J16: ='Data Ocupacion'!R55 -> 0 | K16: ='Data Ocupacion'!T55 -> 0 | L16: ='Data Ocupacion'!V55 -> 0 | M16: ='Data Ocupacion'!X55 -> 0 | N16: ='Data Ocupacion'!Z55 -> 0 | O16: ='Data Ocupacion'!AB55 -> 0 | P16: ='Data Ocupacion'!AD55 -> 0 | Q16: ='Data Ocupacion'!AF55 -> 0 | R16: ='Data Ocupacion'!AH55 -> 0 | S16: ='Data Ocupacion'!AJ55 -> 0 | T16: ='Data Ocupacion'!AL55 -> 0 | U16: ='Data Ocupacion'!AN55 -> 0 | V16: ='Data Ocupacion'!AP55 -> 0 | W16: ='Data Ocupacion'!AR55 -> 0 | X16: ='Data Ocupacion'!AT55 -> 0 | Y16: ='Data Ocupacion'!AV55 -> 0 | Z16: ='Data Ocupacion'!AX55 -> 0 | AA16: ='Data Ocupacion'!AZ55 -> 0 | AB16: ='Data Ocupacion'!BB55 -> 0 | AC16: ='Data Ocupacion'!BD55 -> 0 | AD16: ='Data Ocupacion'!BF55 -> 0 | AE16: ='Data Ocupacion'!BH55 -> 0 | AF16: ='Data Ocupacion'!BJ55 -> 0
A17: Trenes SA-PU | B17: 29.11 | C17: ='Data Ocupacion'!D56 -> 1 | D17: ='Data Ocupacion'!F56 -> 1 | E17: ='Data Ocupacion'!H56 -> 1 | F17: ='Data Ocupacion'!J56 -> 1 | G17: ='Data Ocupacion'!L56 -> 1 | H17: ='Data Ocupacion'!N56 -> 0 | I17: ='Data Ocupacion'!P56 -> 0 | J17: ='Data Ocupacion'!R56 -> 1 | K17: ='Data Ocupacion'!T56 -> 1 | L17: ='Data Ocupacion'!V56 -> 1 | M17: ='Data Ocupacion'!X56 -> 1 | N17: ='Data Ocupacion'!Z56 -> 1 | O17: ='Data Ocupacion'!AB56 -> 0 | P17: ='Data Ocupacion'!AD56 -> 0 | Q17: ='Data Ocupacion'!AF56 -> 1 | R17: ='Data Ocupacion'!AH56 -> 1 | S17: ='Data Ocupacion'!AJ56 -> 1 | T17: ='Data Ocupacion'!AL56 -> 1 | U17: ='Data Ocupacion'!AN56 -> 1 | V17: ='Data Ocupacion'!AP56 -> 0 | W17: ='Data Ocupacion'!AR56 -> 0 | X17: ='Data Ocupacion'!AT56 -> 1 | Y17: ='Data Ocupacion'!AV56 -> 1 | Z17: ='Data Ocupacion'!AX56 -> 1 | AA17: ='Data Ocupacion'!AZ56 -> 1 | AB17: ='Data Ocupacion'!BB56 -> 1 | AC17: ='Data Ocupacion'!BD56 -> 0 | AD17: ='Data Ocupacion'!BF56 -> 0 | AE17: ='Data Ocupacion'!BH56 -> 1 | AF17: ='Data Ocupacion'!BJ56 -> 2
A18: Trenes EB-PU | B18: 25.4 | C18: ='Data Ocupacion'!D58 -> 1 | D18: ='Data Ocupacion'!F58 -> 1 | E18: ='Data Ocupacion'!H58 -> 1 | F18: ='Data Ocupacion'!J58 -> 1 | G18: ='Data Ocupacion'!L58 -> 1 | H18: ='Data Ocupacion'!N58 -> 0 | I18: ='Data Ocupacion'!P58 -> 0 | J18: ='Data Ocupacion'!R58 -> 1 | K18: ='Data Ocupacion'!T58 -> 1 | L18: ='Data Ocupacion'!V58 -> 1 | M18: ='Data Ocupacion'!X58 -> 1 | N18: ='Data Ocupacion'!Z58 -> 1 | O18: ='Data Ocupacion'!AB58 -> 0 | P18: ='Data Ocupacion'!AD58 -> 0 | Q18: ='Data Ocupacion'!AF58 -> 1 | R18: ='Data Ocupacion'!AH58 -> 1 | S18: ='Data Ocupacion'!AJ58 -> 1 | T18: ='Data Ocupacion'!AL58 -> 1 | U18: ='Data Ocupacion'!AN58 -> 1 | V18: ='Data Ocupacion'!AP58 -> 0 | W18: ='Data Ocupacion'!AR58 -> 0 | X18: ='Data Ocupacion'!AT58 -> 1 | Y18: ='Data Ocupacion'!AV58 -> 1 | Z18: ='Data Ocupacion'!AX58 -> 1 | AA18: ='Data Ocupacion'!AZ58 -> 1 | AB18: ='Data Ocupacion'!BB58 -> 1 | AC18: ='Data Ocupacion'!BD58 -> 0 | AD18: ='Data Ocupacion'!BF58 -> 0 | AE18: ='Data Ocupacion'!BH58 -> 1 | AF18: ='Data Ocupacion'!BJ58 -> 1
A19: Trenes PU-EB | B19: 25.4 | C19: 0 | D19: 0 | E19: 0 | F19: 0 | G19: 0 | H19: ='Data Ocupacion'!N57 -> 0 | I19: ='Data Ocupacion'!P57 -> 0 | J19: ='Data Ocupacion'!R57 -> 0 | K19: ='Data Ocupacion'!T57 -> 0 | L19: 0 | M19: 0 | N19: 0 | O19: 0 | P19: 0 | Q19: 0 | R19: 0 | S19: 0 | T19: 0 | U19: 0 | V19: 0 | W19: 0 | X19: 0 | Y19: 0 | Z19: 0 | AA19: 0 | AB19: 0 | AC19: 0 | AD19: 0 | AE19: 0 | AF19: 0
A20: Trenes PU-ES | B20: 11.7
A21: Trenes LI-QU | B21: 21.7
A22: Trenes VM-LI | B22: 34.83 | C22: ='Data Ocupacion'!D59 -> 0 | D22: ='Data Ocupacion'!F59 -> 0 | AB22: ='Data Ocupacion'!BB59 -> 0 | AC22: ='Data Ocupacion'!BD59 -> 0 | AD22: ='Data Ocupacion'!BF59 -> 0 | AE22: ='Data Ocupacion'!BH59 -> 0 | AF22: ='Data Ocupacion'!BJ59 -> 0
A23: Trenes VM-PU | B23: 8.3 | C23: ='Data Ocupacion'!D60 -> 0 | D23: ='Data Ocupacion'!F60 -> 0 | AB23: ='Data Ocupacion'!BB60 -> 0 | AC23: ='Data Ocupacion'!BD60 -> 0 | AD23: ='Data Ocupacion'!BF60 -> 0 | AE23: ='Data Ocupacion'!BH60 -> 0 | AF23: ='Data Ocupacion'!BJ60 -> 0
A25: Corte EB (600) | B25: -17.73 | C25: ='KM-Servicio'!P5 -> 0 | D25: ='KM-Servicio'!P12 -> 5 | E25: ='KM-Servicio'!P19 -> 6 | F25: ='KM-Servicio'!P26 -> 5 | G25: ='KM-Servicio'!P33 -> 5 | H25: ='KM-Servicio'!P40 -> 0 | I25: ='KM-Servicio'!P47 -> 0 | J25: ='KM-Servicio'!P54 -> 0 | K25: ='KM-Servicio'!P61 -> 3 | L25: ='KM-Servicio'!P68 -> 2 | M25: ='KM-Servicio'!P75 -> 0 | N25: ='KM-Servicio'!P82 -> 5 | O25: ='KM-Servicio'!P89 -> 0 | P25: ='KM-Servicio'!P96 -> 0 | Q25: ='KM-Servicio'!P103 -> 4 | R25: ='KM-Servicio'!P110 -> 4 | S25: ='KM-Servicio'!P117 -> 4 | T25: ='KM-Servicio'!P124 -> 5 | U25: ='KM-Servicio'!P131 -> 4 | V25: ='KM-Servicio'!P138 -> 0 | W25: ='KM-Servicio'!P145 -> 0 | X25: ='KM-Servicio'!P152 -> 5 | Y25: ='KM-Servicio'!P159 -> 6 | Z25: ='KM-Servicio'!P166 -> 4 | AA25: ='KM-Servicio'!P173 -> 5 | AB25: ='KM-Servicio'!P180 -> 3 | AC25: ='KM-Servicio'!P187 -> 0 | AD25: ='KM-Servicio'!P194 -> 0 | AE25: ='KM-Servicio'!P201 -> 4 | AF25: ='KM-Servicio'!P208 -> 5 | AH25: =SUM(C25:AF25) -> 84
A26: Acople EB (600) | B26: -17.73 | C26: ='KM-Servicio'!S6 -> 0 | D26: ='KM-Servicio'!S13 -> 0 | E26: ='KM-Servicio'!S20 -> 0 | F26: ='KM-Servicio'!S27 -> 0 | G26: ='KM-Servicio'!S34 -> 0 | H26: ='KM-Servicio'!S41 -> 0 | I26: ='KM-Servicio'!S48 -> 0 | J26: ='KM-Servicio'!S55 -> 0 | K26: ='KM-Servicio'!S62 -> 0 | L26: ='KM-Servicio'!S69 -> 0 | M26: ='KM-Servicio'!S76 -> 0 | N26: ='KM-Servicio'!S83 -> 0 | O26: ='KM-Servicio'!S90 -> 0 | P26: ='KM-Servicio'!S97 -> 0 | Q26: ='KM-Servicio'!S104 -> 0 | R26: ='KM-Servicio'!S111 -> 0 | S26: ='KM-Servicio'!S118 -> 0 | T26: ='KM-Servicio'!S125 -> 0 | U26: ='KM-Servicio'!S132 -> 0 | V26: ='KM-Servicio'!S139 -> 0 | W26: ='KM-Servicio'!S146 -> 0 | X26: ='KM-Servicio'!S153 -> 0 | Y26: ='KM-Servicio'!S160 -> 0 | Z26: ='KM-Servicio'!S167 -> 0 | AA26: ='KM-Servicio'!S174 -> 0 | AB26: ='KM-Servicio'!S181 -> 0 | AC26: ='KM-Servicio'!S188 -> 0 | AD26: ='KM-Servicio'!S195 -> 0 | AE26: ='KM-Servicio'!S202 -> 0 | AF26: ='KM-Servicio'!S209 -> 0
A27: Acople/Corte SA (600) | B27: -14.02 | C27: ='KM-Servicio'!T6 -> 0 | D27: ='KM-Servicio'!T13 -> 0 | E27: ='KM-Servicio'!T20 -> 0 | F27: ='KM-Servicio'!T27 -> 0 | G27: ='KM-Servicio'!T34 -> 0 | H27: ='KM-Servicio'!T41 -> 0 | I27: ='KM-Servicio'!T48 -> 0 | J27: ='KM-Servicio'!T55 -> 0 | K27: ='KM-Servicio'!T62 -> 0 | L27: ='KM-Servicio'!T69 -> 0 | M27: ='KM-Servicio'!T76 -> 0 | N27: ='KM-Servicio'!T83 -> 0 | O27: ='KM-Servicio'!T90 -> 0 | P27: ='KM-Servicio'!T97 -> 0 | Q27: ='KM-Servicio'!T104 -> 0 | R27: ='KM-Servicio'!T111 -> 0 | S27: ='KM-Servicio'!T118 -> 0 | T27: ='KM-Servicio'!T125 -> 0 | U27: ='KM-Servicio'!T132 -> 0 | V27: ='KM-Servicio'!T139 -> 0 | W27: ='KM-Servicio'!T146 -> 0 | X27: ='KM-Servicio'!T153 -> 0 | Y27: ='KM-Servicio'!T160 -> 0 | Z27: ='KM-Servicio'!T167 -> 0 | AA27: ='KM-Servicio'!T174 -> 0 | AB27: ='KM-Servicio'!T181 -> 0 | AC27: ='KM-Servicio'!T188 -> 0 | AD27: ='KM-Servicio'!T195 -> 0 | AE27: ='KM-Servicio'!T202 -> 0 | AF27: ='KM-Servicio'!T209 -> 0
A28: Corte EB (400) | B28: -3.71 | E28: ='KM-Servicio'!P21 -> 0 | G28: ='KM-Servicio'!P35 -> 0 | N28: ='KM-Servicio'!P84 -> 0
A29: Acople EB (600) vía 1 | B29: -25.4 | C29: 4 | J29: 6 | K29: 3 | L29: 6 | M29: 7 | N29: 5 | Q29: 4 | R29: 5 | S29: 4 | T29: 7 | U29: 4 | X29: 4 | Y29: 6 | Z29: 5 | AA29: 6 | AB29: 5 | AE29: 5 | AF29: 7 | AH29: =SUM(C29:AF29) -> 93
A30: Corte PE (600) vía 1 | B30: -12.73
A31: Corte PE (600) | B31: -12.73
A32: Corte EB (600) vía 2 | B32: -25.4 | AC32: 0
A34: Servicios | B34: =SUM(C34:AF34) -> 5025 | C34: =SUM(C5:C12) -> 184 | D34: =SUM(D5:D12) -> 184 | E34: =SUM(E5:E10) -> 183 | F34: =SUM(F5:F10) -> 184 | G34: =SUM(G5:G10) -> 183 | H34: =SUM(H5:H10) -> 143 | I34: =SUM(I5:I10) -> 111 | J34: =SUM(J5:J10) -> 184 | K34: =SUM(K5:K12) -> 184 | L34: =SUM(L5:L10) -> 184 | M34: =SUM(M5:M10) -> 184 | N34: =SUM(N5:N10) -> 183 | O34: =SUM(O5:O10) -> 143 | P34: =SUM(P5:P10) -> 111 | Q34: =SUM(Q5:Q10) -> 184 | R34: =SUM(R5:R10) -> 184 | S34: =SUM(S5:S10) -> 184 | ... AA34: =SUM(AA5:AA10) -> 172 | AB34: =SUM(AB5:AB12) -> 172 | AC34: =SUM(AC5:AC12) -> 143 | AD34: =SUM(AD5:AD12) -> 111 | AE34: =SUM(AE5:AE12) -> 184 | AF34: =SUM(AF5:AF12) -> 172
A35: Trenes | B35: =SUM(C35:AF35) -> 7379 | C35: =SUM(C14:C23) -> 294 | D35: =SUM(D14:D23) -> 296 | E35: =SUM(E14:E19) -> 287 | F35: =SUM(F14:F19) -> 293 | G35: =SUM(G14:G19) -> 291 | H35: =SUM(H14:H19) -> 146 | I35: =SUM(I14:I19) -> 114 | J35: =SUM(J14:J19) -> 285 | K35: =SUM(K14:K21) -> 284 | L35: =SUM(L14:L19) -> 280 | M35: =SUM(M14:M19) -> 286 | N35: =SUM(N14:N19) -> 284 | O35: =SUM(O14:O19) -> 146 | P35: =SUM(P14:P19) -> 114 | Q35: =SUM(Q14:Q19) -> 288 | R35: =SUM(R14:R19) -> 292 | S35: =SUM(S14:S19) -> 294 | ... AA35: =SUM(AA14:AA19) -> 280 | AB35: =SUM(AB14:AB23) -> 272 | AC35: =SUM(AC14:AC23) -> 146 | AD35: =SUM(AD14:AD23) -> 114 | AE35: =SUM(AE14:AE23) -> 295 | AF35: =SUM(AF14:AF23) -> 283
A36: Trenes KM | B36: =SUM(C36:AF36) -> 313692.23 | C36: =(C14*$B$14+C15*$B$15+C16*$B$16+C17*$B$17+C19*$B$19+C22*B22+C23*B23+C26*$B$26+C18*$B$18+C25*$B$25+C27*B27+C29*B29) -> 12546.87 | D36: =(D14*$B$14+D15*$B$15+D16*$B$16+D17*$B$17+D19*$B$19+D22*B22+D23*B23+D26*$B$26+D18*$B$18+D25*$B$25+D27*B27+D29*B29) -> 12646.08 | E36: =(E14*$B$14+E15*$B$15+E16*$B$16+E17*$B$17+E19*$B$19+E26*$B$26+E18*$B$18+E25*$B$25+E27*B27+E28*B28) -> 12240.18 | F36: =(F14*$B$14+F15*$B$15+F16*$B$16+F17*$B$17+F19*$B$19+F26*$B$26+F18*$B$18+F25*$B$25+F29*B29) -> 12516.69 | G36: =(G14*$B$14+G15*$B$15+G16*$B$16+G17*$B$17+G19*$B$19+G26*$B$26+G18*$B$18+G25*$B$25+G27*B27+G28*B28+G29*B29) -> 12430.43 | H36: =(H14*$B$14+H15*$B$15+H16*$B$16+H17*$B$17+H19*$B$19+H26*$B$26+H18*$B$18+H25*$B$25+H27*B27+H28*B28+H29*B29) -> 6296.98 | I36: =(I14*$B$14+I15*$B$15+I16*$B$16+I17*$B$17+I19*$B$19+I26*$B$26+I18*$B$18+I25*$B$25+I27*B27+I28*B28+I29*B29) -> 4916.82 | J36: =(J14*$B$14+J15*$B$15+J16*$B$16+J17*$B$17+J19*$B$19+J26*$B$26+J18*$B$18+J25*$B$25+J27*B27+J28*B28+J29*B29) -> 12107.9 | K36: =(K14*$B$14+K15*$B$15+K16*$B$16+K17*$B$17+K19*$B$19+K26*$B$26+K18*$B$18+K25*$B$25+K27*B27+K28*B28+K29*B29) -> 12087.78 | L36: =(L14*$B$14+L15*$B$15+L16*$B$16+L17*$B$17+L19*$B$19+L26*$B$26+L18*$B$18+L25*$B$25+L27*B27+L28*B28+L29*B29) -> 11856.79 | M36: =(M14*$B$14+M15*$B$15+M16*$B$16+M17*$B$17+M19*$B$19+M26*$B$26+M18*$B$18+M25*$B$25+M29*B29) -> 12125.63 | N36: =(N14*$B$14+N15*$B$15+N16*$B$16+N17*$B$17+N19*$B$19+N26*$B$26+N18*$B$18+N25*$B$25+N27*B27+N28*B28+N29*B29) -> 12001.52 | O36: =(O14*$B$14+O15*$B$15+O16*$B$16+O17*$B$17+O19*$B$19+O26*$B$26+O18*$B$18+O25*$B$25+O29*B29) -> 6296.98 | P36: =(P14*$B$14+P15*$B$15+P16*$B$16+P17*$B$17+P19*$B$19+P26*$B$26+P18*$B$18+P25*$B$25+P29*B29) -> 4916.82 | Q36: =(Q14*$B$14+Q15*$B$15+Q16*$B$16+Q17*$B$17+Q19*$B$19+Q26*$B$26+Q18*$B$18+Q25*$B$25+Q29*B29) -> 12217.17 | R36: =(R14*$B$14+R15*$B$15+R16*$B$16+R17*$B$17+R19*$B$19+R26*$B$26+R18*$B$18+R25*$B$25+R29*B29) -> 12364.29 | S36: =(S14*$B$14+S15*$B$15+S16*$B$16+S17*$B$17+S19*$B$19+S26*$B$26+S18*$B$18+S25*$B$25+S29*$B$29) -> 12475.95 | T36: =(T14*$B$14+T15*$B$15+T16*$B$16+T17*$B$17+T19*$B$19+T26*$B$26+T18*$B$18+T25*$B$25+T29*$B$29) -> 12597.67 | U36: =(U14*$B$14+U15*$B$15+U16*$B$16+U17*$B$17+U19*$B$19+U26*$B$26+U18*$B$18+U25*$B$25+U29*$B$29) -> 12130.91 | V36: =(V14*$B$14+V15*$B$15+V16*$B$16+V17*$B$17+V19*$B$19+V26*$B$26+V18*$B$18+V25*$B$25+V29*$B$29) -> 6296.98 | W36: =(W14*$B$14+W15*$B$15+W16*$B$16+W17*$B$17+W19*$B$19+W26*$B$26+W18*$B$18+W25*$B$25+W29*$B$29) -> 4916.82 | X36: =(X14*$B$14+X15*$B$15+X16*$B$16+X17*$B$17+X19*$B$19+X26*$B$26+X18*$B$18+X25*$B$25+X29*$B$29) -> 12285.7 | Y36: =(Y14*$B$14+Y15*$B$15+Y16*$B$16+Y17*$B$17+Y19*$B$19+Y26*$B$26+Y18*$B$18+Y25*$B$25+Y29*$B$29) -> 12217.17 | Z36: =(Z14*$B$14+Z15*$B$15+Z16*$B$16+Z17*$B$17+Z19*$B$19+Z26*$B$26+Z18*$B$18+Z25*$B$25+Z29*$B$29) -> 12278.03 | ... AF36: =(AF14*$B$14+AF15*$B$15+AF16*$B$16+AF17*$B$17+AF19*$B$19+AF26*$B$26+AF18*$B$18+AF25*$B$25+AF29*$B$29) -> 11893.57
A37: Servicios KM | B37: =SUM(C37:AF37) -> 216029.75 | C37: =$B$5*C5+$B$6*C6+$B$7*C7+$B$8*C8+$B$10*C10+$B$9*C9+C11*B11+C12*B12 -> 7904.17 | D37: =$B$5*D5+$B$6*D6+$B$7*D7+$B$8*D8+$B$10*D10+$B$9*D9+D11*B11+D12*B12 -> 7904.17 | E37: =$B$5*E5+$B$6*E6+$B$7*E7+$B$8*E8+$B$10*E10+$B$9*E9 -> 7861.04 | F37: =$B$5*F5+$B$6*F6+$B$7*F7+$B$8*F8+$B$10*F10+$B$9*F9 -> 7904.17 | G37: =$B$5*G5+$B$6*G6+$B$7*G7+$B$8*G8+$B$10*G10+$B$9*G9 -> 7861.04 | H37: =$B$5*H5+$B$6*H6+$B$7*H7+$B$8*H8+$B$10*H10+$B$9*H9 -> 6167.59 | I37: =$B$5*I5+$B$6*I6+$B$7*I7+$B$8*I8+$B$10*I10+$B$9*I9 -> 4787.43 | J37: =$B$5*J5+$B$6*J6+$B$7*J7+$B$8*J8+$B$10*J10+$B$9*J9 -> 7904.17 | K37: =$B$5*K5+$B$6*K6+$B$7*K7+$B$8*K8+$B$10*K10+$B$9*K9 -> 7904.17 | L37: =$B$5*L5+$B$6*L6+$B$7*L7+$B$8*L8+$B$10*L10+$B$9*L9 -> 7904.17 | ... AA37: =$B$5*AA5+$B$6*AA6+$B$7*AA7+$B$8*AA8+$B$10*AA10+$B$9*AA9 -> 7386.61 | AB37: =$B$5*AB5+$B$6*AB6+$B$7*AB7+$B$8*AB8+$B$10*AB10+$B$9*AB9+AB11*B11+AB12*B12 -> 7386.61 | AC37: =$B$5*AC5+$B$6*AC6+$B$7*AC7+$B$8*AC8+$B$10*AC10+$B$9*AC9+AC11*B11+AC12*B12 -> 6167.59 | AD37: =$B$5*AD5+$B$6*AD6+$B$7*AD7+$B$8*AD8+$B$10*AD10+$B$9*AD9+AD11*B11+AD12*B12 -> 4787.43 | AE37: =$B$5*AE5+$B$6*AE6+$B$7*AE7+$B$8*AE8+$B$10*AE10+$B$9*AE9+AE11*B11+AE12*B12 -> 7904.17 | AF37: =$B$5*AF5+$B$6*AF6+$B$7*AF7+$B$8*AF8+$B$10*AF10+$B$9*AF9+AF11*C11+AF12*C12 -> 7386.61
A38: Asientos KM | B38: =SUM(C38:AF38) -> 32623992 | C38: =C36*104 -> 1304874.5 | D38: =D36*104 -> 1315192.3 | E38: =E36*104 -> 1272978.7 | F38: =F36*104 -> 1301735.8 | G38: =G36*104 -> 1292764.7 | H38: =H36*104 -> 654885.92 | I38: =I36*104 -> 511349.28 | J38: =J36*104 -> 1259221.6 | ... AF38: =AF36*104 -> 1236931.3
A39: Coches KM | B39: =SUM(C39:AF39) -> 627384.46 | C39: =C36*2 -> 25093.74 | D39: =D36*2 -> 25292.16 | E39: =E36*2 -> 24480.36 | F39: =F36*2 -> 25033.38 | G39: =G36*2 -> 24860.86 | H39: =H36*2 -> 12593.96 | I39: =I36*2 -> 9833.64 | J39: =J36*2 -> 24215.8 | ... AF39: =AF36*2 -> 23787.14
A40: Capacidad Total | B40: =SUM(C40:AF40) -> 2671198 | C40: =+C35*362 -> 106428 | D40: =+D35*362 -> 107152 | E40: =+E35*362 -> 103894 | F40: =+F35*362 -> 106066 | G40: =+G35*362 -> 105342 | H40: =+H35*362 -> 52852 | I40: =+I35*362 -> 41268 | J40: =+J35*362 -> 103170 | ... AF40: =+AF35*362 -> 102446
A41: Ton Km Brutas | B41: =SUM(C41:AF41) -> 24875794 | C41: =C36*79.3 -> 994966.79 | D41: =D36*79.3 -> 1002834.1 | E41: =E36*79.3 -> 970646.27 | F41: =F36*79.3 -> 992573.52 | G41: =G36*79.3 -> 985733.1 | H41: =H36*79.3 -> 499350.51 | I41: =I36*79.3 -> 389903.83 | J41: =J36*79.3 -> 960156.47 | ... AF41: =AF36*79.3 -> 943160.1
E47: 313692.23

Sheet Data Ocupacion
D1: 45383 | F1: 45384 | H1: 45385 | J1: 45386 | L1: 45387 | N1: 45388 | P1: 45389 | R1: 45390 | T1: 45391 | V1: 45392 | X1: 45393 | Z1: 45394 | AB1: 45395 | AD1: 45396 | AF1: 45397 | AH1: 45398 | AJ1: 45399 | AL1: 45400 | AN1: 45401 | AP1: 45402 | AR1: 45403 | AT1: 45404 | AV1: 45405 | AX1: 45406 | AZ1: 45407 | BB1: 45408 | BD1: 45409 | BF1: 45410 | BH1: 45411 | BJ1: 45412
D2: S | E2: M | F2: S | G2: M | H2: S | I2: M | J2: S | K2: M | L2: S | M2: M | N2: S | O2: M | P2: S | Q2: M | R2: S | S2: M | T2: S | U2: M | V2: S | W2: M | X2: S | Y2: M | Z2: S | AA2: M | AB2: S | AC2: M | AD2: S | AE2: M | AF2: S | AG2: M | AH2: S | AI2: M | AJ2: S | AK2: M | AL2: S | AM2: M | AN2: S | AO2: M | AP2: S | AQ2: M | AR2: S | AS2: M | AT2: S | AU2: M | AV2: S | AW2: M | AX2: S | AY2: M | AZ2: S | BA2: M | BB2: S | BC2: M | BD2: S | BE2: M | BF2: S | BG2: M | BH2: S | BI2: M | BJ2: S | BK2: M
A3: Servicios PU-SA | D3: 0 | E3: 0 | F3: 0 | G3: 0 | H3: 0 | I3: 0 | J3: 0 | K3: 0 | L3: 0 | M3: 0 | N3: 0 | O3: 0 | P3: 0 | Q3: 0 | R3: 0 | S3: 0 | T3: 0 | U3: 0 | V3: 0 | W3: 0 | X3: 0 | Y3: 0 | Z3: 0 | AA3: 0 | AB3: 0 | AC3: 0 | AD3: 0 | AE3: 0 | AF3: 0 | AG3: 0 | AH3: 0 | AI3: 0 | AJ3: 0 | AK3: 0 | AL3: 0 | AM3: 0 | AN3: 0 | AO3: 0 | AP3: 0 | AQ3: 0 | AR3: 0 | AS3: 0 | AT3: 0 | AU3: 0 | AV3: 0 | AW3: 0 | AX3: 0 | AY3: 0 | AZ3: 0 | BA3: 0 | BB3: 0 | BC3: 0 | BD3: 0 | BE3: 0 | BF3: 0 | BG3: 0 | BH3: 0 | BI3: 0 | BJ3: 0 | BK3: 0
A4: Servicios PU-EB | D4: 0 | E4: 0 | F4: 0 | G4: 0 | H4: 0 | I4: 0 | J4: 0 | K4: 0 | L4: 0 | M4: 0 | N4: 0 | O4: 0 | P4: 0 | Q4: 0 | R4: 0 | S4: 0 | T4: 0 | U4: 0 | V4: 0 | W4: 0 | X4: 0 | Y4: 0 | Z4: 0 | AA4: 0 | AB4: 0 | AC4: 0 | AD4: 0 | AE4: 0 | AF4: 0 | AG4: 0 | AH4: 0 | AI4: 0 | AJ4: 0 | AK4: 0 | AL4: 0 | AM4: 0 | AN4: 0 | AO4: 0 | AP4: 0 | AQ4: 0 | AR4: 0 | AS4: 0 | AT4: 0 | AU4: 0 | AV4: 0 | AW4: 0 | AX4: 0 | AY4: 0 | AZ4: 0 | BA4: 0 | BB4: 0 | BC4: 0 | BD4: 0 | BE4: 0 | BF4: 0 | BG4: 0 | BH4: 0 | BI4: 0 | BJ4: 0 | BK4: 0
A5: Servicios PU-LI | D5: 1 | E5: 14 | F5: 1 | G5: 14 | H5: 2 | I5: 13 | J5: 1 | K5: 14 | L5: 1 | M5: 14 | N5: 0 | O5: 0 | P5: 0 | Q5: 0 | R5: 1 | S5: 14 | T5: 3 | U5: 12 | V5: 5 | W5: 10 | X5: 3 | Y5: 12 | Z5: 3 | AA5: 12 | AB5: 0 | AC5: 0 | AD5: 0 | AE5: 0 | AF5: 2 | AG5: 13 | AH5: 3 | AI5: 12 | AJ5: 1 | AK5: 14 | AL5: 1 | AM5: 14 | AN5: 1 | AO5: 14 | AP5: 0 | AQ5: 0 | AR5: 0 | AS5: 0 | AT5: 1 | AU5: 14 | AV5: 1 | AW5: 14 | AX5: 1 | AY5: 14 | AZ5: 1 | BA5: 14 | BB5: 1 | BC5: 11 | BD5: 0 | BE5: 0 | BF5: 0 | BG5: 0 | BH5: 1 | BI5: 14 | BJ5: 0 | BK5: 12
A6: Servicios SA-PU | D6: 0 | E6: 0 | F6: 0 | G6: 0 | H6: 0 | I6: 0 | J6: 0 | K6: 0 | L6: 0 | M6: 0 | N6: 0 | O6: 0 | P6: 0 | Q6: 0 | R6: 0 | S6: 0 | T6: 0 | U6: 0 | V6: 0 | W6: 0 | X6: 0 | Y6: 0 | Z6: 0 | AA6: 0 | AB6: 0 | AC6: 0 | AD6: 0 | AE6: 0 | AF6: 0 | AG6: 0 | AH6: 0 | AI6: 0 | AJ6: 0 | AK6: 0 | AL6: 0 | AM6: 0 | AN6: 0 | AO6: 0 | AP6: 0 | AQ6: 0 | AR6: 0 | AS6: 0 | AT6: 0 | AU6: 0 | AV6: 0 | AW6: 0 | AX6: 0 | AY6: 0 | AZ6: 0 | BA6: 0 | BB6: 0 | BC6: 0 | BD6: 0 | BE6: 0 | BF6: 0 | BG6: 0 | BH6: 0 | BI6: 0 | BJ6: 0 | BK6: 0
A7: Servicios EB-PU | D7: 0 | E7: 0 | F7: 0 | G7: 0 | H7: 0 | I7: 0 | J7: 0 | K7: 0 | L7: 0 | M7: 0 | N7: 0 | O7: 0 | P7: 0 | Q7: 0 | R7: 0 | S7: 0 | T7: 0 | U7: 0 | V7: 0 | W7: 0 | X7: 0 | Y7: 0 | Z7: 0 | AA7: 0 | AB7: 0 | AC7: 0 | AD7: 0 | AE7: 0 | AF7: 0 | AG7: 0 | AH7: 0 | AI7: 0 | AJ7: 0 | AK7: 0 | AL7: 0 | AM7: 0 | AN7: 0 | AO7: 0 | AP7: 0 | AQ7: 0 | AR7: 0 | AS7: 0 | AT7: 0 | AU7: 0 | AV7: 0 | AW7: 0 | AX7: 0 | AY7: 0 | AZ7: 0 | BA7: 0 | BB7: 0 | BC7: 0 | BD7: 0 | BE7: 0 | BF7: 0 | BG7: 0 | BH7: 0 | BI7: 0 | BJ7: 0 | BK7: 0
A8: Servicios LI-PU | D8: 3 | E8: 11 | F8: 3 | G8: 11 | H8: 4 | I8: 10 | J8: 3 | K8: 11 | L8: 3 | M8: 11 | N8: 0 | O8: 0 | P8: 0 | Q8: 0 | R8: 3 | S8: 11 | T8: 5 | U8: 9 | V8: 7 | W8: 7 | X8: 5 | Y8: 9 | Z8: 5 | AA8: 9 | AB8: 0 | AC8: 0 | AD8: 0 | AE8: 0 | AF8: 4 | AG8: 10 | AH8: 5 | AI8: 9 | AJ8: 3 | AK8: 11 | AL8: 3 | AM8: 11 | AN8: 4 | AO8: 10 | AP8: 0 | AQ8: 0 | AR8: 0 | AS8: 0 | AT8: 3 | AU8: 11 | AV8: 3 | AW8: 11 | AX8: 3 | AY8: 11 | AZ8: 2 | BA8: 11 | BB8: 0 | BC8: 10 | BD8: 0 | BE8: 0 | BF8: 0 | BG8: 0 | BH8: 3 | BI8: 11 | BJ8: 0 | BK8: 10
A10: Servicios PU-SA | D10: 0 | E10: 0 | F10: 0 | G10: 0 | H10: 0 | I10: 0 | J10: 0 | K10: 0 | L10: 0 | M10: 0 | N10: 0 | O10: 0 | P10: 0 | Q10: 0 | R10: 0 | S10: 0 | T10: 0 | U10: 0 | V10: 0 | W10: 0 | X10: 0 | Y10: 0 | Z10: 0 | AA10: 0 | AB10: 0 | AC10: 0 | AD10: 0 | AE10: 0 | AF10: 0 | AG10: 0 | AH10: 0 | AI10: 0 | AJ10: 0 | AK10: 0 | AL10: 0 | AM10: 0 | AN10: 0 | AO10: 0 | AP10: 0 | AQ10: 0 | AR10: 0 | AS10: 0 | AT10: 0 | AU10: 0 | AV10: 0 | AW10: 0 | AX10: 0 | AY10: 0 | AZ10: 0 | BA10: 0 | BB10: 0 | BC10: 0 | BD10: 0 | BE10: 0 | BF10: 0 | BG10: 0 | BH10: 0 | BI10: 0 | BJ10: 0 | BK10: 0
A11: Servicios PU-EB | D11: 0 | E11: 0 | F11: 0 | G11: 0 | H11: 0 | I11: 0 | J11: 0 | K11: 0 | L11: 0 | M11: 0 | N11: 0 | O11: 0 | P11: 0 | Q11: 0 | R11: 0 | S11: 0 | T11: 0 | U11: 0 | V11: 0 | W11: 0 | X11: 0 | Y11: 0 | Z11: 0 | AA11: 0 | AB11: 0 | AC11: 0 | AD11: 0 | AE11: 0 | AF11: 0 | AG11: 0 | AH11: 0 | AI11: 0 | AJ11: 0 | AK11: 0 | AL11: 0 | AM11: 0 | AN11: 0 | AO11: 0 | AP11: 0 | AQ11: 0 | AR11: 0 | AS11: 0 | AT11: 0 | AU11: 0 | AV11: 0 | AW11: 0 | AX11: 0 | AY11: 0 | AZ11: 0 | BA11: 0 | BB11: 0 | BC11: 0 | BD11: 0 | BE11: 0 | BF11: 0 | BG11: 0 | BH11: 0 | BI11: 0 | BJ11: 0 | BK11: 0
A12: Servicios PU-LI | D12: 34 | E12: 34 | F12: 32 | G12: 36 | H12: 37 | I12: 30 | J12: 35 | K12: 33 | L12: 35 | M12: 32 | N12: 67 | O12: 3 | P12: 51 | Q12: 3 | R12: 36 | S12: 32 | T12: 38 | U12: 30 | V12: 38 | W12: 30 | X12: 38 | Y12: 30 | Z12: 38 | AA12: 30 | AB12: 67 | AC12: 3 | AD12: 51 | AE12: 3 | AF12: 38 | AG12: 30 | AH12: 32 | AI12: 36 | AJ12: 34 | AK12: 34 | AL12: 30 | AM12: 38 | AN12: 39 | AO12: 29 | AP12: 67 | AQ12: 3 | AR12: 51 | AS12: 3 | AT12: 38 | AU12: 30 | AV12: 38 | AW12: 30 | AX12: 38 | AY12: 30 | AZ12: 26 | BA12: 35 | BB12: 35 | BC12: 31 | BD12: 67 | BE12: 3 | BF12: 51 | BG12: 3 | BH12: 33 | BI12: 35 | BJ12: 27 | BK12: 38
A13: Servicios SA-PU | D13: 1 | E13: 0 | F13: 1 | G13: 0 | H13: 1 | I13: 0 | J13: 1 | K13: 0 | L13: 1 | M13: 0 | N13: 0 | O13: 0 | P13: 0 | Q13: 0 | R13: 1 | S13: 0 | T13: 1 | U13: 0 | V13: 1 | W13: 0 | X13: 1 | Y13: 0 | Z13: 1 | AA13: 0 | AB13: 0 | AC13: 0 | AD13: 0 | AE13: 0 | AF13: 1 | AG13: 0 | AH13: 1 | AI13: 0 | AJ13: 1 | AK13: 0 | AL13: 1 | AM13: 0 | AN13: 1 | AO13: 0 | AP13: 0 | AQ13: 0 | AR13: 0 | AS13: 0 | AT13: 1 | AU13: 0 | AV13: 1 | AW13: 0 | AX13: 1 | AY13: 0 | AZ13: 1 | BA13: 0 | BB13: 1 | BC13: 0 | BD13: 0 | BE13: 0 | BF13: 0 | BG13: 0 | BH13: 1 | BI13: 0 | BJ13: 0 | BK13: 1
A14: Servicios EB-PU | D14: 1 | E14: 0 | F14: 1 | G14: 0 | H14: 1 | I14: 0 | J14: 1 | K14: 0 | L14: 1 | M14: 0 | N14: 0 | O14: 0 | P14: 0 | Q14: 0 | R14: 1 | S14: 0 | T14: 1 | U14: 0 | V14: 1 | W14: 0 | X14: 1 | Y14: 0 | Z14: 1 | AA14: 0 | AB14: 0 | AC14: 0 | AD14: 0 | AE14: 0 | AF14: 1 | AG14: 0 | AH14: 1 | AI14: 0 | AJ14: 1 | AK14: 0 | AL14: 1 | AM14: 0 | AN14: 1 | AO14: 0 | AP14: 0 | AQ14: 0 | AR14: 0 | AS14: 0 | AT14: 1 | AU14: 0 | AV14: 1 | AW14: 0 | AX14: 1 | AY14: 0 | AZ14: 1 | BA14: 0 | BB14: 1 | BC14: 0 | BD14: 0 | BE14: 0 | BF14: 0 | BG14: 0 | BH14: 1 | BI14: 0 | BJ14: 1 | BK14: 0
A15: Servicios LI-PU | D15: 33 | E15: 36 | F15: 33 | G15: 36 | H15: 33 | I15: 36 | J15: 33 | K15: 36 | L15: 33 | M15: 36 | N15: 73 | O15: 0 | P15: 57 | Q15: 0 | R15: 36 | S15: 33 | T15: 34 | U15: 35 | V15: 34 | W15: 35 | X15: 33 | Y15: 36 | Z15: 32 | AA15: 36 | AB15: 73 | AC15: 0 | AD15: 57 | AE15: 0 | AF15: 33 | AG15: 36 | AH15: 33 | AI15: 36 | AJ15: 33 | AK15: 36 | AL15: 32 | AM15: 37 | AN15: 34 | AO15: 35 | AP15: 73 | AQ15: 0 | AR15: 57 | AS15: 0 | AT15: 33 | AU15: 36 | AV15: 33 | AW15: 36 | AX15: 33 | AY15: 36 | AZ15: 30 | BA15: 34 | BB15: 33 | BC15: 34 | BD15: 73 | BE15: 0 | BF15: 57 | BG15: 0 | BH15: 33 | BI15: 36 | BJ15: 32 | BK15: 35
... A22: Servicios LI-PU | D22: 1 | E22: 6 | F22: 1 | G22: 6 | H22: 1 | I22: 6 | J22: 1 | K22: 6 | L22: 1 | M22: 6 | N22: 0 | O22: 0 | P22: 0 | Q22: 0 | R22: 1 | S22: 6 | T22: 1 | U22: 6 | V22: 1 | W22: 6 | X22: 1 | Y22: 6 | Z22: 1 | AA22: 6 | AB22: 0 | AC22: 0 | AD22: 0 | AE22: 0 | AF22: 1 | AG22: 6 | AH22: 1 | AI22: 6 | AJ22: 1 | AK22: 6 | AL22: 1 | AM22: 6 | AN22: 1 | AO22: 6 | AP22: 0 | AQ22: 0 | AR22: 0 | AS22: 0 | AT22: 1 | AU22: 6 | AV22: 1 | AW22: 6 | AX22: 1 | AY22: 6 | AZ22: 3 | BA22: 5 | BB22: 1 | BC22: 6 | BD22: 0 | BE22: 0 | BF22: 0 | BG22: 0 | BH22: 1 | BI22: 6 | BJ22: 1 | BK22: 6
D25: =SUM(D3:D22) -> 74 | E25: =SUM(E3:E22) -> 110 | F25: =SUM(F3:F22) -> 72 | G25: =SUM(G3:G22) -> 112 | H25: =SUM(H3:H22) -> 79 | I25: =SUM(I3:I22) -> 104 | J25: =SUM(J3:J22) -> 75 | K25: =SUM(K3:K22) -> 109 | ... BK25: =SUM(BK3:BK22) -> 111
A31: Km Servicio
A32: PU - LI | D32: =D5+D12+D19 -> 35 | E32: =E5+E12+E19 -> 57 | F32: =F5+F12+F19 -> 33 | G32: =G5+G12+G19 -> 59 | H32: =H5+H12+H19 -> 39 | I32: =I5+I12+I19 -> 52 | J32: =J5+J12+J19 -> 36 | K32: =K5+K12+K19 -> 56 | ... BK32: =BK5+BK12+BK19 -> 59
A33: LI - PU | D33: =D8+D15+D22 -> 37 | E33: =E8+E15+E22 -> 53 | F33: =F8+F15+F22 -> 37 | G33: =G8+G15+G22 -> 53 | H33: =H8+H15+H22 -> 38 | I33: =I8+I15+I22 -> 52 | J33: =J8+J15+J22 -> 37 | K33: =K8+K15+K22 -> 53 | ... BK33: =BK8+BK15+BK22 -> 51
A34: PU - SA | D34: =D3+D10+D17 -> 0 | E34: =E3+E10+E17 -> 0 | F34: =F3+F10+F17 -> 0 | G34: =G3+G10+G17 -> 0 | H34: =H3+H10+H17 -> 0 | I34: =I3+I10+I17 -> 0 | J34: =J3+J10+J17 -> 0 | K34: =K3+K10+K17 -> 0 | ... BK34: =BK3+BK10+BK17 -> 0
A35: SA - PU | D35: =D6+D13+D20 -> 1 | E35: =E6+E13+E20 -> 0 | F35: =F6+F13+F20 -> 1 | G35: =G6+G13+G20 -> 0 | H35: =H6+H13+H20 -> 1 | I35: =I6+I13+I20 -> 0 | J35: =J6+J13+J20 -> 1 | K35: =K6+K13+K20 -> 0 | ... BK35: =BK6+BK13+BK20 -> 1
A36: PU-EB | D36: =D4+D11+D18 -> 0 | E36: =E4+E11+E18 -> 0 | F36: =F4+F11+F18 -> 0 | G36: =G4+G11+G18 -> 0 | H36: =H4+H11+H18 -> 0 | I36: =I4+I11+I18 -> 0 | J36: =J4+J11+J18 -> 0 | K36: =K4+K11+K18 -> 0 | ... BK36: =BK4+BK11+BK18 -> 0
A37: EB-PU | D37: =D7+D14+D21 -> 1 | E37: =E7+E14+E21 -> 0 | F37: =F7+F14+F21 -> 1 | G37: =G7+G14+G21 -> 0 | H37: =H7+H14+H21 -> 1 | I37: =I7+I14+I21 -> 0 | J37: =J7+J14+J21 -> 1 | K37: =K7+K14+K21 -> 0 | ... BK37: =BK7+BK14+BK21 -> 0
A38: VM-LI
A39: VM-PU
A40: total | D40: =SUM(D32:D39) -> 74 | E40: =SUM(E32:E39) -> 110 | F40: =SUM(F32:F39) -> 72 | G40: =SUM(G32:G39) -> 112 | H40: =SUM(H32:H37) -> 79 | I40: =SUM(I32:I37) -> 104 | J40: =SUM(J32:J37) -> 75 | K40: =SUM(K32:K37) -> 109 | L40: =SUM(L32:L37) -> 75 | M40: =SUM(M32:M37) -> 108 | N40: =SUM(N32:N37) -> 140 | O40: =SUM(O32:O37) -> 3 | ... BA40: =SUM(BA32:BA37) -> 108 | BB40: =SUM(BB32:BB39) -> 72 | BC40: =SUM(BC32:BC39) -> 100 | BD40: =SUM(BD32:BD39) -> 140 | BE40: =SUM(BE32:BE39) -> 3 | BF40: =SUM(BF32:BF39) -> 108 | BG40: =SUM(BG32:BG39) -> 3 | BH40: =SUM(BH32:BH39) -> 73 | BI40: =SUM(BI32:BI39) -> 111 | ... BK40: =SUM(BK32:BK39) -> 111
A42: Servicios
A43: PU - LI | D43: =D5+E5+D12+E12+D19+E19 -> 92 | F43: =F5+G5+F12+G12+F19+G19 -> 92 | H43: =H5+I5+H12+I12+H19+I19 -> 91 | J43: =J5+K5+J12+K12+J19+K19 -> 92 | L43: =L5+M5+L12+M12+L19+M19 -> 91 | N43: =N5+O5+N12+O12+N19+O19 -> 70 | P43: =P5+Q5+P12+Q12+P19+Q19 -> 54 | R43: =R5+S5+R12+S12+R19+S19 -> 92 | T43: =T5+U5+T12+U12+T19+U19 -> 92 | V43: =V5+W5+V12+W12+V19+W19 -> 92 | X43: =X5+Y5+X12+Y12+X19+Y19 -> 92 | Z43: =Z5+AA5+Z12+AA12+Z19+AA19 -> 92 | AB43: =AB5+AC5+AB12+AC12+AB19+AC19 -> 70 | AD43: =AD5+AE5+AD12+AE12+AD19+AE19 -> 54 | AF43: =AF5+AG5+AF12+AG12+AF19+AG19 -> 92 | AH43: =AH5+AI5+AH12+AI12+AH19+AI19 -> 92 | AJ43: =AJ5+AK5+AJ12+AK12+AJ19+AK19 -> 92 | AL43: =AL5+AM5+AL12+AM12+AL19+AM19 -> 92 | AN43: =AN5+AO5+AN12+AO12+AN19+AO19 -> 92 | AP43: =AP5+AQ5+AP12+AQ12+AP19+AQ19 -> 70 | AR43: =AR5+AS5+AR12+AS12+AR19+AS19 -> 54 | AT43: =AT5+AU5+AT12+AU12+AT19+AU19 -> 92 | AV43: =AV5+AW5+AV12+AW12+AV19+AW19 -> 92 | AX43: =AX5+AY5+AX12+AY12+AX19+AY19 -> 92 | AZ43: =AZ5+BA5+AZ12+BA12+AZ19+BA19 -> 85 | BB43: =BB5+BC5+BB12+BC12+BB19+BC19 -> 86 | BD43: =BD5+BE5+BD12+BE12+BD19+BE19 -> 70 | BF43: =BF5+BG5+BF12+BG12+BF19+BG19 -> 54 | BH43: =BH5+BI5+BH12+BI12+BH19+BI19 -> 92 | BJ43: =BJ5+BK5+BJ12+BK12+BJ19+BK19 -> 86
A44: LI - PU | D44: =D8+E8+D15+E15+D22+E22 -> 90 | F44: =F8+G8+F15+G15+F22+G22 -> 90 | H44: =H8+I8+H15+I15+H22+I22 -> 90 | J44: =J8+K8+J15+K15+J22+K22 -> 90 | L44: =L8+M8+L15+M15+L22+M22 -> 90 | N44: =N8+O8+N15+O15+N22+O22 -> 73 | P44: =P8+Q8+P15+Q15+P22+Q22 -> 57 | R44: =R8+S8+R15+S15+R22+S22 -> 90 | T44: =T8+U8+T15+U15+T22+U22 -> 90 | V44: =V8+W8+V15+W15+V22+W22 -> 90 | X44: =X8+Y8+X15+Y15+X22+Y22 -> 90 | Z44: =Z8+AA8+Z15+AA15+Z22+AA22 -> 89 | AB44: =AB8+AC8+AB15+AC15+AB22+AC22 -> 73 | AD44: =AD8+AE8+AD15+AE15+AD22+AE22 -> 57 | AF44: =AF8+AG8+AF15+AG15+AF22+AG22 -> 90 | AH44: =AH8+AI8+AH15+AI15+AH22+AI22 -> 90 | AJ44: =AJ8+AK8+AJ15+AK15+AJ22+AK22 -> 90 | AL44: =AL8+AM8+AL15+AM15+AL22+AM22 -> 90 | AN44: =AN8+AO8+AN15+AO15+AN22+AO22 -> 90 | AP44: =AP8+AQ8+AP15+AQ15+AP22+AQ22 -> 73 | AR44: =AR8+AS8+AR15+AS15+AR22+AS22 -> 57 | AT44: =AT8+AU8+AT15+AU15+AT22+AU22 -> 90 | AV44: =AV8+AW8+AV15+AW15+AV22+AW22 -> 90 | AX44: =AX8+AY8+AX15+AY15+AX22+AY22 -> 90 | AZ44: =AZ8+BA8+AZ15+BA15+AZ22+BA22 -> 85 | BB44: =BB8+BC8+BB15+BC15+BB22+BC22 -> 84 | BD44: =BD8+BE8+BD15+BE15+BD22+BE22 -> 73 | BF44: =BF8+BG8+BF15+BG15+BF22+BG22 -> 57 | BH44: =BH8+BI8+BH15+BI15+BH22+BI22 -> 90 | BJ44: =BJ8+BK8+BJ15+BK15+BJ22+BK22 -> 84
A45: PU - SA | D45: =D3+E3+D10+E10+D17+E17 -> 0 | F45: =F3+G3+F10+G10+F17+G17 -> 0 | H45: =H3+I3+H10+I10+H17+I17 -> 0 | J45: =J3+K3+J10+K10+J17+K17 -> 0 | L45: =L3+M3+L10+M10+L17+M17 -> 0 | N45: =N3+O3+N10+O10+N17+O17 -> 0 | P45: =P3+Q3+P10+Q10+P17+Q17 -> 0 | R45: =R3+S3+R10+S10+R17+S17 -> 0 | T45: =T3+U3+T10+U10+T17+U17 -> 0 | V45: =V3+W3+V10+W10+V17+W17 -> 0 | X45: =X3+Y3+X10+Y10+X17+Y17 -> 0 | Z45: =Z3+AA3+Z10+AA10+Z17+AA17 -> 0 | AB45: =AB3+AC3+AB10+AC10+AB17+AC17 -> 0 | AD45: =AD3+AE3+AD10+AE10+AD17+AE17 -> 0 | AF45: =AF3+AG3+AF10+AG10+AF17+AG17 -> 0 | AH45: =AH3+AI3+AH10+AI10+AH17+AI17 -> 0 | AJ45: =AJ3+AK3+AJ10+AK10+AJ17+AK17 -> 0 | AL45: =AL3+AM3+AL10+AM10+AL17+AM17 -> 0 | AN45: =AN3+AO3+AN10+AO10+AN17+AO17 -> 0 | AP45: =AP3+AQ3+AP10+AQ10+AP17+AQ17 -> 0 | AR45: =AR3+AS3+AR10+AS10+AR17+AS17 -> 0 | AT45: =AT3+AU3+AT10+AU10+AT17+AU17 -> 0 | AV45: =AV3+AW3+AV10+AW10+AV17+AW17 -> 0 | AX45: =AX3+AY3+AX10+AY10+AX17+AY17 -> 0 | AZ45: =AZ3+BA3+AZ10+BA10+AZ17+BA17 -> 0 | BB45: =BB3+BC3+BB10+BC10+BB17+BC17 -> 0 | BD45: =BD3+BE3+BD10+BE10+BD17+BE17 -> 0 | BF45: =BF3+BG3+BF10+BG10+BF17+BG17 -> 0 | BH45: =BH3+BI3+BH10+BI10+BH17+BI17 -> 0 | BJ45: =BJ3+BK3+BJ10+BK10+BJ17+BK17 -> 0
A46: SA - PU | D46: =D6+E6+D13+E13+D20+E20 -> 1 | F46: =F6+G6+F13+G13+F20+G20 -> 1 | H46: =H6+I6+H13+I13+H20+I20 -> 1 | J46: =J6+K6+J13+K13+J20+K20 -> 1 | L46: =L6+M6+L13+M13+L20+M20 -> 1 | N46: =N6+O6+N13+O13+N20+O20 -> 0 | P46: =P6+Q6+P13+Q13+P20+Q20 -> 0 | R46: =R6+S6+R13+S13+R20+S20 -> 1 | T46: =T6+U6+T13+U13+T20+U20 -> 1 | V46: =V6+W6+V13+W13+V20+W20 -> 1 | X46: =X6+Y6+X13+Y13+X20+Y20 -> 1 | Z46: =Z6+AA6+Z13+AA13+Z20+AA20 -> 1 | AB46: =AB6+AC6+AB13+AC13+AB20+AC20 -> 0 | AD46: =AD6+AE6+AD13+AE13+AD20+AE20 -> 0 | AF46: =AF6+AG6+AF13+AG13+AF20+AG20 -> 1 | AH46: =AH6+AI6+AH13+AI13+AH20+AI20 -> 1 | AJ46: =AJ6+AK6+AJ13+AK13+AJ20+AK20 -> 1 | AL46: =AL6+AM6+AL13+AM13+AL20+AM20 -> 1 | AN46: =AN6+AO6+AN13+AO13+AN20+AO20 -> 1 | AP46: =AP6+AQ6+AP13+AQ13+AP20+AQ20 -> 0 | AR46: =AR6+AS6+AR13+AS13+AR20+AS20 -> 0 | AT46: =AT6+AU6+AT13+AU13+AT20+AU20 -> 1 | AV46: =AV6+AW6+AV13+AW13+AV20+AW20 -> 1 | AX46: =AX6+AY6+AX13+AY13+AX20+AY20 -> 1 | AZ46: =AZ6+BA6+AZ13+BA13+AZ20+BA20 -> 1 | BB46: =BB6+BC6+BB13+BC13+BB20+BC20 -> 1 | BD46: =BD6+BE6+BD13+BE13+BD20+BE20 -> 0 | BF46: =BF6+BG6+BF13+BG13+BF20+BG20 -> 0 | BH46: =BH6+BI6+BH13+BI13+BH20+BI20 -> 1 | BJ46: =BJ6+BK6+BJ13+BK13+BJ20+BK20 -> 1
A47: PU-EB | D47: =D4+E4+D11+E11+D18+E18 -> 0 | F47: =F4+G4+F11+G11+F18+G18 -> 0 | H47: =H4+I4+H11+I11+H18+I18 -> 0 | J47: =J4+K4+J11+K11+J18+K18 -> 0 | L47: =L4+M4+L11+M11+L18+M18 -> 0 | N47: =N4+O4+N11+O11+N18+O18 -> 0 | P47: =P4+Q4+P11+Q11+P18+Q18 -> 0 | R47: =R4+S4+R11+S11+R18+S18 -> 0 | T47: =T4+U4+T11+U11+T18+U18 -> 0 | V47: =V4+W4+V11+W11+V18+W18 -> 0 | X47: =X4+Y4+X11+Y11+X18+Y18 -> 0 | Z47: =Z4+AA4+Z11+AA11+Z18+AA18 -> 0 | AB47: =AB4+AC4+AB11+AC11+AB18+AC18 -> 0 | AD47: =AD4+AE4+AD11+AE11+AD18+AE18 -> 0 | AF47: =AF4+AG4+AF11+AG11+AF18+AG18 -> 0 | AH47: =AH4+AI4+AH11+AI11+AH18+AI18 -> 0 | AJ47: =AJ4+AK4+AJ11+AK11+AJ18+AK18 -> 0 | AL47: =AL4+AM4+AL11+AM11+AL18+AM18 -> 0 | AN47: =AN4+AO4+AN11+AO11+AN18+AO18 -> 0 | AP47: =AP4+AQ4+AP11+AQ11+AP18+AQ18 -> 0 | AR47: =AR4+AS4+AR11+AS11+AR18+AS18 -> 0 | AT47: =AT4+AU4+AT11+AU11+AT18+AU18 -> 0 | AV47: =AV4+AW4+AV11+AW11+AV18+AW18 -> 0 | AX47: =AX4+AY4+AX11+AY11+AX18+AY18 -> 0 | AZ47: =AZ4+BA4+AZ11+BA11+AZ18+BA18 -> 0 | BB47: =BB4+BC4+BB11+BC11+BB18+BC18 -> 0 | BD47: =BD4+BE4+BD11+BE11+BD18+BE18 -> 0 | BF47: =BF4+BG4+BF11+BG11+BF18+BG18 -> 0 | BH47: =BH4+BI4+BH11+BI11+BH18+BI18 -> 0 | BJ47: =BJ4+BK4+BJ11+BK11+BJ18+BK18 -> 0
A48: EB-PU | D48: =D7+E7+D14+E14+D21+E21 -> 1 | F48: =F7+G7+F14+G14+F21+G21 -> 1 | H48: =H7+I7+H14+I14+H21+I21 -> 1 | J48: =J7+K7+J14+K14+J21+K21 -> 1 | L48: =L7+M7+L14+M14+L21+M21 -> 1 | N48: =N7+O7+N14+O14+N21+O21 -> 0 | P48: =P7+Q7+P14+Q14+P21+Q21 -> 0 | R48: =R7+S7+R14+S14+R21+S21 -> 1 | T48: =T7+U7+T14+U14+T21+U21 -> 1 | V48: =V7+W7+V14+W14+V21+W21 -> 1 | X48: =X7+Y7+X14+Y14+X21+Y21 -> 1 | Z48: =Z7+AA7+Z14+AA14+Z21+AA21 -> 1 | AB48: =AB7+AC7+AB14+AC14+AB21+AC21 -> 0 | AD48: =AD7+AE7+AD14+AE14+AD21+AE21 -> 0 | AF48: =AF7+AG7+AF14+AG14+AF21+AG21 -> 1 | AH48: =AH7+AI7+AH14+AI14+AH21+AI21 -> 1 | AJ48: =AJ7+AK7+AJ14+AK14+AJ21+AK21 -> 1 | AL48: =AL7+AM7+AL14+AM14+AL21+AM21 -> 1 | AN48: =AN7+AO7+AN14+AO14+AN21+AO21 -> 1 | AP48: =AP7+AQ7+AP14+AQ14+AP21+AQ21 -> 0 | AR48: =AR7+AS7+AR14+AS14+AR21+AS21 -> 0 | AT48: =AT7+AU7+AT14+AU14+AT21+AU21 -> 1 | AV48: =AV7+AW7+AV14+AW14+AV21+AW21 -> 1 | AX48: =AX7+AY7+AX14+AY14+AX21+AY21 -> 1 | AZ48: =AZ7+BA7+AZ14+BA14+AZ21+BA21 -> 1 | BB48: =BB7+BC7+BB14+BC14+BB21+BC21 -> 1 | BD48: =BD7+BE7+BD14+BE14+BD21+BE21 -> 0 | BF48: =BF7+BG7+BF14+BG14+BF21+BG21 -> 0 | BH48: =BH7+BI7+BH14+BI14+BH21+BI21 -> 1 | BJ48: =BJ7+BK7+BJ14+BK14+BJ21+BK21 -> 1
A49: VM-LI
A50: VM-PU
A52: Trenes
A53: PU - LI | D53: =(D5+D12+D19)+2*(E5+E12+E19) -> 149 | F53: =(F5+F12+F19)+2*(G5+G12+G19) -> 151 | H53: =(H5+H12+H19)+2*(I5+I12+I19) -> 143 | J53: =(J5+J12+J19)+2*(K5+K12+K19) -> 148 | L53: =(L5+L12+L19)+2*(M5+M12+M19) -> 146 | N53: =(N5+N12+N19)+2*(O5+O12+O19) -> 73 | P53: =(P5+P12+P19)+2*(Q5+Q12+Q19) -> 57 | R53: =(R5+R12+R19)+2*(S5+S12+S19) -> 143 | T53: =(T5+T12+T19)+2*(U5+U12+U19) -> 142 | V53: =(V5+V12+V19)+2*(W5+W12+W19) -> 140 | X53: =(X5+X12+X19)+2*(Y5+Y12+Y19) -> 143 | Z53: =(Z5+Z12+Z19)+2*(AA5+AA12+AA19) -> 142 | AB53: =(AB5+AB12+AB19)+2*(AC5+AC12+AC19) -> 73 | AD53: =(AD5+AD12+AD19)+2*(AE5+AE12+AE19) -> 57 | AF53: =(AF5+AF12+AF19)+2*(AG5+AG12+AG19) -> 144 | AH53: =(AH5+AH12+AH19)+2*(AI5+AI12+AI19) -> 149 | AJ53: =(AJ5+AJ12+AJ19)+2*(AK5+AK12+AK19) -> 149 | AL53: =(AL5+AL12+AL19)+2*(AM5+AM12+AM19) -> 153 | AN53: =(AN5+AN12+AN19)+2*(AO5+AO12+AO19) -> 143 | AP53: =(AP5+AP12+AP19)+2*(AQ5+AQ12+AQ19) -> 73 | AR53: =(AR5+AR12+AR19)+2*(AS5+AS12+AS19) -> 57 | AT53: =(AT5+AT12+AT19)+2*(AU5+AU12+AU19) -> 145 | AV53: =(AV5+AV12+AV19)+2*(AW5+AW12+AW19) -> 145 | AX53: =(AX5+AX12+AX19)+2*(AY5+AY12+AY19) -> 145 | AZ53: =(AZ5+AZ12+AZ19)+2*(BA5+BA12+BA19) -> 143 | BB53: =(BB5+BB12+BB19)+2*(BC5+BC12+BC19) -> 136 | BD53: =(BD5+BD12+BD19)+2*(BE5+BE12+BE19) -> 73 | BF53: =(BF5+BF12+BF19)+2*(BG5+BG12+BG19) -> 57 | BH53: =(BH5+BH12+BH19)+2*(BI5+BI12+BI19) -> 150 | BJ53: =(BJ5+BJ12+BJ19)+2*(BK5+BK12+BK19) -> 145
A54: LI - PU | D54: =(D8+D15+D22)+2*(E8+E15+E22) -> 143 | F54: =(F8+F15+F22)+2*(G8+G15+G22) -> 143 | H54: =(H8+H15+H22)+2*(I8+I15+I22) -> 142 | J54: =(J8+J15+J22)+2*(K8+K15+K22) -> 143 | L54: =(L8+L15+L22)+2*(M8+M15+M22) -> 143 | N54: =(N8+N15+N22)+2*(O8+O15+O22) -> 73 | P54: =(P8+P15+P22)+2*(Q8+Q15+Q22) -> 57 | R54: =(R8+R15+R22)+2*(S8+S15+S22) -> 140 | T54: =(T8+T15+T22)+2*(U8+U15+U22) -> 140 | V54: =(V8+V15+V22)+2*(W8+W15+W22) -> 138 | X54: =(X8+X15+X22)+2*(Y8+Y15+Y22) -> 141 | Z54: =(Z8+Z15+Z22)+2*(AA8+AA15+AA22) -> 140 | AB54: =(AB8+AB15+AB22)+2*(AC8+AC15+AC22) -> 73 | AD54: =(AD8+AD15+AD22)+2*(AE8+AE15+AE22) -> 57 | AF54: =(AF8+AF15+AF22)+2*(AG8+AG15+AG22) -> 142 | AH54: =(AH8+AH15+AH22)+2*(AI8+AI15+AI22) -> 141 | AJ54: =(AJ8+AJ15+AJ22)+2*(AK8+AK15+AK22) -> 143 | AL54: =(AL8+AL15+AL22)+2*(AM8+AM15+AM22) -> 144 | AN54: =(AN8+AN15+AN22)+2*(AO8+AO15+AO22) -> 141 | AP54: =(AP8+AP15+AP22)+2*(AQ8+AQ15+AQ22) -> 73 | AR54: =(AR8+AR15+AR22)+2*(AS8+AS15+AS22) -> 57 | AT54: =(AT8+AT15+AT22)+2*(AU8+AU15+AU22) -> 143 | AV54: =(AV8+AV15+AV22)+2*(AW8+AW15+AW22) -> 143 | AX54: =(AX8+AX15+AX22)+2*(AY8+AY15+AY22) -> 143 | AZ54: =(AZ8+AZ15+AZ22)+2*(BA8+BA15+BA22) -> 135 | BB54: =(BB8+BB15+BB22)+2*(BC8+BC15+BC22) -> 134 | BD54: =(BD8+BD15+BD22)+2*(BE8+BE15+BE22) -> 73 | BF54: =(BF8+BF15+BF22)+2*(BG8+BG15+BG22) -> 57 | BH54: =(BH8+BH15+BH22)+2*(BI8+BI15+BI22) -> 143 | BJ54: =(BJ8+BJ15+BJ22)+2*(BK8+BK15+BK22) -> 135
A55: PU - SA | D55: =(D3+D10+D17)+2*(E3+E10+E17) -> 0 | F55: =(F3+F10+F17)+2*(G3+G10+G17) -> 0 | H55: =(H3+H10+H17)+2*(I3+I10+I17) -> 0 | J55: =(J3+J10+J17)+2*(K3+K10+K17) -> 0 | L55: =(L3+L10+L17)+2*(M3+M10+M17) -> 0 | N55: =(N3+N10+N17)+2*(O3+O10+O17) -> 0 | P55: =(P3+P10+P17)+2*(Q3+Q10+Q17) -> 0 | R55: =(R3+R10+R17)+2*(S3+S10+S17) -> 0 | T55: =(T3+T10+T17)+2*(U3+U10+U17) -> 0 | V55: =(V3+V10+V17)+2*(W3+W10+W17) -> 0 | X55: =(X3+X10+X17)+2*(Y3+Y10+Y17) -> 0 | Z55: =(Z3+Z10+Z17)+2*(AA3+AA10+AA17) -> 0 | AB55: =(AB3+AB10+AB17)+2*(AC3+AC10+AC17) -> 0 | AD55: =(AD3+AD10+AD17)+2*(AE3+AE10+AE17) -> 0 | AF55: =(AF3+AF10+AF17)+2*(AG3+AG10+AG17) -> 0 | AH55: =(AH3+AH10+AH17)+2*(AI3+AI10+AI17) -> 0 | AJ55: =(AJ3+AJ10+AJ17)+2*(AK3+AK10+AK17) -> 0 | AL55: =(AL3+AL10+AL17)+2*(AM3+AM10+AM17) -> 0 | AN55: =(AN3+AN10+AN17)+2*(AO3+AO10+AO17) -> 0 | AP55: =(AP3+AP10+AP17)+2*(AQ3+AQ10+AQ17) -> 0 | AR55: =(AR3+AR10+AR17)+2*(AS3+AS10+AS17) -> 0 | AT55: =(AT3+AT10+AT17)+2*(AU3+AU10+AU17) -> 0 | AV55: =(AV3+AV10+AV17)+2*(AW3+AW10+AW17) -> 0 | AX55: =(AX3+AX10+AX17)+2*(AY3+AY10+AY17) -> 0 | AZ55: =(AZ3+AZ10+AZ17)+2*(BA3+BA10+BA17) -> 0 | BB55: =(BB3+BB10+BB17)+2*(BC3+BC10+BC17) -> 0 | BD55: =(BD3+BD10+BD17)+2*(BE3+BE10+BE17) -> 0 | BF55: =(BF3+BF10+BF17)+2*(BG3+BG10+BG17) -> 0 | BH55: =(BH3+BH10+BH17)+2*(BI3+BI10+BI17) -> 0 | BJ55: =(BJ3+BJ10+BJ17)+2*(BK3+BK10+BK17) -> 0
A56: SA - PU | D56: =(D6+D13+D20)+2*(E6+E13+E20) -> 1 | F56: =(F6+F13+F20)+2*(G6+G13+G20) -> 1 | H56: =(H6+H13+H20)+2*(I6+I13+I20) -> 1 | J56: =(J6+J13+J20)+2*(K6+K13+K20) -> 1 | L56: =(L6+L13+L20)+2*(M6+M13+M20) -> 1 | N56: =(N6+N13+N20)+2*(O6+O13+O20) -> 0 | P56: =(P6+P13+P20)+2*(Q6+Q13+Q20) -> 0 | R56: =(R6+R13+R20)+2*(S6+S13+S20) -> 1 | T56: =(T6+T13+T20)+2*(U6+U13+U20) -> 1 | V56: =(V6+V13+V20)+2*(W6+W13+W20) -> 1 | X56: =(X6+X13+X20)+2*(Y6+Y13+Y20) -> 1 | Z56: =(Z6+Z13+Z20)+2*(AA6+AA13+AA20) -> 1 | AB56: =(AB6+AB13+AB20)+2*(AC6+AC13+AC20) -> 0 | AD56: =(AD6+AD13+AD20)+2*(AE6+AE13+AE20) -> 0 | AF56: =(AF6+AF13+AF20)+2*(AG6+AG13+AG20) -> 1 | AH56: =(AH6+AH13+AH20)+2*(AI6+AI13+AI20) -> 1 | AJ56: =(AJ6+AJ13+AJ20)+2*(AK6+AK13+AK20) -> 1 | AL56: =(AL6+AL13+AL20)+2*(AM6+AM13+AM20) -> 1 | AN56: =(AN6+AN13+AN20)+2*(AO6+AO13+AO20) -> 1 | AP56: =(AP6+AP13+AP20)+2*(AQ6+AQ13+AQ20) -> 0 | AR56: =(AR6+AR13+AR20)+2*(AS6+AS13+AS20) -> 0 | AT56: =(AT6+AT13+AT20)+2*(AU6+AU13+AU20) -> 1 | AV56: =(AV6+AV13+AV20)+2*(AW6+AW13+AW20) -> 1 | AX56: =(AX6+AX13+AX20)+2*(AY6+AY13+AY20) -> 1 | AZ56: =(AZ6+AZ13+AZ20)+2*(BA6+BA13+BA20) -> 1 | BB56: =(BB6+BB13+BB20)+2*(BC6+BC13+BC20) -> 1 | BD56: =(BD6+BD13+BD20)+2*(BE6+BE13+BE20) -> 0 | BF56: =(BF6+BF13+BF20)+2*(BG6+BG13+BG20) -> 0 | BH56: =(BH6+BH13+BH20)+2*(BI6+BI13+BI20) -> 1 | BJ56: =(BJ6+BJ13+BJ20)+2*(BK6+BK13+BK20) -> 2
A57: PU-EB | D57: =(D4+D11+D18)+2*(E4+E11+E18) -> 0 | F57: =(F4+F11+F18)+2*(G4+G11+G18) -> 0 | H57: =(H4+H11+H18)+2*(I4+I11+I18) -> 0 | J57: =(J4+J11+J18)+2*(K4+K11+K18) -> 0 | L57: =(L4+L11+L18)+2*(M4+M11+M18) -> 0 | N57: =(N4+N11+N18)+2*(O4+O11+O18) -> 0 | P57: =(P4+P11+P18)+2*(Q4+Q11+Q18) -> 0 | R57: =(R4+R11+R18)+2*(S4+S11+S18) -> 0 | T57: =(T4+T11+T18)+2*(U4+U11+U18) -> 0 | V57: =(V4+V11+V18)+2*(W4+W11+W18) -> 0 | X57: =(X4+X11+X18)+2*(Y4+Y11+Y18) -> 0 | Z57: =(Z4+Z11+Z18)+2*(AA4+AA11+AA18) -> 0 | AB57: =(AB4+AB11+AB18)+2*(AC4+AC11+AC18) -> 0 | AD57: =(AD4+AD11+AD18)+2*(AE4+AE11+AE18) -> 0 | AF57: =(AF4+AF11+AF18)+2*(AG4+AG11+AG18) -> 0 | AH57: =(AH4+AH11+AH18)+2*(AI4+AI11+AI18) -> 0 | AJ57: =(AJ4+AJ11+AJ18)+2*(AK4+AK11+AK18) -> 0 | AL57: =(AL4+AL11+AL18)+2*(AM4+AM11+AM18) -> 0 | AN57: =(AN4+AN11+AN18)+2*(AO4+AO11+AO18) -> 0 | AP57: =(AP4+AP11+AP18)+2*(AQ4+AQ11+AQ18) -> 0 | AR57: =(AR4+AR11+AR18)+2*(AS4+AS11+AS18) -> 0 | AT57: =(AT4+AT11+AT18)+2*(AU4+AU11+AU18) -> 0 | AV57: =(AV4+AV11+AV18)+2*(AW4+AW11+AW18) -> 0 | AX57: =(AX4+AX11+AX18)+2*(AY4+AY11+AY18) -> 0 | AZ57: =(AZ4+AZ11+AZ18)+2*(BA4+BA11+BA18) -> 0 | BB57: =(BB4+BB11+BB18)+2*(BC4+BC11+BC18) -> 0 | BD57: =(BD4+BD11+BD18)+2*(BE4+BE11+BE18) -> 0 | BF57: =(BF4+BF11+BF18)+2*(BG4+BG11+BG18) -> 0 | BH57: =(BH4+BH11+BH18)+2*(BI4+BI11+BI18) -> 0 | BJ57: =(BJ4+BJ11+BJ18)+2*(BK4+BK11+BK18) -> 0
A58: EB-PU | D58: =(D7+D14+D21)+2*(E7+E14+E21) -> 1 | F58: =(F7+F14+F21)+2*(G7+G14+G21) -> 1 | H58: =(H7+H14+H21)+2*(I7+I14+I21) -> 1 | J58: =(J7+J14+J21)+2*(K7+K14+K21) -> 1 | L58: =(L7+L14+L21)+2*(M7+M14+M21) -> 1 | N58: =(N7+N14+N21)+2*(O7+O14+O21) -> 0 | P58: =(P7+P14+P21)+2*(Q7+Q14+Q21) -> 0 | R58: =(R7+R14+R21)+2*(S7+S14+S21) -> 1 | T58: =(T7+T14+T21)+2*(U7+U14+U21) -> 1 | V58: =(V7+V14+V21)+2*(W7+W14+W21) -> 1 | X58: =(X7+X14+X21)+2*(Y7+Y14+Y21) -> 1 | Z58: =(Z7+Z14+Z21)+2*(AA7+AA14+AA21) -> 1 | AB58: =(AB7+AB14+AB21)+2*(AC7+AC14+AC21) -> 0 | AD58: =(AD7+AD14+AD21)+2*(AE7+AE14+AE21) -> 0 | AF58: =(AF7+AF14+AF21)+2*(AG7+AG14+AG21) -> 1 | AH58: =(AH7+AH14+AH21)+2*(AI7+AI14+AI21) -> 1 | AJ58: =(AJ7+AJ14+AJ21)+2*(AK7+AK14+AK21) -> 1 | AL58: =(AL7+AL14+AL21)+2*(AM7+AM14+AM21) -> 1 | AN58: =(AN7+AN14+AN21)+2*(AO7+AO14+AO21) -> 1 | AP58: =(AP7+AP14+AP21)+2*(AQ7+AQ14+AQ21) -> 0 | AR58: =(AR7+AR14+AR21)+2*(AS7+AS14+AS21) -> 0 | AT58: =(AT7+AT14+AT21)+2*(AU7+AU14+AU21) -> 1 | AV58: =(AV7+AV14+AV21)+2*(AW7+AW14+AW21) -> 1 | AX58: =(AX7+AX14+AX21)+2*(AY7+AY14+AY21) -> 1 | AZ58: =(AZ7+AZ14+AZ21)+2*(BA7+BA14+BA21) -> 1 | BB58: =(BB7+BB14+BB21)+2*(BC7+BC14+BC21) -> 1 | BD58: =(BD7+BD14+BD21)+2*(BE7+BE14+BE21) -> 0 | BF58: =(BF7+BF14+BF21)+2*(BG7+BG14+BG21) -> 0 | BH58: =(BH7+BH14+BH21)+2*(BI7+BI14+BI21) -> 1 | BJ58: =(BJ7+BJ14+BJ21)+2*(BK7+BK14+BK21) -> 1
A59: VM-LI
A60: VM-PU
AV73: 0 | AW73: 0 | AX73: 0 | AY73: 0 | AZ73: 0 | BA73: 0 | BC73: 0 | BD73: 0 | BE73: 27 | BF73: 0 | BG73: 1 | BH73: 32 | BJ73: 0 | BK73: 0 | BL73: 0 | BM73: 0 | BN73: 0 | BO73: 1
AV74: 0 | AW74: 0 | AX74: 12 | AY74: 0 | AZ74: 0 | BA74: 10 | BC74: 0 | BD74: 0 | BE74: 38 | BF74: 1 | BG74: 0 | BH74: 35 | BJ74: 0 | BK74: 0 | BL74: 9 | BM74: 0 | BN74: 0 | BO74: 6

Sheet UMR Resumen
A1: Abril 2024
A2: Fecha | B2: Odómetro | C2: Odómetro acum. | D2: Tren-Km | E2: Tren-Km Acum. | F2: UMR Diario | G2: Viajes Programados | H2: Viajes Realizados | I2: IR | J2: Indice Regularidad (QU-via 2) 7:10am a 8:10am | K2: TKB (no TKBC) | L2: Tipo Dia | M2: Comentarios
A3: 45383 | B3: ='KM-Servicio'!M11 -> 13154 | C3: =B3 -> 13154 | D3: ='KM-Servicio'!V11 -> 12546.87 | E3: =D3 -> 12546.87 | F3: ='KM-Servicio'!N11 -> 95.384446 | G3: =SUM('KM-Servicio'!B11:C11) -> 184 | H3: =SUM('KM-Servicio'!D11:E11) -> 184 | K3: ='Oferta Diaria'!C41 -> 994966.79 | L3: Laboral
A4: 45384 | B4: ='KM-Servicio'!M18 -> 13031 | C4: =B4+C3 -> 26185 | D4: ='KM-Servicio'!V18 -> 12646.08 | E4: =D4+E3 -> 25192.95 | F4: ='KM-Servicio'!N18 -> 97.046121 | G4: =SUM('KM-Servicio'!B18:C18) -> 184 | H4: =SUM('KM-Servicio'!D18:E18) -> 184 | K4: ='Oferta Diaria'!D41 -> 1002834.1 | L4: Laboral
A5: 45385 | B5: ='KM-Servicio'!M25 -> 12936 | C5: =B5+C4 -> 39121 | D5: ='KM-Servicio'!V25 -> 12240.18 | E5: =D5+E4 -> 37433.13 | F5: ='KM-Servicio'!N25 -> 94.621058 | G5: =SUM('KM-Servicio'!B25:C25) -> 184 | H5: =SUM('KM-Servicio'!D25:E25) -> 183 | K5: ='Oferta Diaria'!E41 -> 970646.27 | L5: Laboral
A6: 45386 | B6: ='KM-Servicio'!M32 -> 12983 | C6: =B6+C5 -> 52104 | D6: ='KM-Servicio'!V32 -> 12516.69 | E6: =D6+E5 -> 49949.82 | F6: ='KM-Servicio'!N32 -> 96.408303 | G6: =SUM('KM-Servicio'!B32:C32) -> 184 | H6: =SUM('KM-Servicio'!D32:E32) -> 184 | K6: ='Oferta Diaria'!F41 -> 992573.52 | L6: Laboral
A7: 45387 | B7: ='KM-Servicio'!M39 -> 12895 | C7: =B7+C6 -> 64999 | D7: ='KM-Servicio'!V39 -> 12430.43 | E7: =D7+E6 -> 62380.25 | F7: ='KM-Servicio'!N39 -> 96.397286 | G7: =SUM('KM-Servicio'!B39:C39) -> 184 | H7: =SUM('KM-Servicio'!D39:E39) -> 183 | K7: ='Oferta Diaria'!G41 -> 985733.1 | L7: Laboral
A8: 45388 | B8: ='KM-Servicio'!M46 -> 6334 | C8: =B8+C7 -> 71333 | D8: ='KM-Servicio'!V46 -> 6296.98 | E8: =D8+E7 -> 68677.23 | F8: ='KM-Servicio'!N46 -> 99.415535 | G8: =SUM('KM-Servicio'!B46:C46) -> 143 | H8: =SUM('KM-Servicio'!D46:E46) -> 143 | K8: ='Oferta Diaria'!H41 -> 499350.51 | L8: Sábado
A9: 45389 | B9: ='KM-Servicio'!M53 -> 4964 | C9: =B9+C8 -> 76297 | D9: ='KM-Servicio'!V53 -> 4916.82 | E9: =D9+E8 -> 73594.05 | F9: ='KM-Servicio'!N53 -> 99.049557 | G9: =SUM('KM-Servicio'!B53:C53) -> 111 | H9: =SUM('KM-Servicio'!D53:E53) -> 111 | K9: ='Oferta Diaria'!I41 -> 389903.83 | L9: Dgo-Festivo
A10: 45390 | B10: ='KM-Servicio'!M60 -> 13108 | C10: =B10+C9 -> 89405 | D10: ='KM-Servicio'!V60 -> 12107.9 | E10: =D10+E9 -> 85701.95 | F10: ='KM-Servicio'!N60 -> 92.370308 | G10: =SUM('KM-Servicio'!B60:C60) -> 184 | H10: =SUM('KM-Servicio'!D60:E60) -> 184 | K10: ='Oferta Diaria'!J41 -> 960156.47 | L10: Laboral
A11: 45391 | B11: ='KM-Servicio'!M67 -> 12903 | C11: =B11+C10 -> 102308 | D11: ='KM-Servicio'!V67 -> 12087.78 | E11: =D11+E10 -> 97789.73 | F11: ='KM-Servicio'!N67 -> 93.681934 | G11: =SUM('KM-Servicio'!B67:C67) -> 184 | H11: =SUM('KM-Servicio'!D67:E67) -> 184 | K11: ='Oferta Diaria'!K41 -> 958560.95 | L11: Laboral
A12: 45392 | B12: ='KM-Servicio'!M74 -> 12650 | C12: =B12+C11 -> 114958 | D12: ='KM-Servicio'!V74 -> 11856.79 | E12: =D12+E11 -> 109646.52 | F12: ='KM-Servicio'!N74 -> 93.729565 | G12: =SUM('KM-Servicio'!B74:C74) -> 184 | H12: =SUM('KM-Servicio'!D74:E74) -> 184 | K12: ='Oferta Diaria'!L41 -> 940243.45 | L12: Laboral
A13: 45393 | B13: ='KM-Servicio'!M81 -> 12796 | C13: =B13+C12 -> 127754 | D13: ='KM-Servicio'!V81 -> 12125.63 | E13: =D13+E12 -> 121772.15 | F13: ='KM-Servicio'!N81 -> 94.761097 | G13: =SUM('KM-Servicio'!B81:C81) -> 184 | H13: =SUM('KM-Servicio'!D81:E81) -> 184 | K13: ='Oferta Diaria'!M41 -> 961562.46 | L13: Laboral
A14: 45394 | B14: ='KM-Servicio'!M88 -> 12769 | C14: =B14+C13 -> 140523 | D14: ='KM-Servicio'!V88 -> 12001.52 | E14: =D14+E13 -> 133773.67 | F14: ='KM-Servicio'!N88 -> 93.989506 | G14: =SUM('KM-Servicio'!B88:C88) -> 184 | H14: =SUM('KM-Servicio'!D88:E88) -> 183 | K14: ='Oferta Diaria'!N41 -> 951720.54 | L14: Laboral
A15: 45395 | B15: ='KM-Servicio'!M95 -> 6388 | C15: =B15+C14 -> 146911 | D15: ='KM-Servicio'!V95 -> 6296.98 | E15: =D15+E14 -> 140070.65 | F15: ='KM-Servicio'!N95 -> 98.575141 | G15: =SUM('KM-Servicio'!B95:C95) -> 143 | H15: =SUM('KM-Servicio'!D95:E95) -> 143 | K15: ='Oferta Diaria'!O41 -> 499350.51 | L15: Sábado
A16: 45396 | B16: ='KM-Servicio'!M102 -> 4951 | C16: =B16+C15 -> 151862 | D16: ='KM-Servicio'!V102 -> 4916.82 | E16: =D16+E15 -> 144987.47 | F16: ='KM-Servicio'!N102 -> 99.309634 | G16: =SUM('KM-Servicio'!B102:C102) -> 111 | H16: =SUM('KM-Servicio'!D102:E102) -> 111 | K16: ='Oferta Diaria'!P41 -> 389903.83 | L16: Dgo-Festivo
A17: 45397 | B17: ='KM-Servicio'!M109 -> 12997 | C17: =B17+C16 -> 164859 | D17: ='KM-Servicio'!V109 -> 12217.17 | E17: =D17+E16 -> 157204.64 | F17: ='KM-Servicio'!N109 -> 93.999923 | G17: =SUM('KM-Servicio'!B109:C109) -> 184 | H17: =SUM('KM-Servicio'!D109:E109) -> 184 | K17: ='Oferta Diaria'!Q41 -> 968821.58 | L17: Laboral
A18: 45398 | B18: ='KM-Servicio'!$M$116 -> 12952 | C18: =B18+C17 -> 177811 | D18: ='KM-Servicio'!$V$116 -> 12364.29 | E18: =D18+E17 -> 169568.93 | F18: ='KM-Servicio'!N116 -> 95.4624 | G18: =SUM('KM-Servicio'!B116:C116) -> 184 | H18: =SUM('KM-Servicio'!D116:E116) -> 184 | K18: ='Oferta Diaria'!R41 -> 980488.2 | L18: Laboral
A19: 45399 | B19: ='KM-Servicio'!$M$123 -> 13046 | C19: =B19+C18 -> 190857 | D19: ='KM-Servicio'!$V$123 -> 12475.95 | E19: =D19+E18 -> 182044.88 | F19: ='KM-Servicio'!N123 -> 95.630461 | G19: =SUM('KM-Servicio'!B123:C123) -> 184 | H19: =SUM('KM-Servicio'!D123:E123) -> 184 | K19: ='Oferta Diaria'!S41 -> 989342.84 | L19: Laboral
A20: 45400 | B20: ='KM-Servicio'!M130 -> 13144 | C20: =B20+C19 -> 204001 | D20: ='KM-Servicio'!$V$130 -> 12597.67 | E20: =D20+E19 -> 194642.55 | F20: ='KM-Servicio'!N130 -> 95.843503 | G20: =SUM('KM-Servicio'!B130:C130) -> 184 | H20: =SUM('KM-Servicio'!D130:E130) -> 184 | K20: ='Oferta Diaria'!T41 -> 998995.23 | L20: Laboral
A21: 45401 | B21: ='KM-Servicio'!M137 -> 12877 | C21: =B21+C20 -> 216878 | D21: ='KM-Servicio'!$V$137 -> 12130.91 | E21: =D21+E20 -> 206773.46 | F21: ='KM-Servicio'!N137 -> 94.206026 | G21: =SUM('KM-Servicio'!B137:C137) -> 184 | H21: =SUM('KM-Servicio'!D137:E137) -> 184 | K21: ='Oferta Diaria'!U41 -> 961981.16 | L21: Laboral
A22: 45402 | B22: ='KM-Servicio'!M144 -> 6330 | C22: =B22+C21 -> 223208 | D22: ='KM-Servicio'!$V$144 -> 6296.98 | E22: =D22+E21 -> 213070.44 | F22: ='KM-Servicio'!N144 -> 99.478357 | G22: =SUM('KM-Servicio'!B144:C144) -> 143 | H22: =SUM('KM-Servicio'!D144:E144) -> 143 | K22: ='Oferta Diaria'!V41 -> 499350.51 | L22: Sábado
A23: 45403 | B23: ='KM-Servicio'!M151 -> 4951 | C23: =B23+C22 -> 228159 | D23: ='KM-Servicio'!$V$151 -> 4916.82 | E23: =D23+E22 -> 217987.26 | F23: ='KM-Servicio'!N151 -> 99.309634 | G23: =SUM('KM-Servicio'!B151:C151) -> 111 | H23: =SUM('KM-Servicio'!D151:E151) -> 111 | K23: ='Oferta Diaria'!W41 -> 389903.83 | L23: Dgo-Festivo
A24: 45404 | B24: ='KM-Servicio'!M158 -> 13017 | C24: =B24+C23 -> 241176 | D24: ='KM-Servicio'!$V$158 -> 12285.7 | E24: =D24+E23 -> 230272.96 | F24: ='KM-Servicio'!N158 -> 94.381962 | G24: =SUM('KM-Servicio'!B158:C158) -> 184 | H24: =SUM('KM-Servicio'!D158:E158) -> 184 | K24: ='Oferta Diaria'!X41 -> 974256.01 | L24: Laboral
A25: 45405 | B25: ='KM-Servicio'!M165 -> 12981 | C25: =B25+C24 -> 254157 | D25: ='KM-Servicio'!$V$165 -> 12217.17 | E25: =D25+E24 -> 242490.13 | F25: ='KM-Servicio'!N165 -> 94.115785 | G25: =SUM('KM-Servicio'!B165:C165) -> 184 | H25: =SUM('KM-Servicio'!D165:E165) -> 184 | K25: ='Oferta Diaria'!Y41 -> 968821.58 | L25: Laboral
A26: 45406 | B26: ='KM-Servicio'!M172 -> 13074 | C26: =B26+C25 -> 267231 | D26: ='KM-Servicio'!$V$172 -> 12278.03 | E26: =D26+E25 -> 254768.16 | F26: ='KM-Servicio'!N172 -> 93.91181 | G26: =SUM('KM-Servicio'!B172:C172) -> 184 | H26: =SUM('KM-Servicio'!D172:E172) -> 184 | K26: ='Oferta Diaria'!Z41 -> 973647.78 | L26: Laboral
A27: 45407 | B27: ='KM-Servicio'!M179 -> 12280 | C27: =B27+C26 -> 279511 | D27: ='KM-Servicio'!$V$179 -> 11803.6 | E27: =D27+E26 -> 266571.76 | F27: ='KM-Servicio'!N179 -> 96.120521 | G27: =SUM('KM-Servicio'!B179:C179) -> 184 | H27: =SUM('KM-Servicio'!D179:E179) -> 172 | K27: ='Oferta Diaria'!AA41 -> 936025.48 | L27: Laboral
A28: 45408 | B28: ='KM-Servicio'!M186 -> 12261 | C28: =B28+C27 -> 291772 | D28: ='KM-Servicio'!$V$186 -> 11519.42 | E28: =D28+E27 -> 278091.18 | F28: ='KM-Servicio'!N186 -> 93.951717 | G28: =SUM('KM-Servicio'!B186:C186) -> 172 | H28: =SUM('KM-Servicio'!D186:E186) -> 172 | K28: ='Oferta Diaria'!AB41 -> 913490.01 | L28: Laboral
A29: 45409 | B29: ='KM-Servicio'!M193 -> 6333 | C29: =B29+C28 -> 298105 | D29: ='KM-Servicio'!$V$193 -> 6296.98 | E29: =D29+E28 -> 284388.16 | F29: ='KM-Servicio'!N193 -> 99.431233 | G29: =SUM('KM-Servicio'!B193:C193) -> 143 | H29: =SUM('KM-Servicio'!D193:E193) -> 143 | K29: ='Oferta Diaria'!AC41 -> 499350.51 | L29: Sábado
A30: 45410 | B30: ='KM-Servicio'!M200 -> 5090 | C30: =B30+C29 -> 303195 | D30: ='KM-Servicio'!$V$200 -> 4916.82 | E30: =D30+E29 -> 289304.98 | F30: ='KM-Servicio'!N200 -> 96.597642 | G30: =SUM('KM-Servicio'!B200:C200) -> 111 | H30: =SUM('KM-Servicio'!D200:E200) -> 111 | K30: ='Oferta Diaria'!AD41 -> 389903.83 | L30: Dgo-Festivo
A31: 45411 | B31: ='KM-Servicio'!M207 -> 13076 | C31: =B31+C30 -> 316271 | D31: ='KM-Servicio'!$V$207 -> 12493.68 | E31: =D31+E30 -> 301798.66 | F31: ='KM-Servicio'!N207 -> 95.54665 | G31: =SUM('KM-Servicio'!B207:C207) -> 184 | H31: =SUM('KM-Servicio'!D207:E207) -> 184 | K31: ='Oferta Diaria'!AE41 -> 990748.82 | L31: Laboral
A32: 45412 | B32: ='KM-Servicio'!M214 -> 12374 | C32: =B32+C31 -> 328645 | D32: ='KM-Servicio'!$V$214 -> 11893.57 | E32: =D32+E31 -> 313692.23 | F32: ='KM-Servicio'!N214 -> 96.117424 | G32: =SUM('KM-Servicio'!B214:C214) -> 172 | H32: =SUM('KM-Servicio'!D214:E214) -> 172 | K32: ='Oferta Diaria'!AF41 -> 943160.1 | L32: Laboral
A34: TOTAL | B34: =SUM(B3:B33) -> 328645 | C34: =SUM(C3:C33) -> 5202750 | D34: =SUM(D3:D33) -> 313692.23 | E34: =SUM(E3:E33) -> 4966186.8 | F34: =AVERAGE(F3:F33) -> 95.961485 | G34: =SUM(G3:G33) -> 5040 | H34: =SUM(H3:H33) -> 5025 | I34: =SUM(I3:I32) -> 0 | J34: =SUM(J3:J32) -> 0 | K34: =SUM(K3:K33) -> 24875794

Sheet RESUMEN
A3: VARIABLES OPERACIONALES
A4: VARIABLE | B4: Promedio diario | C4: Total | D4: Programado
A5: Nº trenes | B5: =C5/30 -> 245.96667 | C5: ='KM-Servicio'!I239 -> 7379 | D5: ='KM-Servicio'!C234 -> 7395
A6: Nº servicios | B6: =C6/30 -> 167.5 | C6: ='KM-Servicio'!J232 -> 5025 | D6: ='KM-Servicio'!D232 -> 5040
A7: Tren-km | B7: =C7/30 -> 10584.792 | C7: ='KM-Servicio'!L232 -> 317543.75 | D7: ='KM-Servicio'!F232 -> 318233.83
A8: Km-serv | B8: =C8/30 -> 7200.9917 | C8: ='KM-Servicio'!K232 -> 216029.75 | D8: ='KM-Servicio'!E232 -> 216676.7
A9: Asientos km | B9: =C9/30 -> 1100818.3 | C9: ='KM-Servicio'!M232 -> 33024550 | D9: ='KM-Servicio'!G232 -> 33096318
A10: UMR %
A11: Energía kwh | B11: =C11/30 -> 40531.733 | C11: 1215952 | D11: -
A12: Pax
A13: TIEMPO DE VIAJE (PU-LI)
