Workbook

Sheet Odometro-Kilometraje
A1: Control Contador Kilometraje de Trenes
B2: 45778 | C2: 45779 | D2: 45780 | E2: 45781 | F2: 45782 | G2: 45783 | H2: 45784 | I2: 45785 | J2: 45786 | K2: 45787 | L2: 45788 | M2: 45789 | N2: 45790 | O2: 45791 | P2: 45792 | Q2: 45793 | R2: 45794 | S2: 45795 | T2: 45796 | U2: 45797 | V2: 45798 | W2: 45799 | X2: 45800 | Y2: 45801 | Z2: 45802 | AA2: 45803 | AB2: 45804 | AC2: 45805 | AD2: 45806 | AE2: 45807 | AF2: 45808
B3: Contador | C3: Contador | D3: Contador | E3: Contador | F3: Contador | G3: Contador | H3: Contador | I3: Contador | J3: Contador | K3: Contador | L3: Contador | M3: Contador | N3: Contador | O3: Contador | P3: Contador | Q3: Contador | R3: Contador | S3: Contador | T3: Contador | U3: Contador | V3: Contador | W3: Contador | X3: Contador | Y3: Contador | Z3: Contador | AA3: Contador | AB3: Contador | AC3: Contador | AD3: Contador | AE3: Contador | AF3: Contador
A4: Tren | B4: Odómetro | C4: Odómetro | D4: Odómetro | E4: Odómetro | F4: Odómetro | G4: Odómetro | H4: Odómetro | I4: Odómetro | J4: Odómetro | K4: Odómetro | L4: Odómetro | M4: Odómetro | N4: Odómetro | O4: Odómetro | P4: Odómetro | Q4: Odómetro | R4: Odómetro | S4: Odómetro | T4: Odómetro | U4: Odómetro | V4: Odómetro | W4: Odómetro | X4: Odómetro | Y4: Odómetro | Z4: Odómetro | AA4: Odómetro | AB4: Odómetro | AC4: Odómetro | AD4: Odómetro | AE4: Odómetro | AF4: Odómetro
A5: M01 | B5: 2003943 | C5: 2004180 | D5: 2004180 | E5: 2004180 | F5: 2004374 | G5: 2004626 | H5: 2004803 | I5: 2005264 | J5: 2005742 | K5: 2005785 | L5: 2006259 | M5: 2006391 | N5: 2006392 | O5: 2006824 | P5: 2007384 | Q5: 2007622 | R5: 2007622 | S5: 2007622 | T5: 2007929 | U5: 2008403 | V5: 2008403 | W5: 2008963 | X5: 2009307 | Y5: 2009350 | Z5: 2009868 | AA5: 2010071 | AB5: 2010323 | AC5: 2010832 | AD5: 2011095 | AE5: 2011346 | AF5: 2011346
A6: M02 | B6: 1984952 | C6: 1984952 | D6: 1984952 | E6: 1984952 | F6: 1984952 | G6: 1984952 | H6: 1984952 | I6: 1984952 | J6: 1984952 | K6: 1984952 | L6: 1984952 | M6: 1984952 | N6: 1984952 | O6: 1984952 | P6: 1984952 | Q6: 1984952 | R6: 1984952 | S6: 1984952 | T6: 1984952 | U6: 1984952 | V6: 1984952 | W6: 1984952 | X6: 1984952 | Y6: 1984952 | Z6: 1984952 | AA6: 1984952 | AB6: 1984952 | AC6: 1984952 | AD6: 1984952 | AE6: 1984952 | AF6: 1984952
A7: M03 | B7: 2062023 | C7: 2062330 | D7: 2062849 | E7: 2062893 | F7: 2063329 | G7: 2063762 | H7: 2064286 | I7: 2064724 | J7: 2065177 | K7: 2065177 | L7: 2065177 | M7: 2065371 | N7: 2065771 | O7: 2066204 | P7: 2066510 | Q7: 2067071 | R7: 2067632 | S7: 2068107 | T7: 2068455 | U7: 2068722 | V7: 2068749 | W7: 2069270 | X7: 2069357 | Y7: 2069357 | Z7: 2069357 | AA7: 2069810 | AB7: 2070072 | AC7: 2070506 | AD7: 2070598 | AE7: 2071118 | AF7: 2071636
A8: M04 | B8: 2062213 | C8: 2062706 | D8: 2062706 | E8: 2062706 | F8: 2063226 | G8: 2063638 | H8: 2063899 | I8: 2064069 | J8: 2064372 | K8: 2064763 | L8: 2065283 | M8: 2065735 | N8: 2066076 | O8: 2066597 | P8: 2066770 | Q8: 2067292 | R8: 2067853 | S8: 2068247 | T8: 2068810 | U8: 2069372 | V8: 2069850 | W8: 2070156 | X8: 2070357 | Y8: 2070357 | Z8: 2070357 | AA8: 2070549 | AB8: 2071137 | AC8: 2071398 | AD8: 2072003 | AE8: 2072525 | AF8: 2073043
A9: M05 | B9: 1970913 | C9: 1971172 | D9: 1971172 | E9: 1971172 | F9: 1971341 | G9: 1971861 | H9: 1972295 | I9: 1972729 | J9: 1973117 | K9: 1973636 | L9: 1973679 | M9: 1974043 | N9: 1974536 | O9: 1974789 | P9: 1975349 | Q9: 1975593 | R9: 1975593 | S9: 1975593 | T9: 1975890 | U9: 1976193 | V9: 1976369 | W9: 1976972 | X9: 1977493 | Y9: 1978012 | Z9: 1978487 | AA9: 1978687 | AB9: 1978880 | AC9: 1979440 | AD9: 1979915 | AE9: 1980227 | AF9: 1980788
A10: M06 | B10: 2084297 | C10: 2084650 | D10: 2084650 | E10: 2084650 | F10: 2084732 | G10: 2085020 | H10: 2085606 | I10: 2085965 | J10: 2086230 | K10: 2086230 | L10: 2086230 | M10: 2086415 | N10: 2086599 | O10: 2086784 | P10: 2086971 | Q10: 2087268 | R10: 2087742 | S10: 2088219 | T10: 2088547 | U10: 2088886 | V10: 2089403 | W10: 2089920 | X10: 2090525 | Y10: 2091043 | Z10: 2091475 | AA10: 2092034 | AB10: 2092426 | AC10: 2092775 | AD10: 2093291 | AE10: 2093851 | AF10: 2093894
A11: M07 | B11: 2112446 | C11: 2112697 | D11: 2112697 | E11: 2112697 | F11: 2113111 | G11: 2113479 | H11: 2113778 | I11: 2114241 | J11: 2114505 | K11: 2115070 | L11: 2115115 | M11: 2115318 | N11: 2115570 | O11: 2115821 | P11: 2116016 | Q11: 2116520 | R11: 2117043 | S11: 2117564 | T11: 2118172 | U11: 2118376 | V11: 2118376 | W11: 2118571 | X11: 2119075 | Y11: 2119600 | Z11: 2119743 | AA11: 2120129 | AB11: 2120563 | AC11: 2120768 | AD11: 2120868 | AE11: 2121182 | AF11: 2121706
A12: M08 | B12: 2015839 | C12: 2015929 | D12: 2016449 | E12: 2016452 | F12: 2016889 | G12: 2017322 | H12: 2017671 | I12: 2017976 | J12: 2018473 | K12: 2018473 | L12: 2018493 | M12: 2018943 | N12: 2019136 | O12: 2019388 | P12: 2019699 | Q12: 2019958 | R12: 2019958 | S12: 2019958 | T12: 2020211 | U12: 2020472 | V12: 2020472 | W12: 2020724 | X12: 2021295 | Y12: 2021857 | Z12: 2022333 | AA12: 2022896 | AB12: 2023373 | AC12: 2023977 | AD12: 2024495 | AE12: 2024808 | AF12: 2025330
A13: M09 | B13: 1998486 | C13: 1999055 | D13: 1999583 | E13: 2000066 | F13: 2000308 | G13: 2000564 | H13: 2000793 | I13: 2000793 | J13: 2001255 | K13: 2001255 | L13: 2001255 | M13: 2001452 | N13: 2001712 | O13: 2002201 | P13: 2002637 | Q13: 2002944 | R13: 2002944 | S13: 2002944 | T13: 2003299 | U13: 2003868 | V13: 2004175 | W13: 2004499 | X13: 2004768 | Y13: 2005299 | Z13: 2005782 | AA13: 2006006 | AB13: 2006272 | AC13: 2006799 | AD13: 2007241 | AE13: 2007856 | AF13: 2008384
A14: M10 | B14: 2074160 | C14: 2074675 | D14: 2075192 | E14: 2075709 | F14: 2076313 | G14: 2076704 | H14: 2077222 | I14: 2077577 | J14: 2077731 | K14: 2077731 | L14: 2077734 | M14: 2078252 | N14: 2078812 | O14: 2079329 | P14: 2079888 | Q14: 2080407 | R14: 2080407 | S14: 2080407 | T14: 2080669 | U14: 2081100 | V14: 2081100 | W14: 2081660 | X14: 2082220 | Y14: 2082737 | Z14: 2083254 | AA14: 2083686 | AB14: 2084291 | AC14: 2084638 | AD14: 2085088 | AE14: 2085187 | AF14: 2085187
A15: M11 | B15: 2093579 | C15: 2094110 | D15: 2094153 | E15: 2094153 | F15: 2094674 | G15: 2095197 | H15: 2095634 | I15: 2095791 | J15: 2096244 | K15: 2096765 | L15: 2096767 | M15: 2097074 | N15: 2097405 | O15: 2097658 | P15: 2097908 | Q15: 2098161 | R15: 2098161 | S15: 2098161 | T15: 2098684 | U15: 2098992 | V15: 2099470 | W15: 2099906 | X15: 2100362 | Y15: 2100362 | Z15: 2100362 | AA15: 2100636 | AB15: 2100841 | AC15: 2101096 | AD15: 2101619 | AE15: 2102070 | AF15: 2102070
A16: M12 | B16: 1935976 | C16: 1936583 | D16: 1937103 | E16: 1937535 | F16: 1937730 | G16: 1937899 | H16: 1938462 | I16: 1938967 | J16: 1939573 | K16: 1940135 | L16: 1940178 | M16: 1940569 | N16: 1941081 | O16: 1941532 | P16: 1941720 | Q16: 1941888 | R16: 1941890 | S16: 1942368 | T16: 1942930 | U16: 1943491 | V16: 1943535 | W16: 1943750 | X16: 1944183 | Y16: 1944183 | Z16: 1944185 | AA16: 1944706 | AB16: 1945158 | AC16: 1945351 | AD16: 1945658 | AE16: 1946219 | AF16: 1946781
... A39: XM35 | B39: 658235 | C39: 658401 | D39: 658401 | E39: 658401 | F39: 658603 | G39: 658855 | H39: 659106 | I39: 659460 | J39: 659976 | K39: 660496 | L39: 660971 | M39: 661362 | N39: 661941 | O39: 662376 | P39: 662809 | Q39: 663157 | R39: 663675 | S39: 663782 | T39: 664033 | U39: 664285 | V39: 664285 | W39: 664548 | X39: 664741 | Y39: 664741 | Z39: 664741 | AA39: 664993 | AB39: 665196 | AC39: 665364 | AD39: 665713 | AE39: 666061 | AF39: 666061
A41: Kilometraje Diario Recorrido
B42: 45778 | C42: 45779 | D42: 45780 | E42: 45781 | F42: 45782 | G42: 45783 | H42: 45784 | I42: 45785 | J42: 45786 | K42: 45787 | L42: 45788 | M42: 45789 | N42: 45790 | O42: 45791 | P42: 45792 | Q42: 45793 | R42: 45794 | S42: 45795 | T42: 45796 | U42: 45797 | V42: 45798 | W42: 45799 | X42: 45800 | Y42: 45801 | Z42: 45802 | AA42: 45803 | AB42: 45804 | AC42: 45805 | AD42: 45806 | AE42: 45807 | AF42: 45808
B43: Kilometraje | C43: Kilometraje | D43: Kilometraje | E43: Kilometraje | F43: Kilometraje | G43: Kilometraje | H43: Kilometraje | I43: Kilometraje | J43: Kilometraje | K43: Kilometraje | L43: Kilometraje | M43: Kilometraje | N43: Kilometraje | O43: Kilometraje | P43: Kilometraje | Q43: Kilometraje | R43: Kilometraje | S43: Kilometraje | T43: Kilometraje | U43: Kilometraje | V43: Kilometraje | W43: Kilometraje | X43: Kilometraje | Y43: Kilometraje | Z43: Kilometraje | AA43: Kilometraje | AB43: Kilometraje | AC43: Kilometraje | AD43: Kilometraje | AE43: Kilometraje | AF43: Kilometraje
A44: Tren | B44: Diario | C44: Diario | D44: Diario | E44: Diario | F44: Diario | G44: Diario | H44: Diario | I44: Diario | J44: Diario | K44: Diario | L44: Diario | M44: Diario | N44: Diario | O44: Diario | P44: Diario | Q44: Diario | R44: Diario | S44: Diario | T44: Diario | U44: Diario | V44: Diario | W44: Diario | X44: Diario | Y44: Diario | Z44: Diario | AA44: Diario | AB44: Diario | AC44: Diario | AD44: Diario | AE44: Diario | AF44: Diario
A45: M01 | B45: 473 | C45: =C5-B5 -> 237 | D45: =D5-C5 -> 0 | E45: =E5-D5 -> 0 | F45: =F5-E5 -> 194 | G45: =G5-F5 -> 252 | H45: =H5-G5 -> 177 | I45: =I5-H5 -> 461 | J45: =J5-I5 -> 478 | ... AF45: =AF5-AE5 -> 0
A46: M02 | B46: 0 | C46: =C6-B6 -> 0 | D46: =D6-C6 -> 0 | E46: =E6-D6 -> 0 | F46: =F6-E6 -> 0 | G46: =G6-F6 -> 0 | H46: =H6-G6 -> 0 | I46: =I6-H6 -> 0 | J46: =J6-I6 -> 0 | ... AF46: =AF6-AE6 -> 0
A47: M03 | B47: 0 | C47: =C7-B7 -> 307 | D47: =D7-C7 -> 519 | E47: =E7-D7 -> 44 | F47: =F7-E7 -> 436 | G47: =G7-F7 -> 433 | H47: =H7-G7 -> 524 | I47: =I7-H7 -> 438 | J47: =J7-I7 -> 453 | ... AF47: =AF7-AE7 -> 518
A48: M04 | B48: 476 | C48: =C8-B8 -> 493 | D48: =D8-C8 -> 0 | E48: =E8-D8 -> 0 | F48: =F8-E8 -> 520 | G48: =G8-F8 -> 412 | H48: =H8-G8 -> 261 | I48: =I8-H8 -> 170 | J48: =J8-I8 -> 303 | ... AF48: =AF8-AE8 -> 518
A49: M05 | B49: 520 | C49: =C9-B9 -> 259 | D49: =D9-C9 -> 0 | E49: =E9-D9 -> 0 | F49: =F9-E9 -> 169 | G49: =G9-F9 -> 520 | H49: =H9-G9 -> 434 | I49: =I9-H9 -> 434 | J49: =J9-I9 -> 388 | ... AF49: =AF9-AE9 -> 561
A50: M06 | B50: 0 | C50: =C10-B10 -> 353 | D50: =D10-C10 -> 0 | E50: =E10-D10 -> 0 | F50: =F10-E10 -> 82 | G50: =G10-F10 -> 288 | H50: =H10-G10 -> 586 | I50: =I10-H10 -> 359 | J50: =J10-I10 -> 265 | ... AF50: =AF10-AE10 -> 43
A51: M07 | B51: 0 | C51: =C11-B11 -> 251 | D51: =D11-C11 -> 0 | E51: =E11-D11 -> 0 | F51: =F11-E11 -> 414 | G51: =G11-F11 -> 368 | H51: =H11-G11 -> 299 | I51: =I11-H11 -> 463 | J51: =J11-I11 -> 264 | ... AF51: =AF11-AE11 -> 524
A52: M08 | B52: 432 | C52: =C12-B12 -> 90 | D52: =D12-C12 -> 520 | E52: =E12-D12 -> 3 | F52: =F12-E12 -> 437 | G52: =G12-F12 -> 433 | H52: =H12-G12 -> 349 | I52: =I12-H12 -> 305 | J52: =J12-I12 -> 497 | ... AF52: =AF12-AE12 -> 522
A53: M09 | B53: 482 | C53: =C13-B13 -> 569 | D53: =D13-C13 -> 528 | E53: =E13-D13 -> 483 | F53: =F13-E13 -> 242 | G53: =G13-F13 -> 256 | H53: =H13-G13 -> 229 | I53: =I13-H13 -> 0 | J53: =J13-I13 -> 462 | ... AF53: =AF13-AE13 -> 528
A54: M10 | B54: 1 | C54: =C14-B14 -> 515 | D54: =D14-C14 -> 517 | E54: =E14-D14 -> 517 | F54: =F14-E14 -> 604 | G54: =G14-F14 -> 391 | H54: =H14-G14 -> 518 | I54: =I14-H14 -> 355 | J54: =J14-I14 -> 154 | ... AF54: =AF14-AE14 -> 0
A55: M11 | B55: 0 | C55: =C15-B15 -> 531 | D55: =D15-C15 -> 43 | E55: =E15-D15 -> 0 | F55: =F15-E15 -> 521 | G55: =G15-F15 -> 523 | H55: =H15-G15 -> 437 | I55: =I15-H15 -> 157 | J55: =J15-I15 -> 453 | ... AF55: =AF15-AE15 -> 0
A56: M12 | B56: 45 | C56: =C16-B16 -> 607 | D56: =D16-C16 -> 520 | E56: =E16-D16 -> 432 | F56: =F16-E16 -> 195 | G56: =G16-F16 -> 169 | H56: =H16-G16 -> 563 | I56: =I16-H16 -> 505 | J56: =J16-I16 -> 606 | ... AF56: =AF16-AE16 -> 562
... A79: XM35 | B79: 0 | C79: =C39-B39 -> 166 | D79: =D39-C39 -> 0 | E79: =E39-D39 -> 0 | F79: =F39-E39 -> 202 | G79: =G39-F39 -> 252 | H79: =H39-G39 -> 251 | I79: =I39-H39 -> 354 | J79: =J39-I39 -> 516 | ... AF79: =AF39-AE39 -> 0
A81: Kilometraje Diario | B81: =SUM(B45:B79) -> 4943 | C81: =SUM(C45:C79) -> 12128 | D81: =SUM(D45:D79) -> 6489 | E81: =SUM(E45:E79) -> 4955 | F81: =SUM(F45:F79) -> 12105 | G81: =SUM(G45:G79) -> 12087 | H81: =SUM(H45:H79) -> 12123 | I81: =SUM(I45:I79) -> 10264 | ... AF81: =SUM(AF45:AF79) -> 6584
O86: XT-1 | P86: 2011095 | Q86: 2011346 | R86: 251 | S86: 7.64 | T86: 232.88 | U86: 10.48
O87: XT-2 | P87: 1984952 | Q87: 1984952 | R87: 0 | S87: 0 | T87: 0 | U87: 0
O88: XT-3 | P88: 2070598 | Q88: 2071118 | R88: 520 | S88: 0 | T88: 474.43 | U88: 45.57
O89: XT-4 | P89: 2072003 | Q89: 2072525 | R89: 522 | S89: 0 | T89: 560.69 | U89: -38.69
O90: XT-5 | P90: 1979915 | Q90: 1980227 | R90: 312 | S90: 0 | T90: 345.04 | U90: -33.04
O91: XT-6 | P91: 2093291 | Q91: 2093851 | R91: 560 | S91: 0 | T91: 560.69 | U91: -0.69
O92: XT-7 | P92: 2120868 | Q92: 2121182 | R92: 314 | S92: 3.82 | T92: 302.98 | U92: 7.2
O93: XT-8 | P93: 2024495 | Q93: 2024808 | R93: 313 | S93: 0 | T93: 345.04 | U93: -32.04
O94: XT-9 | P94: 2007241 | Q94: 2007856 | R94: 615 | S94: 0 | T94: 603.82 | U94: 11.18
O95: XT-10 | P95: 2085088 | Q95: 2085187 | R95: 99 | S95: 35.66 | T95: 58.22 | U95: 5.12
O96: XT-11 | P96: 2101619 | Q96: 2102070 | R96: 451 | S96: 17.83 | T96: 431.3 | U96: 1.87
O97: XT-12 | P97: 1945658 | Q97: 1946219 | R97: 561 | S97: 0 | T97: 560.69 | U97: 0.31
O98: XT-13 | P98: 2058236 | Q98: 2058695 | R98: 459 | S98: 3.82 | T98: 447.46 | U98: 7.72
O99: XT-14 | P99: 2035181 | Q99: 2035570 | R99: 389 | S99: 0 | T99: 388.17 | U99: 0.83
... O109: XT-24 | P109: 2040866 | Q109: 2041124 | R109: 258 | S109: 3.82 | T109: 246.9 | U109: 7.28
O110: XT-25 | P110: 1986589 | Q110: 1986999 | R110: 410 | S110: 17.83 | T110: 388.17 | U110: 4
O111: XT-26 | P111: 1721010 | Q111: 1721264 | R111: 254 | S111: 17.83 | T111: 230.74 | U111: 5.43
O112: XT-27 | P112: 2036758 | Q112: 2037362 | R112: 604 | S112: 0 | T112: 603.82 | U112: 0.18
O113: XT-28 | P113: 669259 | Q113: 669461 | R113: 202 | S113: 7.64 | T113: 202.7 | U113: -8.34
O114: XT-29 | P114: 610610 | Q114: 610855 | R114: 245 | S114: 0 | T114: 241.05 | U114: 3.95
O115: XT-30 | P115: 649599 | Q115: 649792 | R115: 193 | S115: 11.46 | T115: 174.66 | U115: 6.88
O116: XT-31 | P116: 667706 | Q116: 667958 | R116: 252 | S116: 7.64 | T116: 232.88 | U116: 11.48
O117: XT-32 | P117: 641069 | Q117: 641156 | R117: 87 | S117: 0 | T117: 86.26 | U117: 0.74
O118: XT-33 | P118: 692006 | Q118: 692199 | R118: 193 | S118: 17.83 | T118: 172.52 | U118: 2.65
O119: XT-34 | P119: 340601 | Q119: 340826 | R119: 225 | S119: 3.82 | T119: 216.72 | U119: 4.46
O120: XT-35 | P120: 665713 | Q120: 666061 | R120: 348 | S120: 17 | T120: 345.04 | U120: -14.04

Sheet KM-Servicio
E1: SA-QU/QU-SA | F1: 7.68 | H1: SA-MI | I1: 21.7 | J1: EB-PU | K1: 25.4 | L1: PU-SA | M1: 29.11 | N1: QU-LI / LI-QU | O1: 21.7 | P1: VM-PU | Q1: 8.3 | R1: VM-LI | S1: 34.83 | T1: LI-PO | U1: 39.19 | W1: PU-ES/ES-PU | X1: 11.71
B2: CANTIDAD DE SERVICIOS | D2: CANTIDAD DE SERVICIOS | F2: EB-LI | G2: =M2-K1 -> 17.73 | H2: PU-PE | I2: 30.4 | J2: PO-SA | K2: 25.4 | L2: PU-LI | M2: 43.13 | N2: MI-LI / LI-MI | O2: 35.73 | P2: HO-LI/LI-HO | Q2: 33.97 | R2: PU-MI | S2: 7.4 | T2: LI-PE | U2: 12.72 | W2: MI-SA | X2: 21.7
B3: PROGRAMADOS | D3: REALIZADOS | F3: Origen-Destino | G3: Total Trenes | H3: Total Trenes P | I3: Total Servicios | J3: Kms.xTrenes | K3: Kmsxservicios. | L3: Asientos x Kms. | M3: Disp x Km. | N3: Total Odómetro | O3: % Uso Trenes | Q3: Cortes | T3: Acoples | W3: KmTren R | X3: KmTren P
B4: Simples | C4: Dobles | D4: Simples | E4: Dobles | Q4: EB | R4: SA | S4: PE | T4: EB | U4: SA | V4: PE
A5: 45778 | B5: 51 | C5: 3 | D5: ='Data Ocupacion'!D41 -> 51 | E5: ='Data Ocupacion'!E41 -> 3 | F5: PU-LI | G5: =D5+E5*2 -> 57 | H5: =B5+C5*2 -> 57 | I5: =D5+E5 -> 54 | J5: =G5*M$2 -> 2458.41 | K5: =I5*M$2 -> 2329.02 | L5: =J5*104 -> 255674.64 | M5: =I5*104 -> 5616 | W5: =J5-(Q5*($M$2-$K$1))-(R5*($M$2-$M$1))- (S5*($M$2-$I$2))+ (T5*($G$2)) -> 2458.41 | X5: =H5*$M$2 -> 2458.41
B6: 57 | C6: 0 | D6: ='Data Ocupacion'!D42 -> 57 | E6: ='Data Ocupacion'!E42 -> 0 | F6: LI-PU | G6: =D6+E6*2 -> 57 | H6: =B6+C6*2 -> 57 | I6: =D6+E6 -> 57 | J6: =G6*M$2 -> 2458.41 | K6: =I6*M$2 -> 2458.41 | L6: =J6*104 -> 255674.64 | M6: =I6*104 -> 5928 | W6: =J6-(T6*($M$2-$K$1)+(U6*($M$2-$M$1))) -> 2458.41 | X6: =H6*$M$2 -> 2458.41
B7: 0 | C7: 0 | D7: ='Data Ocupacion'!D43 -> 0 | E7: ='Data Ocupacion'!E43 -> 0 | F7: PU-SA | G7: =D7+E7*2 -> 0 | H7: =B7+C7*2 -> 0 | I7: =D7+E7 -> 0 | J7: =G7*M$1 -> 0 | K7: =I7*M$1 -> 0 | L7: =J7*104 -> 0 | M7: =I7*104 -> 0 | W7: =J7-(Q7*($M$1-$K$1)) -> 0 | X7: =H7*$M$1 -> 0
B8: 0 | C8: 0 | D8: ='Data Ocupacion'!D44 -> 0 | E8: ='Data Ocupacion'!E44 -> 0 | F8: SA-PU | G8: =D8+E8*2 -> 0 | H8: =B8+C8*2 -> 0 | I8: =D8+E8 -> 0 | J8: =G8*M$1 -> 0 | K8: =I8*M$1 -> 0 | L8: =J8*104 -> 0 | M8: =I8*104 -> 0 | W8: =J8 -> 0 | X8: =H8*$M$1 -> 0
B9: 0 | C9: 0 | D9: ='Data Ocupacion'!D45 -> 0 | E9: ='Data Ocupacion'!E45 -> 0 | F9: PU-EB | G9: =D9+E9*2 -> 0 | H9: =B9+C9*2 -> 0 | I9: =D9+E9 -> 0 | J9: =G9*K$1 -> 0 | K9: =I9*K$1 -> 0 | L9: =J9*104 -> 0 | M9: =I9*104 -> 0 | W9: =J9 -> 0 | X9: =H9*$K$1 -> 0
B10: 0 | C10: 0 | D10: ='Data Ocupacion'!D46 -> 0 | E10: ='Data Ocupacion'!E46 -> 0 | F10: EB-PU | G10: =D10+E10*2 -> 0 | H10: =B10+C10*2 -> 0 | I10: =D10+E10 -> 0 | J10: =G10*K$1 -> 0 | K10: =I10*K$1 -> 0 | L10: =J10*104 -> 0 | M10: =I10*104 -> 0 | W10: =J10 -> 0 | X10: =H10*$K$1 -> 0
B11: =SUM(B5:B10) -> 108 | C11: =SUM(C5:C10) -> 3 | D11: =SUM(D5:D10) -> 108 | E11: =SUM(E5:E10) -> 3 | G11: =SUM(G5:G10) -> 114 | H11: =SUM(H5:H10) -> 114 | I11: =SUM(I5:I10) -> 111 | J11: =SUM(J5:J10) -> 4916.82 | K11: =SUM(K5:K10) -> 4787.43 | L11: =SUM(L5:L10) -> 511349.28 | M11: =SUM(M5:M10) -> 11544 | N11: ='Odometro-Kilometraje'!B81 -> 4943 | O11: =(W11/N11)*100 -> 99.470362 | W11: =SUM(W5:W10) -> 4916.82 | X11: =SUM(X5:X10) -> 4916.82
A12: =A5+1 -> 45779 | B12: 47 | C12: 32 | D12: ='Data Ocupacion'!F41 -> 47 | E12: ='Data Ocupacion'!G41 -> 32 | F12: PU-LI | G12: =D12+E12*2 -> 111 | H12: =B12+C12*2 -> 111 | I12: =D12+E12 -> 79 | J12: =G12*M$2 -> 4787.43 | K12: =I12*M$2 -> 3407.27 | L12: =J12*104 -> 497892.72 | M12: =I12*104 -> 8216 | Q12: 4 | T12: 4 | W12: =J12-(Q12*($M$2-$K$1))-(R12*($M$2-$M$1))- (S12*($M$2-$I$2))+ (T12*($G$2)) -> 4787.43 | X12: =H12*$M$2 -> 4787.43
B13: 45 | C13: 33 | D13: ='Data Ocupacion'!F42 -> 45 | E13: ='Data Ocupacion'!G42 -> 33 | F13: LI-PU | G13: =D13+E13*2 -> 111 | H13: =B13+C13*2 -> 111 | I13: =D13+E13 -> 78 | J13: =G13*M$2 -> 4787.43 | K13: =I13*M$2 -> 3364.14 | L13: =J13*104 -> 497892.72 | M13: =I13*104 -> 8112 | W13: =J13-(T13*($M$2-$K$1)+(U13*($M$2-$M$1))) -> 4787.43 | X13: =H13*$M$2 -> 4787.43
B14: 29 | C14: 4 | D14: ='Data Ocupacion'!F43 -> 29 | E14: ='Data Ocupacion'!G43 -> 4 | F14: PU-SA | G14: =D14+E14*2 -> 37 | H14: =B14+C14*2 -> 37 | I14: =D14+E14 -> 33 | J14: =G14*M$1 -> 1077.07 | K14: =I14*M$1 -> 960.63 | L14: =J14*104 -> 112015.28 | M14: =I14*104 -> 3432 | W14: =J14-(Q14*($M$1-$K$1)) -> 1077.07 | X14: =H14*$M$1 -> 1077.07
B15: 28 | C15: 4 | D15: ='Data Ocupacion'!F44 -> 28 | E15: ='Data Ocupacion'!G44 -> 4 | F15: SA-PU | G15: =D15+E15*2 -> 36 | H15: =B15+C15*2 -> 36 | I15: =D15+E15 -> 32 | J15: =G15*M$1 -> 1047.96 | K15: =I15*M$1 -> 931.52 | L15: =J15*104 -> 108987.84 | M15: =I15*104 -> 3328 | W15: =J15 -> 1047.96 | X15: =H15*$M$1 -> 1047.96
B16: 0 | C16: 0 | D16: ='Data Ocupacion'!F45 -> 0 | E16: ='Data Ocupacion'!G45 -> 0 | F16: PU-EB | G16: =D16+E16*2 -> 0 | H16: =B16+C16*2 -> 0 | I16: =D16+E16 -> 0 | J16: =G16*K$1 -> 0 | K16: =I16*K$1 -> 0 | L16: =J16*104 -> 0 | M16: =I16*104 -> 0 | W16: =J16 -> 0 | X16: =H16*$K$1 -> 0
B17: 1 | C17: 0 | D17: ='Data Ocupacion'!F46 -> 1 | E17: ='Data Ocupacion'!G46 -> 0 | F17: EB-PU | G17: =D17+E17*2 -> 1 | H17: =B17+C17*2 -> 1 | I17: =D17+E17 -> 1 | J17: =G17*K$1 -> 25.4 | K17: =I17*K$1 -> 25.4 | L17: =J17*104 -> 2641.6 | M17: =I17*104 -> 104 | W17: =J17 -> 25.4 | X17: =H17*$K$1 -> 25.4
B18: =SUM(B12:B17) -> 150 | C18: =SUM(C12:C17) -> 73 | D18: =SUM(D12:D17) -> 150 | E18: =SUM(E12:E17) -> 73 | G18: =SUM(G12:G17) -> 296 | H18: =SUM(H12:H17) -> 296 | I18: =SUM(I12:I17) -> 223 | J18: =SUM(J12:J17) -> 11725.29 | K18: =SUM(K12:K17) -> 8688.96 | L18: =SUM(L12:L17) -> 1219430.2 | M18: =SUM(M12:M17) -> 23192 | N18: ='Odometro-Kilometraje'!C81 -> 12128 | O18: =(W18/N18)*100 -> 96.679502 | W18: =SUM(W12:W17) -> 11725.29 | X18: =SUM(X12:X17) -> 11725.29
A19: =A12+1 -> 45780 | B19: 69 | C19: 3 | D19: ='Data Ocupacion'!H41 -> 69 | E19: ='Data Ocupacion'!I41 -> 3 | F19: PU-LI | G19: =D19+E19*2 -> 75 | H19: =B19+C19*2 -> 75 | I19: =D19+E19 -> 72 | J19: =G19*M$2 -> 3234.75 | K19: =I19*M$2 -> 3105.36 | L19: =J19*104 -> 336414 | M19: =I19*104 -> 7488 | W19: =J19-(Q19*($M$2-$K$1))-(R19*($M$2-$M$1))- (S19*($M$2-$I$2))+ (T19*($G$2)) -> 3234.75 | X19: =H19*$M$2 -> 3234.75
B20: 75 | C20: 0 | D20: ='Data Ocupacion'!H42 -> 75 | E20: ='Data Ocupacion'!I42 -> 0 | F20: LI-PU | G20: =D20+E20*2 -> 75 | H20: =B20+C20*2 -> 75 | I20: =D20+E20 -> 75 | J20: =G20*M$2 -> 3234.75 | K20: =I20*M$2 -> 3234.75 | L20: =J20*104 -> 336414 | M20: =I20*104 -> 7800 | W20: =J20-(T20*($M$2-$K$1)+(U20*($M$2-$M$1))) -> 3234.75 | X20: =H20*$M$2 -> 3234.75
B21: 0 | C21: 0 | D21: ='Data Ocupacion'!H43 -> 0 | E21: ='Data Ocupacion'!I43 -> 0 | F21: PU-SA | G21: =D21+E21*2 -> 0 | H21: =B21+C21*2 -> 0 | I21: =D21+E21 -> 0 | J21: =G21*M$1 -> 0 | K21: =I21*M$1 -> 0 | L21: =J21*104 -> 0 | M21: =I21*104 -> 0 | W21: =J21-(Q21*($M$1-$K$1)) -> 0 | X21: =H21*$M$1 -> 0
B22: 0 | C22: 0 | D22: ='Data Ocupacion'!H44 -> 0 | E22: ='Data Ocupacion'!I44 -> 0 | F22: SA-PU | G22: =D22+E22*2 -> 0 | H22: =B22+C22*2 -> 0 | I22: =D22+E22 -> 0 | J22: =G22*M$1 -> 0 | K22: =I22*M$1 -> 0 | L22: =J22*104 -> 0 | M22: =I22*104 -> 0 | W22: =J22 -> 0 | X22: =H22*$M$1 -> 0
B23: 0 | C23: 0 | D23: ='Data Ocupacion'!H45 -> 0 | E23: ='Data Ocupacion'!I45 -> 0 | F23: PU-EB | G23: =D23+E23*2 -> 0 | H23: =B23+C23*2 -> 0 | I23: =D23+E23 -> 0 | J23: =G23*K$1 -> 0 | K23: =I23*K$1 -> 0 | L23: =J23*104 -> 0 | M23: =I23*104 -> 0 | W23: =J23 -> 0 | X23: =H23*$K$1 -> 0
B24: 0 | C24: 0 | D24: ='Data Ocupacion'!H46 -> 0 | E24: ='Data Ocupacion'!I46 -> 0 | F24: EB-PU | G24: =D24+E24*2 -> 0 | H24: =B24+C24*2 -> 0 | I24: =D24+E24 -> 0 | J24: =G24*K$1 -> 0 | K24: =I24*K$1 -> 0 | L24: =J24*104 -> 0 | M24: =I24*104 -> 0 | W24: =J24 -> 0 | X24: =H24*$K$1 -> 0
B25: =SUM(B19:B24) -> 144 | C25: =SUM(C19:C24) -> 3 | D25: =SUM(D19:D24) -> 144 | E25: =SUM(E19:E24) -> 3 | G25: =SUM(G19:G24) -> 150 | H25: =SUM(H19:H24) -> 150 | I25: =SUM(I19:I24) -> 147 | J25: =SUM(J19:J24) -> 6469.5 | K25: =SUM(K19:K24) -> 6340.11 | L25: =SUM(L19:L24) -> 672828 | M25: =SUM(M19:M24) -> 15288 | N25: ='Odometro-Kilometraje'!D81 -> 6489 | O25: =(W25/N25)*100 -> 99.699491 | W25: =SUM(W19:W24) -> 6469.5 | X25: =SUM(X19:X24) -> 6469.5
A26: =A19+1 -> 45781 | B26: 51 | C26: 3 | D26: ='Data Ocupacion'!J41 -> 51 | E26: ='Data Ocupacion'!K41 -> 3 | F26: PU-LI | G26: =D26+E26*2 -> 57 | H26: =B26+C26*2 -> 57 | I26: =D26+E26 -> 54 | J26: =G26*M$2 -> 2458.41 | K26: =I26*M$2 -> 2329.02 | L26: =J26*104 -> 255674.64 | M26: =I26*104 -> 5616 | W26: =J26-(Q26*($M$2-$K$1))-(R26*($M$2-$M$1))- (S26*($M$2-$I$2))+ (T26*($G$2)) -> 2458.41 | X26: =H26*$M$2 -> 2458.41
B27: 57 | C27: 0 | D27: ='Data Ocupacion'!J42 -> 57 | E27: ='Data Ocupacion'!K42 -> 0 | F27: LI-PU | G27: =D27+E27*2 -> 57 | H27: =B27+C27*2 -> 57 | I27: =D27+E27 -> 57 | J27: =G27*M$2 -> 2458.41 | K27: =I27*M$2 -> 2458.41 | L27: =J27*104 -> 255674.64 | M27: =I27*104 -> 5928 | W27: =J27-(T27*($M$2-$K$1)+(U27*($M$2-$M$1))+(V27*($M$2-$I$2))) -> 2458.41 | X27: =H27*$M$2 -> 2458.41
B28: 0 | C28: 0 | D28: ='Data Ocupacion'!J43 -> 0 | E28: ='Data Ocupacion'!K43 -> 0 | F28: PU-SA | G28: =D28+E28*2 -> 0 | H28: =B28+C28*2 -> 0 | I28: =D28+E28 -> 0 | J28: =G28*M$1 -> 0 | K28: =I28*M$1 -> 0 | L28: =J28*104 -> 0 | M28: =I28*104 -> 0 | W28: =J28-(Q28*($M$1-$K$1)) -> 0 | X28: =H28*$M$1 -> 0
B29: 0 | C29: 0 | D29: ='Data Ocupacion'!J44 -> 0 | E29: ='Data Ocupacion'!K44 -> 0 | F29: SA-PU | G29: =D29+E29*2 -> 0 | H29: =B29+C29*2 -> 0 | I29: =D29+E29 -> 0 | J29: =G29*M$1 -> 0 | K29: =I29*M$1 -> 0 | L29: =J29*104 -> 0 | M29: =I29*104 -> 0 | W29: =J29 -> 0 | X29: =H29*$M$1 -> 0
B30: 0 | C30: 0 | D30: ='Data Ocupacion'!J45 -> 0 | E30: ='Data Ocupacion'!K45 -> 0 | F30: PU-EB | G30: =D30+E30*2 -> 0 | H30: =B30+C30*2 -> 0 | I30: =D30+E30 -> 0 | J30: =G30*K$1 -> 0 | K30: =I30*K$1 -> 0 | L30: =J30*104 -> 0 | M30: =I30*104 -> 0 | W30: =J30 -> 0 | X30: =H30*$K$1 -> 0
B31: 0 | C31: 0 | D31: ='Data Ocupacion'!J46 -> 0 | E31: ='Data Ocupacion'!K46 -> 0 | F31: EB-PU | G31: =D31+E31*2 -> 0 | H31: =B31+C31*2 -> 0 | I31: =D31+E31 -> 0 | J31: =G31*K$1 -> 0 | K31: =I31*K$1 -> 0 | L31: =J31*104 -> 0 | M31: =I31*104 -> 0 | W31: =J31 -> 0 | X31: =H31*$K$1 -> 0
B32: =SUM(B26:B31) -> 108 | C32: =SUM(C26:C31) -> 3 | D32: =SUM(D26:D31) -> 108 | E32: =SUM(E26:E31) -> 3 | G32: =SUM(G26:G31) -> 114 | H32: =SUM(H26:H31) -> 114 | I32: =SUM(I26:I31) -> 111 | J32: =SUM(J26:J31) -> 4916.82 | K32: =SUM(K26:K31) -> 4787.43 | L32: =SUM(L26:L31) -> 511349.28 | M32: =SUM(M26:M31) -> 11544 | N32: ='Odometro-Kilometraje'!E81 -> 4955 | O32: =(W32/N32)*100 -> 99.229465 | W32: =SUM(W26:W31) -> 4916.82 | X32: =SUM(X26:X31) -> 4916.82
A33: =A26+1 -> 45782 | B33: 47 | C33: 32 | D33: ='Data Ocupacion'!L41 -> 47 | E33: ='Data Ocupacion'!M41 -> 32 | F33: PU-LI | G33: =D33+E33*2 -> 111 | H33: =B33+C33*2 -> 111 | I33: =D33+E33 -> 79 | J33: =G33*M$2 -> 4787.43 | K33: =I33*M$2 -> 3407.27 | L33: =J33*104 -> 497892.72 | M33: =I33*104 -> 8216 | Q33: 2 | T33: 3 | W33: =J33-(Q33*($M$2-$K$1))-(R33*($M$2-$M$1))- (S33*($M$2-$I$2))+ (T33*($G$2)) -> 4805.16 | X33: =H33*$M$2 -> 4787.43
B34: 45 | C34: 33 | D34: ='Data Ocupacion'!L42 -> 45 | E34: ='Data Ocupacion'!M42 -> 33 | F34: LI-PU | G34: =D34+E34*2 -> 111 | H34: =B34+C34*2 -> 111 | I34: =D34+E34 -> 78 | J34: =G34*M$2 -> 4787.43 | K34: =I34*M$2 -> 3364.14 | L34: =J34*104 -> 497892.72 | M34: =I34*104 -> 8112 | W34: =J34-(T34*($M$2-$K$1)+(U34*($M$2-$M$1))) -> 4787.43 | X34: =H34*$M$2 -> 4787.43
B35: 29 | C35: 4 | D35: ='Data Ocupacion'!L43 -> 29 | E35: ='Data Ocupacion'!M43 -> 4 | F35: PU-SA | G35: =D35+E35*2 -> 37 | H35: =B35+C35*2 -> 37 | I35: =D35+E35 -> 33 | J35: =G35*M$1 -> 1077.07 | K35: =I35*M$1 -> 960.63 | L35: =J35*104 -> 112015.28 | M35: =I35*104 -> 3432 | W35: =J35-(Q35*($M$1-$K$1)) -> 1077.07 | X35: =H35*$M$1 -> 1077.07
B36: 28 | C36: 4 | D36: ='Data Ocupacion'!L44 -> 28 | E36: ='Data Ocupacion'!M44 -> 4 | F36: SA-PU | G36: =D36+E36*2 -> 36 | H36: =B36+C36*2 -> 36 | I36: =D36+E36 -> 32 | J36: =G36*M$1 -> 1047.96 | K36: =I36*M$1 -> 931.52 | L36: =J36*104 -> 108987.84 | M36: =I36*104 -> 3328 | W36: =J36 -> 1047.96 | X36: =H36*$M$1 -> 1047.96
B37: 0 | C37: 0 | D37: ='Data Ocupacion'!L45 -> 0 | E37: ='Data Ocupacion'!M45 -> 0 | F37: PU-EB | G37: =D37+E37*2 -> 0 | H37: =B37+C37*2 -> 0 | I37: =D37+E37 -> 0 | J37: =G37*K$1 -> 0 | K37: =I37*K$1 -> 0 | L37: =J37*104 -> 0 | M37: =I37*104 -> 0 | W37: =J37 -> 0 | X37: =H37*$K$1 -> 0
B38: 1 | C38: 0 | D38: ='Data Ocupacion'!L46 -> 1 | E38: ='Data Ocupacion'!M46 -> 0 | F38: EB-PU | G38: =D38+E38*2 -> 1 | H38: =B38+C38*2 -> 1 | I38: =D38+E38 -> 1 | J38: =G38*K$1 -> 25.4 | K38: =I38*K$1 -> 25.4 | L38: =J38*104 -> 2641.6 | M38: =I38*104 -> 104 | W38: =J38 -> 25.4 | X38: =H38*$K$1 -> 25.4
B39: =SUM(B33:B38) -> 150 | C39: =SUM(C33:C38) -> 73 | D39: =SUM(D33:D38) -> 150 | E39: =SUM(E33:E38) -> 73 | G39: =SUM(G33:G38) -> 296 | H39: =SUM(H33:H38) -> 296 | I39: =SUM(I33:I38) -> 223 | J39: =SUM(J33:J38) -> 11725.29 | K39: =SUM(K33:K38) -> 8688.96 | L39: =SUM(L33:L38) -> 1219430.2 | M39: =SUM(M33:M38) -> 23192 | N39: ='Odometro-Kilometraje'!F81 -> 12105 | O39: =(W39/N39)*100 -> 97.009665 | W39: =SUM(W33:W38) -> 11743.02 | X39: =SUM(X33:X38) -> 11725.29
A40: =A33+1 -> 45783 | B40: 47 | C40: 32 | D40: ='Data Ocupacion'!N41 -> 47 | E40: ='Data Ocupacion'!O41 -> 32 | F40: PU-LI | G40: =D40+E40*2 -> 111 | H40: =B40+C40*2 -> 111 | I40: =D40+E40 -> 79 | J40: =G40*M$2 -> 4787.43 | K40: =I40*M$2 -> 3407.27 | L40: =J40*104 -> 497892.72 | M40: =I40*104 -> 8216 | T40: 2 | W40: =J40-(Q40*($M$2-$K$1))-(R40*($M$2-$M$1))- (S40*($M$2-$I$2))+ (T40*($G$2)) -> 4822.89 | X40: =H40*$M$2 -> 4787.43
B41: 45 | C41: 33 | D41: ='Data Ocupacion'!N42 -> 45 | E41: ='Data Ocupacion'!O42 -> 33 | F41: LI-PU | G41: =D41+E41*2 -> 111 | H41: =B41+C41*2 -> 111 | I41: =D41+E41 -> 78 | J41: =G41*M$2 -> 4787.43 | K41: =I41*M$2 -> 3364.14 | L41: =J41*104 -> 497892.72 | M41: =I41*104 -> 8112 | W41: =J41-(T41*($M$2-$K$1)+(U41*($M$2-$M$1))) -> 4787.43 | X41: =H41*$M$2 -> 4787.43
B42: 29 | C42: 4 | D42: ='Data Ocupacion'!N43 -> 29 | E42: ='Data Ocupacion'!O43 -> 4 | F42: PU-SA | G42: =D42+E42*2 -> 37 | H42: =B42+C42*2 -> 37 | I42: =D42+E42 -> 33 | J42: =G42*M$1 -> 1077.07 | K42: =I42*M$1 -> 960.63 | L42: =J42*104 -> 112015.28 | M42: =I42*104 -> 3432 | W42: =J42-(Q42*($M$1-$K$1)) -> 1077.07 | X42: =H42*$M$1 -> 1077.07
B43: 28 | C43: 4 | D43: ='Data Ocupacion'!N44 -> 28 | E43: ='Data Ocupacion'!O44 -> 4 | F43: SA-PU | G43: =D43+E43*2 -> 36 | H43: =B43+C43*2 -> 36 | I43: =D43+E43 -> 32 | J43: =G43*M$1 -> 1047.96 | K43: =I43*M$1 -> 931.52 | L43: =J43*104 -> 108987.84 | M43: =I43*104 -> 3328 | W43: =J43 -> 1047.96 | X43: =H43*$M$1 -> 1047.96
B44: 0 | C44: 0 | D44: ='Data Ocupacion'!N45 -> 0 | E44: ='Data Ocupacion'!O45 -> 0 | F44: PU-EB | G44: =D44+E44*2 -> 0 | H44: =B44+C44*2 -> 0 | I44: =D44+E44 -> 0 | J44: =G44*K$1 -> 0 | K44: =I44*K$1 -> 0 | L44: =J44*104 -> 0 | M44: =I44*104 -> 0 | W44: =J44 -> 0 | X44: =H44*$K$1 -> 0
B45: 1 | C45: 0 | D45: ='Data Ocupacion'!N46 -> 1 | E45: ='Data Ocupacion'!O46 -> 0 | F45: EB-PU | G45: =D45+E45*2 -> 1 | H45: =B45+C45*2 -> 1 | I45: =D45+E45 -> 1 | J45: =G45*K$1 -> 25.4 | K45: =I45*K$1 -> 25.4 | L45: =J45*104 -> 2641.6 | M45: =I45*104 -> 104 | W45: =J45 -> 25.4 | X45: =H45*$K$1 -> 25.4
B46: =SUM(B40:B45) -> 150 | C46: =SUM(C40:C45) -> 73 | D46: =SUM(D40:D45) -> 150 | E46: =SUM(E40:E45) -> 73 | G46: =SUM(G40:G45) -> 296 | H46: =SUM(H40:H45) -> 296 | I46: =SUM(I40:I45) -> 223 | J46: =SUM(J40:J45) -> 11725.29 | K46: =SUM(K40:K45) -> 8688.96 | L46: =SUM(L40:L45) -> 1219430.2 | M46: =SUM(M40:M45) -> 23192 | N46: ='Odometro-Kilometraje'!G81 -> 12087 | O46: =(W46/N46)*100 -> 97.300819 | W46: =SUM(W40:W45) -> 11760.75 | X46: =SUM(X40:X45) -> 11725.29
A47: =A40+1 -> 45784 | B47: 47 | C47: 32 | D47: ='Data Ocupacion'!P41 -> 47 | E47: ='Data Ocupacion'!Q41 -> 32 | F47: PU-LI | G47: =D47+E47*2 -> 111 | H47: =B47+C47*2 -> 111 | I47: =D47+E47 -> 79 | J47: =G47*M$2 -> 4787.43 | K47: =I47*M$2 -> 3407.27 | L47: =J47*104 -> 497892.72 | M47: =I47*104 -> 8216 | T47: 4 | W47: =J47-(Q47*($M$2-$K$1))-(R47*($M$2-$M$1))- (S47*($M$2-$I$2))+ (T47*($G$2)) -> 4858.35 | X47: =H47*$M$2 -> 4787.43
B48: 45 | C48: 33 | D48: ='Data Ocupacion'!P42 -> 45 | E48: ='Data Ocupacion'!Q42 -> 33 | F48: LI-PU | G48: =D48+E48*2 -> 111 | H48: =B48+C48*2 -> 111 | I48: =D48+E48 -> 78 | J48: =G48*M$2 -> 4787.43 | K48: =I48*M$2 -> 3364.14 | L48: =J48*104 -> 497892.72 | M48: =I48*104 -> 8112 | W48: =J48-(T48*($M$2-$K$1)+(U48*($M$2-$M$1))) -> 4787.43 | X48: =H48*$M$2 -> 4787.43
B49: 29 | C49: 4 | D49: ='Data Ocupacion'!P43 -> 29 | E49: ='Data Ocupacion'!Q43 -> 4 | F49: PU-SA | G49: =D49+E49*2 -> 37 | H49: =B49+C49*2 -> 37 | I49: =D49+E49 -> 33 | J49: =G49*M$1 -> 1077.07 | K49: =I49*M$1 -> 960.63 | L49: =J49*104 -> 112015.28 | M49: =I49*104 -> 3432 | W49: =J49-(Q49*($M$1-$K$1)) -> 1077.07 | X49: =H49*$M$1 -> 1077.07
B50: 28 | C50: 4 | D50: ='Data Ocupacion'!P44 -> 28 | E50: ='Data Ocupacion'!Q44 -> 4 | F50: SA-PU | G50: =D50+E50*2 -> 36 | H50: =B50+C50*2 -> 36 | I50: =D50+E50 -> 32 | J50: =G50*M$1 -> 1047.96 | K50: =I50*M$1 -> 931.52 | L50: =J50*104 -> 108987.84 | M50: =I50*104 -> 3328 | W50: =J50 -> 1047.96 | X50: =H50*$M$1 -> 1047.96
B51: 0 | C51: 0 | D51: ='Data Ocupacion'!P45 -> 0 | E51: ='Data Ocupacion'!Q45 -> 0 | F51: PU-EB | G51: =D51+E51*2 -> 0 | H51: =B51+C51*2 -> 0 | I51: =D51+E51 -> 0 | J51: =G51*K$1 -> 0 | K51: =I51*K$1 -> 0 | L51: =J51*104 -> 0 | M51: =I51*104 -> 0 | W51: =J51 -> 0 | X51: =H51*$K$1 -> 0
B52: 1 | C52: 0 | D52: ='Data Ocupacion'!P46 -> 1 | E52: ='Data Ocupacion'!Q46 -> 0 | F52: EB-PU | G52: =D52+E52*2 -> 1 | H52: =B52+C52*2 -> 1 | I52: =D52+E52 -> 1 | J52: =G52*K$1 -> 25.4 | K52: =I52*K$1 -> 25.4 | L52: =J52*104 -> 2641.6 | M52: =I52*104 -> 104 | W52: =J52 -> 25.4 | X52: =H52*$K$1 -> 25.4
B53: =SUM(B47:B52) -> 150 | C53: =SUM(C47:C52) -> 73 | D53: =SUM(D47:D52) -> 150 | E53: =SUM(E47:E52) -> 73 | G53: =SUM(G47:G52) -> 296 | H53: =SUM(H47:H52) -> 296 | I53: =SUM(I47:I52) -> 223 | J53: =SUM(J47:J52) -> 11725.29 | K53: =SUM(K47:K52) -> 8688.96 | L53: =SUM(L47:L52) -> 1219430.2 | M53: =SUM(M47:M52) -> 23192 | N53: ='Odometro-Kilometraje'!H81 -> 12123 | O53: =(W53/N53)*100 -> 97.30438 | W53: =SUM(W47:W52) -> 11796.21 | X53: =SUM(X47:X52) -> 11725.29
A54: =A47+1 -> 45785 | B54: 47 | C54: 32 | D54: ='Data Ocupacion'!R41 -> 31 | E54: ='Data Ocupacion'!S41 -> 24 | F54: PU-LI | G54: =D54+E54*2 -> 79 | H54: =B54+C54*2 -> 111 | I54: =D54+E54 -> 55 | J54: =G54*M$2 -> 3407.27 | K54: =I54*M$2 -> 2372.15 | L54: =J54*104 -> 354356.08 | M54: =I54*104 -> 5720 | W54: =J54-(Q54*($M$2-$K$1))-(R54*($M$2-$M$1))- (S54*($M$2-$I$2))+ (T54*($G$2)) -> 3407.27 | X54: =H54*$M$2 -> 4787.43
A55: Corte catenaria v1 en RE, afecta v1 en tramo PO-ES | B55: 45 | C55: 33 | D55: ='Data Ocupacion'!R42 -> 28 | E55: ='Data Ocupacion'!S42 -> 28 | F55: LI-PU | G55: =D55+E55*2 -> 84 | H55: =B55+C55*2 -> 111 | I55: =D55+E55 -> 56 | J55: =G55*M$2 -> 3622.92 | K55: =I55*M$2 -> 2415.28 | L55: =J55*104 -> 376783.68 | M55: =I55*104 -> 5824 | W55: =J55-(T55*($M$2-$K$1)+(U55*($M$2-$M$1))) -> 3622.92 | X55: =H55*$M$2 -> 4787.43 | Z55: v1
B56: 29 | C56: 4 | D56: ='Data Ocupacion'!R43 -> 21 | E56: ='Data Ocupacion'!S43 -> 0 | F56: PU-SA | G56: =D56+E56*2 -> 21 | H56: =B56+C56*2 -> 37 | I56: =D56+E56 -> 21 | J56: =G56*M$1 -> 611.31 | K56: =I56*M$1 -> 611.31 | L56: =J56*104 -> 63576.24 | M56: =I56*104 -> 2184 | W56: =J56-(Q56*($M$1-$K$1)) -> 611.31 | X56: =H56*$M$1 -> 1077.07 | Z56: PU-CH | AA56: 10.17
B57: 28 | C57: 4 | D57: ='Data Ocupacion'!R44 -> 19 | E57: ='Data Ocupacion'!S44 -> 2 | F57: SA-PU | G57: =D57+E57*2 -> 23 | H57: =B57+C57*2 -> 36 | I57: =D57+E57 -> 21 | J57: =G57*M$1 -> 669.53 | K57: =I57*M$1 -> 611.31 | L57: =J57*104 -> 69631.12 | M57: =I57*104 -> 2184 | W57: =J57 -> 669.53 | X57: =H57*$M$1 -> 1047.96 | Z57: PU-FR | AA57: 1.42 | BM57: v
B58: 0 | C58: 0 | D58: ='Data Ocupacion'!R45 -> 0 | E58: ='Data Ocupacion'!S45 -> 0 | F58: PU-EB | G58: =D58+E58*2 -> 0 | H58: =B58+C58*2 -> 0 | I58: =D58+E58 -> 0 | J58: =G58*K$1 -> 0 | K58: =I58*K$1 -> 0 | L58: =J58*104 -> 0 | M58: =I58*104 -> 0 | W58: =J58 -> 0 | X58: =H58*$K$1 -> 0 | Z58: PU-RE | AA58: 5.99
B59: 1 | C59: 0 | D59: ='Data Ocupacion'!R46 -> 1 | E59: ='Data Ocupacion'!S46 -> 0 | F59: EB-PU | G59: =D59+E59*2 -> 1 | H59: =B59+C59*2 -> 1 | I59: =D59+E59 -> 1 | J59: =G59*K$1 -> 25.4 | K59: =I59*K$1 -> 25.4 | L59: =J59*104 -> 2641.6 | M59: =I59*104 -> 104 | W59: =J59 -> 25.4 | X59: =H59*$K$1 -> 25.4 | Z59: v2
B60: 0 | C60: 0 | D60: ='Data Ocupacion'!R47 -> 1 | E60: ='Data Ocupacion'!S47 -> 3 | F60: LI-QU | G60: =D60+E60*2 -> 7 | H60: =B60+C60*2 -> 0 | I60: =D60+E60 -> 4 | J60: =G60*O$1 -> 151.9 | K60: =I60*O$1 -> 86.8 | L60: =J60*104 -> 15797.6 | M60: =I60*104 -> 416 | W60: =J60 -> 151.9 | X60: =H60*$O$1 -> 0 | Z60: LI-CH | AA60: 32.96
B61: 0 | C61: 0 | D61: ='Data Ocupacion'!R48 -> 2 | E61: ='Data Ocupacion'!S48 -> 1 | F61: QU-LI | G61: =D61+E61*2 -> 4 | H61: =B61+C61*2 -> 0 | I61: =D61+E61 -> 3 | J61: =G61*O$1 -> 86.8 | K61: =I61*O$1 -> 65.1 | L61: =J61*104 -> 9027.2 | M61: =I61*104 -> 312 | W61: =J61 -> 86.8 | X61: =H61*$O$1 -> 0
B62: 0 | C62: 0 | D62: ='Data Ocupacion'!R49 -> 0 | E62: ='Data Ocupacion'!S49 -> 5 | F62: LI-MI | G62: =D62+E62*2 -> 10 | H62: =B62+C62*2 -> 0 | I62: =D62+E62 -> 5 | J62: =G62*O$2 -> 357.3 | K62: =I62*O$2 -> 178.65 | L62: =J62*104 -> 37159.2 | M62: =I62*104 -> 520 | W62: =J62 -> 357.3 | X62: =H62*$O$2 -> 0
B63: 0 | C63: 0 | D63: ='Data Ocupacion'!R50 -> 3 | E63: ='Data Ocupacion'!S50 -> 2 | F63: MI-LI | G63: =D63+E63*2 -> 7 | H63: =B63+C63*2 -> 0 | I63: =D63+E63 -> 5 | J63: =G63*O$2 -> 250.11 | K63: =I63*O$2 -> 178.65 | L63: =J63*104 -> 26011.44 | M63: =I63*104 -> 520 | W63: =J63 -> 250.11 | X63: =H63*$O$2 -> 0
B64: 0 | C64: 0 | D64: ='Data Ocupacion'!R51 -> 1 | E64: ='Data Ocupacion'!S51 -> 1 | F64: SA-QU | G64: =D64+E64*2 -> 3 | H64: =B64+C64*2 -> 0 | I64: =D64+E64 -> 2 | J64: =G64*F$1 -> 23.04 | K64: =I64*F$1 -> 15.36 | L64: =J64*104 -> 2396.16 | M64: =I64*104 -> 208 | W64: =J64 -> 23.04 | X64: =H64*$F$1 -> 0
B65: 0 | C65: 0 | D65: ='Data Ocupacion'!R21 -> 1 | E65: ='Data Ocupacion'!S21 -> 0 | F65: PU-CH | G65: =D65+E65*2 -> 1 | H65: =B65+C65*2 -> 0 | I65: =D65+E65 -> 1 | J65: =G65*AA56 -> 10.17 | K65: =I65*AA56 -> 10.17 | L65: =J65*104 -> 1057.68 | M65: =I65*104 -> 104 | W65: =J65 -> 10.17 | X65: =H65*$F$1 -> 0
B66: 0 | C66: 0 | D66: ='Data Ocupacion'!R22 -> 1 | E66: ='Data Ocupacion'!S22 -> 0 | F66: PU-FR | G66: =D66+E66*2 -> 1 | H66: =B66+C66*2 -> 0 | I66: =D66+E66 -> 1 | J66: =G66*AA57 -> 1.42 | K66: =I66*AA57 -> 1.42 | L66: =J66*104 -> 147.68 | M66: =I66*104 -> 104 | W66: =J66 -> 1.42 | X66: =H66*$F$1 -> 0
B67: 0 | C67: 0 | D67: ='Data Ocupacion'!R23 -> 0 | E67: ='Data Ocupacion'!S23 -> 1 | F67: PU-RE | G67: =D67+E67*2 -> 2 | H67: =B67+C67*2 -> 0 | I67: =D67+E67 -> 1 | J67: =G67*AA58 -> 11.98 | K67: =I67*AA58 -> 5.99 | L67: =J67*104 -> 1245.92 | M67: =I67*104 -> 104 | W67: =J67 -> 11.98 | X67: =H67*$F$1 -> 0
B68: 0 | C68: 0 | D68: ='Data Ocupacion'!R24 -> 0 | E68: ='Data Ocupacion'!S24 -> 1 | F68: LI-CH | G68: =D68+E68*2 -> 2 | H68: =B68+C68*2 -> 0 | I68: =D68+E68 -> 1 | J68: =G68*AA60 -> 65.92 | K68: =I68*AA60 -> 32.96 | L68: =J68*104 -> 6855.68 | M68: =I68*104 -> 104 | W68: =J68 -> 65.92 | X68: =H68*$F$1 -> 0
B69: =SUM(B54:B68) -> 150 | C69: =SUM(C54:C64) -> 73 | D69: =SUM(D54:D68) -> 109 | E69: =SUM(E54:E68) -> 68 | G69: =SUM(G54:G68) -> 245 | H69: =SUM(H54:H68) -> 296 | I69: =SUM(I54:I68) -> 177 | J69: =SUM(J54:J68) -> 9295.07 | K69: =SUM(K54:K68) -> 6610.55 | L69: =SUM(L54:L68) -> 966687.28 | M69: =SUM(M54:M68) -> 18408 | N69: ='Odometro-Kilometraje'!I81 -> 10264 | O69: =(W69/N69)*100 -> 90.559918 | W69: =SUM(W54:W68) -> 9295.07 | X69: =SUM(X54:X68) -> 11725.29
A70: =A54+1 -> 45786 | B70: 47 | C70: 32 | D70: ='Data Ocupacion'!T41 -> 47 | E70: ='Data Ocupacion'!U41 -> 32 | F70: PU-LI | G70: =D70+E70*2 -> 111 | H70: =B70+C70*2 -> 111 | I70: =D70+E70 -> 79 | J70: =G70*M$2 -> 4787.43 | K70: =I70*M$2 -> 3407.27 | L70: =J70*104 -> 497892.72 | M70: =I70*104 -> 8216 | Q70: 1 | T70: 3 | W70: =J70-(Q70*($M$2-$K$1))-(R70*($M$2-$M$1))- (S70*($M$2-$I$2))+ (T70*($G$2)) -> 4822.89 | X70: =H70*$M$2 -> 4787.43
B71: 45 | C71: 33 | D71: ='Data Ocupacion'!T42 -> 45 | E71: ='Data Ocupacion'!U42 -> 33 | F71: LI-PU | G71: =D71+E71*2 -> 111 | H71: =B71+C71*2 -> 111 | I71: =D71+E71 -> 78 | J71: =G71*M$2 -> 4787.43 | K71: =I71*M$2 -> 3364.14 | L71: =J71*104 -> 497892.72 | M71: =I71*104 -> 8112 | W71: =J71-(T71*($M$2-$K$1)+(U71*($M$2-$M$1))) -> 4787.43 | X71: =H71*$M$2 -> 4787.43
B72: 29 | C72: 4 | D72: ='Data Ocupacion'!T43 -> 29 | E72: ='Data Ocupacion'!U43 -> 4 | F72: PU-SA | G72: =D72+E72*2 -> 37 | H72: =B72+C72*2 -> 37 | I72: =D72+E72 -> 33 | J72: =G72*M$1 -> 1077.07 | K72: =I72*M$1 -> 960.63 | L72: =J72*104 -> 112015.28 | M72: =I72*104 -> 3432 | W72: =J72-(Q72*($M$1-$K$1)) -> 1077.07 | X72: =H72*$M$1 -> 1077.07
B73: 28 | C73: 4 | D73: ='Data Ocupacion'!T44 -> 28 | E73: ='Data Ocupacion'!U44 -> 4 | F73: SA-PU | G73: =D73+E73*2 -> 36 | H73: =B73+C73*2 -> 36 | I73: =D73+E73 -> 32 | J73: =G73*M$1 -> 1047.96 | K73: =I73*M$1 -> 931.52 | L73: =J73*104 -> 108987.84 | M73: =I73*104 -> 3328 | W73: =J73 -> 1047.96 | X73: =H73*$M$1 -> 1047.96
B74: 0 | C74: 0 | D74: ='Data Ocupacion'!T45 -> 0 | E74: ='Data Ocupacion'!U45 -> 0 | F74: PU-EB | G74: =D74+E74*2 -> 0 | H74: =B74+C74*2 -> 0 | I74: =D74+E74 -> 0 | J74: =G74*K$1 -> 0 | K74: =I74*K$1 -> 0 | L74: =J74*104 -> 0 | M74: =I74*104 -> 0 | W74: =J74 -> 0 | X74: =H74*$K$1 -> 0
B75: 1 | C75: 0 | D75: ='Data Ocupacion'!T46 -> 1 | E75: ='Data Ocupacion'!U46 -> 0 | F75: EB-PU | G75: =D75+E75*2 -> 1 | H75: =B75+C75*2 -> 1 | I75: =D75+E75 -> 1 | J75: =G75*K$1 -> 25.4 | K75: =I75*K$1 -> 25.4 | L75: =J75*104 -> 2641.6 | M75: =I75*104 -> 104 | W75: =J75 -> 25.4 | X75: =H75*$K$1 -> 25.4
B76: =SUM(B70:B75) -> 150 | C76: =SUM(C70:C75) -> 73 | D76: =SUM(D70:D75) -> 150 | E76: =SUM(E70:E75) -> 73 | G76: =SUM(G70:G75) -> 296 | H76: =SUM(H70:H75) -> 296 | I76: =SUM(I70:I75) -> 223 | J76: =SUM(J70:J75) -> 11725.29 | K76: =SUM(K70:K75) -> 8688.96 | L76: =SUM(L70:L75) -> 1219430.2 | M76: =SUM(M70:M75) -> 23192 | N76: ='Odometro-Kilometraje'!J81 -> 12163 | O76: =(W76/N76)*100 -> 96.692839 | W76: =SUM(W70:W75) -> 11760.75 | X76: =SUM(X70:X75) -> 11725.29
A77: =A70+1 -> 45787 | B77: 69 | C77: 3 | D77: ='Data Ocupacion'!V41 -> 69 | E77: ='Data Ocupacion'!W41 -> 3 | F77: PU-LI | G77: =D77+E77*2 -> 75 | H77: =B77+C77*2 -> 75 | I77: =D77+E77 -> 72 | J77: =G77*M$2 -> 3234.75 | K77: =I77*M$2 -> 3105.36 | L77: =J77*104 -> 336414 | M77: =I77*104 -> 7488 | W77: =J77-(Q77*($M$2-$K$1))-(R77*($M$2-$M$1))- (S77*($M$2-$I$2))+ (T77*($G$2)) -> 3234.75 | X77: =H77*$M$2 -> 3234.75
B78: 75 | C78: 0 | D78: ='Data Ocupacion'!V42 -> 75 | E78: ='Data Ocupacion'!W42 -> 0 | F78: LI-PU | G78: =D78+E78*2 -> 75 | H78: =B78+C78*2 -> 75 | I78: =D78+E78 -> 75 | J78: =G78*M$2 -> 3234.75 | K78: =I78*M$2 -> 3234.75 | L78: =J78*104 -> 336414 | M78: =I78*104 -> 7800 | W78: =J78-(T78*($M$2-$K$1)+(U78*($M$2-$M$1))+(V78*($U$2))) -> 3234.75 | X78: =H78*$M$2 -> 3234.75
B79: 0 | C79: 0 | D79: ='Data Ocupacion'!V43 -> 0 | E79: ='Data Ocupacion'!W43 -> 0 | F79: PU-SA | G79: =D79+E79*2 -> 0 | H79: =B79+C79*2 -> 0 | I79: =D79+E79 -> 0 | J79: =G79*M$1 -> 0 | K79: =I79*M$1 -> 0 | L79: =J79*104 -> 0 | M79: =I79*104 -> 0 | W79: =J79-(Q79*($M$1-$K$1)) -> 0 | X79: =H79*$M$1 -> 0
B80: 0 | C80: 0 | D80: ='Data Ocupacion'!V44 -> 0 | E80: ='Data Ocupacion'!W44 -> 0 | F80: SA-PU | G80: =D80+E80*2 -> 0 | H80: =B80+C80*2 -> 0 | I80: =D80+E80 -> 0 | J80: =G80*M$1 -> 0 | K80: =I80*M$1 -> 0 | L80: =J80*104 -> 0 | M80: =I80*104 -> 0 | W80: =J80 -> 0 | X80: =H80*$M$1 -> 0
B81: 0 | C81: 0 | D81: ='Data Ocupacion'!V45 -> 0 | E81: ='Data Ocupacion'!W45 -> 0 | F81: PU-EB | G81: =D81+E81*2 -> 0 | H81: =B81+C81*2 -> 0 | I81: =D81+E81 -> 0 | J81: =G81*K$1 -> 0 | K81: =I81*K$1 -> 0 | L81: =J81*104 -> 0 | M81: =I81*104 -> 0 | W81: =J81 -> 0 | X81: =H81*$K$1 -> 0
B82: 0 | C82: 0 | D82: ='Data Ocupacion'!V46 -> 0 | E82: ='Data Ocupacion'!W46 -> 0 | F82: EB-PU | G82: =D82+E82*2 -> 0 | H82: =B82+C82*2 -> 0 | I82: =D82+E82 -> 0 | J82: =G82*K$1 -> 0 | K82: =I82*K$1 -> 0 | L82: =J82*104 -> 0 | M82: =I82*104 -> 0 | W82: =J82 -> 0 | X82: =H82*$K$1 -> 0
B83: =SUM(B77:B82) -> 144 | C83: =SUM(C77:C82) -> 3 | D83: =SUM(D77:D82) -> 144 | E83: =SUM(E77:E82) -> 3 | G83: =SUM(G77:G82) -> 150 | H83: =SUM(H77:H82) -> 150 | I83: =SUM(I77:I82) -> 147 | J83: =SUM(J77:J82) -> 6469.5 | K83: =SUM(K77:K82) -> 6340.11 | L83: =SUM(L77:L82) -> 672828 | M83: =SUM(M77:M82) -> 15288 | N83: ='Odometro-Kilometraje'!K81 -> 6491 | O83: =(W83/N83)*100 -> 99.668772 | W83: =SUM(W77:W82) -> 6469.5 | X83: =SUM(X77:X82) -> 6469.5
A84: =A77+1 -> 45788 | B84: 51 | C84: 3 | D84: ='Data Ocupacion'!X41 -> 51 | E84: ='Data Ocupacion'!Y41 -> 3 | F84: PU-LI | G84: =D84+E84*2 -> 57 | H84: =B84+C84*2 -> 57 | I84: =D84+E84 -> 54 | J84: =G84*M$2 -> 2458.41 | K84: =I84*M$2 -> 2329.02 | L84: =J84*104 -> 255674.64 | M84: =I84*104 -> 5616 | W84: =J84-(Q84*($M$2-$K$1))-(R84*($M$2-$M$1))- (S84*($M$2-$I$2))+ (T84*($G$2)) -> 2458.41 | X84: =H84*$M$2 -> 2458.41
B85: 57 | C85: 0 | D85: ='Data Ocupacion'!X42 -> 57 | E85: ='Data Ocupacion'!Y42 -> 0 | F85: LI-PU | G85: =D85+E85*2 -> 57 | H85: =B85+C85*2 -> 57 | I85: =D85+E85 -> 57 | J85: =G85*M$2 -> 2458.41 | K85: =I85*M$2 -> 2458.41 | L85: =J85*104 -> 255674.64 | M85: =I85*104 -> 5928 | W85: =J85-(T85*($M$2-$K$1)+(U85*($M$2-$M$1))) -> 2458.41 | X85: =H85*$M$2 -> 2458.41
B86: 0 | C86: 0 | D86: ='Data Ocupacion'!X43 -> 0 | E86: ='Data Ocupacion'!Y43 -> 0 | F86: PU-SA | G86: =D86+E86*2 -> 0 | H86: =B86+C86*2 -> 0 | I86: =D86+E86 -> 0 | J86: =G86*M$1 -> 0 | K86: =I86*M$1 -> 0 | L86: =J86*104 -> 0 | M86: =I86*104 -> 0 | W86: =J86-(Q86*($M$1-$K$1)) -> 0 | X86: =H86*$M$1 -> 0
B87: 0 | C87: 0 | D87: ='Data Ocupacion'!X44 -> 0 | E87: ='Data Ocupacion'!Y44 -> 0 | F87: SA-PU | G87: =D87+E87*2 -> 0 | H87: =B87+C87*2 -> 0 | I87: =D87+E87 -> 0 | J87: =G87*M$1 -> 0 | K87: =I87*M$1 -> 0 | L87: =J87*104 -> 0 | M87: =I87*104 -> 0 | W87: =J87 -> 0 | X87: =H87*$M$1 -> 0
B88: 0 | C88: 0 | D88: ='Data Ocupacion'!X45 -> 0 | E88: ='Data Ocupacion'!Y45 -> 0 | F88: PU-EB | G88: =D88+E88*2 -> 0 | H88: =B88+C88*2 -> 0 | I88: =D88+E88 -> 0 | J88: =G88*K$1 -> 0 | K88: =I88*K$1 -> 0 | L88: =J88*104 -> 0 | M88: =I88*104 -> 0 | W88: =J88 -> 0 | X88: =H88*$K$1 -> 0
B89: 0 | C89: 0 | D89: ='Data Ocupacion'!X46 -> 0 | E89: ='Data Ocupacion'!Y46 -> 0 | F89: EB-PU | G89: =D89+E89*2 -> 0 | H89: =B89+C89*2 -> 0 | I89: =D89+E89 -> 0 | J89: =G89*K$1 -> 0 | K89: =I89*K$1 -> 0 | L89: =J89*104 -> 0 | M89: =I89*104 -> 0 | W89: =J89 -> 0 | X89: =H89*$K$1 -> 0
B90: =SUM(B84:B89) -> 108 | C90: =SUM(C84:C89) -> 3 | D90: =SUM(D84:D89) -> 108 | E90: =SUM(E84:E89) -> 3 | G90: =SUM(G84:G89) -> 114 | H90: =SUM(H84:H89) -> 114 | I90: =SUM(I84:I89) -> 111 | J90: =SUM(J84:J89) -> 4916.82 | K90: =SUM(K84:K89) -> 4787.43 | L90: =SUM(L84:L89) -> 511349.28 | M90: =SUM(M84:M89) -> 11544 | N90: ='Odometro-Kilometraje'!L81 -> 4977 | O90: =(W90/N90)*100 -> 98.790838 | W90: =SUM(W84:W89) -> 4916.82 | X90: =SUM(X84:X89) -> 4916.82
A91: =A84+1 -> 45789 | B91: 47 | C91: 32 | D91: ='Data Ocupacion'!Z41 -> 47 | E91: ='Data Ocupacion'!AA41 -> 32 | F91: PU-LI | G91: =D91+E91*2 -> 111 | H91: =B91+C91*2 -> 111 | I91: =D91+E91 -> 79 | J91: =G91*M$2 -> 4787.43 | K91: =I91*M$2 -> 3407.27 | L91: =J91*104 -> 497892.72 | M91: =I91*104 -> 8216 | Q91: 3 | T91: 2 | W91: =J91-(Q91*($M$2-$K$1))-(R91*($M$2-$M$1))- (S91*($M$2-$I$2))+ (T91*($G$2)) -> 4769.7 | X91: =H91*$M$2 -> 4787.43
B92: 45 | C92: 33 | D92: ='Data Ocupacion'!Z42 -> 45 | E92: ='Data Ocupacion'!AA42 -> 33 | F92: LI-PU | G92: =D92+E92*2 -> 111 | H92: =B92+C92*2 -> 111 | I92: =D92+E92 -> 78 | J92: =G92*M$2 -> 4787.43 | K92: =I92*M$2 -> 3364.14 | L92: =J92*104 -> 497892.72 | M92: =I92*104 -> 8112 | W92: =J92-(T92*($M$2-$K$1)+(U92*($M$2-$M$1))) -> 4787.43 | X92: =H92*$M$2 -> 4787.43
B93: 29 | C93: 4 | D93: ='Data Ocupacion'!Z43 -> 29 | E93: ='Data Ocupacion'!AA43 -> 4 | F93: PU-SA | G93: =D93+E93*2 -> 37 | H93: =B93+C93*2 -> 37 | I93: =D93+E93 -> 33 | J93: =G93*M$1 -> 1077.07 | K93: =I93*M$1 -> 960.63 | L93: =J93*104 -> 112015.28 | M93: =I93*104 -> 3432 | W93: =J93-(Q93*($M$1-$K$1)) -> 1077.07 | X93: =H93*$M$1 -> 1077.07
B94: 28 | C94: 4 | D94: ='Data Ocupacion'!Z44 -> 28 | E94: ='Data Ocupacion'!AA44 -> 4 | F94: SA-PU | G94: =D94+E94*2 -> 36 | H94: =B94+C94*2 -> 36 | I94: =D94+E94 -> 32 | J94: =G94*M$1 -> 1047.96 | K94: =I94*M$1 -> 931.52 | L94: =J94*104 -> 108987.84 | M94: =I94*104 -> 3328 | W94: =J94 -> 1047.96 | X94: =H94*$M$1 -> 1047.96
B95: 0 | C95: 0 | D95: ='Data Ocupacion'!Z45 -> 0 | E95: ='Data Ocupacion'!AA45 -> 0 | F95: PU-EB | G95: =D95+E95*2 -> 0 | H95: =B95+C95*2 -> 0 | I95: =D95+E95 -> 0 | J95: =G95*K$1 -> 0 | K95: =I95*K$1 -> 0 | L95: =J95*104 -> 0 | M95: =I95*104 -> 0 | W95: =J95 -> 0 | X95: =H95*$K$1 -> 0
B96: 1 | C96: 0 | D96: ='Data Ocupacion'!Z46 -> 1 | E96: ='Data Ocupacion'!AA46 -> 0 | F96: EB-PU | G96: =D96+E96*2 -> 1 | H96: =B96+C96*2 -> 1 | I96: =D96+E96 -> 1 | J96: =G96*K$1 -> 25.4 | K96: =I96*K$1 -> 25.4 | L96: =J96*104 -> 2641.6 | M96: =I96*104 -> 104 | W96: =J96 -> 25.4 | X96: =H96*$K$1 -> 25.4
B97: =SUM(B91:B96) -> 150 | C97: =SUM(C91:C96) -> 73 | D97: =SUM(D91:D96) -> 150 | E97: =SUM(E91:E96) -> 73 | G97: =SUM(G91:G96) -> 296 | H97: =SUM(H91:H96) -> 296 | I97: =SUM(I91:I96) -> 223 | J97: =SUM(J91:J96) -> 11725.29 | K97: =SUM(K91:K96) -> 8688.96 | L97: =SUM(L91:L96) -> 1219430.2 | M97: =SUM(M91:M96) -> 23192 | N97: ='Odometro-Kilometraje'!M81 -> 12061 | O97: =(W97/N97)*100 -> 97.069563 | W97: =SUM(W91:W96) -> 11707.56 | X97: =SUM(X91:X96) -> 11725.29
A98: =A91+1 -> 45790 | B98: 47 | C98: 32 | D98: ='Data Ocupacion'!AB41 -> 48 | E98: ='Data Ocupacion'!AC41 -> 31 | F98: PU-LI | G98: =D98+E98*2 -> 110 | H98: =B98+C98*2 -> 111 | I98: =D98+E98 -> 79 | J98: =G98*M$2 -> 4744.3 | K98: =I98*M$2 -> 3407.27 | L98: =J98*104 -> 493407.2 | M98: =I98*104 -> 8216 | Q98: 3 | T98: 1 | W98: =J98-(Q98*($M$2-$K$1))-(R98*($M$2-$M$1))- (S98*($M$2-$I$2))+ (T98*($G$2)) -> 4708.84 | X98: =H98*$M$2 -> 4787.43
B99: 45 | C99: 33 | D99: ='Data Ocupacion'!AB42 -> 46 | E99: ='Data Ocupacion'!AC42 -> 32 | F99: LI-PU | G99: =D99+E99*2 -> 110 | H99: =B99+C99*2 -> 111 | I99: =D99+E99 -> 78 | J99: =G99*M$2 -> 4744.3 | K99: =I99*M$2 -> 3364.14 | L99: =J99*104 -> 493407.2 | M99: =I99*104 -> 8112 | W99: =J99-(T99*($M$2-$K$1)+(U99*($M$2-$M$1))) -> 4744.3 | X99: =H99*$M$2 -> 4787.43
B100: 29 | C100: 4 | D100: ='Data Ocupacion'!AB43 -> 29 | E100: ='Data Ocupacion'!AC43 -> 4 | F100: PU-SA | G100: =D100+E100*2 -> 37 | H100: =B100+C100*2 -> 37 | I100: =D100+E100 -> 33 | J100: =G100*M$1 -> 1077.07 | K100: =I100*M$1 -> 960.63 | L100: =J100*104 -> 112015.28 | M100: =I100*104 -> 3432 | W100: =J100-(Q100*($M$1-$K$1)) -> 1077.07 | X100: =H100*$M$1 -> 1077.07
...

Sheet Data Ocupacion
D1: 45778 | F1: 45779 | H1: 45780 | J1: 45781 | L1: 45782 | N1: 45783 | P1: 45784 | R1: 45785 | T1: 45786 | V1: 45787 | X1: 45788 | Z1: 45789 | AB1: 45790 | AD1: 45791 | AF1: 45792 | AH1: 45793 | AJ1: 45794 | AL1: 45795 | AN1: 45796 | AP1: 45797 | AR1: 45798 | AT1: 45799 | AV1: 45800 | AX1: 45801 | AZ1: 45802 | BB1: 45803 | BD1: 45804 | BF1: 45805 | BH1: 45806 | BJ1: 45807 | BL1: 45808
D2: S | E2: M | F2: S | G2: M | H2: S | I2: M | J2: S | K2: M | L2: S | M2: M | N2: S | O2: M | P2: S | Q2: M | R2: S | S2: M | T2: S | U2: M | V2: S | W2: M | X2: S | Y2: M | Z2: S | AA2: M | AB2: S | AC2: M | AD2: S | AE2: M | AF2: S | AG2: M | AH2: S | AI2: M | AJ2: S | AK2: M | AL2: S | AM2: M | AN2: S | AO2: M | AP2: S | AQ2: M | AR2: S | AS2: M | AT2: S | AU2: M | AV2: S | AW2: M | AX2: S | AY2: M | AZ2: S | BA2: M | BB2: S | BC2: M | BD2: S | BE2: M | BF2: S | BG2: M | BH2: S | BI2: M | BJ2: S | BK2: M | BL2: S | BM2: M
A3: Servicios PU-SA | D3: 0 | E3: 0 | F3: 7 | G3: 3 | H3: 0 | I3: 0 | J3: 0 | K3: 0 | L3: 7 | M3: 3 | N3: 7 | O3: 3 | P3: 7 | Q3: 3 | R3: 2 | S3: 0 | T3: 7 | U3: 3 | V3: 0 | W3: 0 | X3: 0 | Y3: 0 | Z3: 7 | AA3: 3 | AB3: 7 | AC3: 3 | AD3: 7 | AE3: 3 | AF3: 7 | AG3: 3 | AH3: 7 | AI3: 3 | AJ3: 0 | AK3: 0 | AL3: 0 | AM3: 0 | AN3: 7 | AO3: 3 | AP3: 7 | AQ3: 3 | AR3: 0 | AS3: 0 | AT3: 7 | AU3: 3 | AV3: 7 | AW3: 3 | AX3: 0 | AY3: 0 | AZ3: 0 | BA3: 0 | BB3: 7 | BC3: 3 | BD3: 7 | BE3: 3 | BF3: 7 | BG3: 3 | BH3: 7 | BI3: 3 | BJ3: 7 | BK3: 3 | BL3: 0 | BM3: 0
A4: Servicios PU-EB | D4: 0 | E4: 0 | F4: 0 | G4: 0 | H4: 0 | I4: 0 | J4: 0 | K4: 0 | L4: 0 | M4: 0 | N4: 0 | O4: 0 | P4: 0 | Q4: 0 | R4: 0 | S4: 0 | T4: 0 | U4: 0 | V4: 0 | W4: 0 | X4: 0 | Y4: 0 | Z4: 0 | AA4: 0 | AB4: 0 | AC4: 0 | AD4: 0 | AE4: 0 | AF4: 0 | AG4: 0 | AH4: 0 | AI4: 0 | AJ4: 0 | AK4: 0 | AL4: 0 | AM4: 0 | AN4: 0 | AO4: 0 | AP4: 0 | AQ4: 0 | AR4: 0 | AS4: 0 | AT4: 0 | AU4: 0 | AV4: 0 | AW4: 0 | AX4: 0 | AY4: 0 | AZ4: 0 | BA4: 0 | BB4: 0 | BC4: 0 | BD4: 0 | BE4: 0 | BF4: 0 | BG4: 0 | BH4: 0 | BI4: 0 | BJ4: 0 | BK4: 0 | BL4: 0 | BM4: 0
A5: Servicios PU-LI | D5: 0 | E5: 0 | F5: 1 | G5: 9 | H5: 0 | I5: 0 | J5: 0 | K5: 0 | L5: 1 | M5: 9 | N5: 1 | O5: 9 | P5: 1 | Q5: 9 | R5: 5 | S5: 1 | T5: 1 | U5: 9 | V5: 0 | W5: 0 | X5: 0 | Y5: 0 | Z5: 1 | AA5: 9 | AB5: 2 | AC5: 8 | AD5: 1 | AE5: 9 | AF5: 1 | AG5: 9 | AH5: 1 | AI5: 9 | AJ5: 0 | AK5: 0 | AL5: 0 | AM5: 0 | AN5: 1 | AO5: 9 | AP5: 2 | AQ5: 8 | AR5: 0 | AS5: 0 | AT5: 1 | AU5: 9 | AV5: 1 | AW5: 9 | AX5: 0 | AY5: 0 | AZ5: 0 | BA5: 0 | BB5: 1 | BC5: 9 | BD5: 2 | BE5: 8 | BF5: 2 | BG5: 8 | BH5: 1 | BI5: 9 | BJ5: 1 | BK5: 9 | BL5: 0 | BM5: 0
A6: Servicios SA-PU | D6: 0 | E6: 0 | F6: 9 | G6: 1 | H6: 0 | I6: 0 | J6: 0 | K6: 0 | L6: 9 | M6: 1 | N6: 9 | O6: 1 | P6: 9 | Q6: 1 | R6: 1 | S6: 0 | T6: 9 | U6: 1 | V6: 0 | W6: 0 | X6: 0 | Y6: 0 | Z6: 9 | AA6: 1 | AB6: 9 | AC6: 1 | AD6: 9 | AE6: 1 | AF6: 9 | AG6: 1 | AH6: 9 | AI6: 1 | AJ6: 0 | AK6: 0 | AL6: 0 | AM6: 0 | AN6: 9 | AO6: 1 | AP6: 9 | AQ6: 1 | AR6: 0 | AS6: 0 | AT6: 9 | AU6: 1 | AV6: 9 | AW6: 1 | AX6: 0 | AY6: 0 | AZ6: 0 | BA6: 0 | BB6: 9 | BC6: 1 | BD6: 9 | BE6: 1 | BF6: 9 | BG6: 1 | BH6: 10 | BI6: 0 | BJ6: 9 | BK6: 1 | BL6: 0 | BM6: 0
A7: Servicios EB-PU | D7: 0 | E7: 0 | F7: 0 | G7: 0 | H7: 0 | I7: 0 | J7: 0 | K7: 0 | L7: 0 | M7: 0 | N7: 0 | O7: 0 | P7: 0 | Q7: 0 | R7: 0 | S7: 0 | T7: 0 | U7: 0 | V7: 0 | W7: 0 | X7: 0 | Y7: 0 | Z7: 0 | AA7: 0 | AB7: 0 | AC7: 0 | AD7: 0 | AE7: 0 | AF7: 0 | AG7: 0 | AH7: 0 | AI7: 0 | AJ7: 0 | AK7: 0 | AL7: 0 | AM7: 0 | AN7: 0 | AO7: 0 | AP7: 0 | AQ7: 0 | AR7: 0 | AS7: 0 | AT7: 0 | AU7: 0 | AV7: 0 | AW7: 0 | AX7: 0 | AY7: 0 | AZ7: 0 | BA7: 0 | BB7: 0 | BC7: 0 | BD7: 0 | BE7: 0 | BF7: 0 | BG7: 0 | BH7: 0 | BI7: 0 | BJ7: 0 | BK7: 0 | BL7: 0 | BM7: 0
A8: Servicios LI-PU | D8: 0 | E8: 0 | F8: 4 | G8: 6 | H8: 0 | I8: 0 | J8: 0 | K8: 0 | L8: 4 | M8: 6 | N8: 4 | O8: 6 | P8: 4 | Q8: 6 | R8: 4 | S8: 4 | T8: 4 | U8: 6 | V8: 0 | W8: 0 | X8: 0 | Y8: 0 | Z8: 4 | AA8: 6 | AB8: 5 | AC8: 5 | AD8: 4 | AE8: 6 | AF8: 4 | AG8: 6 | AH8: 4 | AI8: 6 | AJ8: 0 | AK8: 0 | AL8: 0 | AM8: 0 | AN8: 4 | AO8: 6 | AP8: 5 | AQ8: 5 | AR8: 0 | AS8: 0 | AT8: 4 | AU8: 6 | AV8: 4 | AW8: 6 | AX8: 0 | AY8: 0 | AZ8: 0 | BA8: 0 | BB8: 4 | BC8: 6 | BD8: 5 | BE8: 5 | BF8: 5 | BG8: 5 | BH8: 4 | BI8: 6 | BJ8: 4 | BK8: 6 | BL8: 0 | BM8: 0
A10: Servicios PU-SA | D10: 0 | E10: 0 | F10: 15 | G10: 1 | H10: 0 | I10: 0 | J10: 0 | K10: 0 | L10: 15 | M10: 1 | N10: 15 | O10: 1 | P10: 15 | Q10: 1 | R10: 12 | S10: 0 | T10: 15 | U10: 1 | V10: 0 | W10: 0 | X10: 0 | Y10: 0 | Z10: 15 | AA10: 1 | AB10: 15 | AC10: 1 | AD10: 15 | AE10: 1 | AF10: 15 | AG10: 1 | AH10: 15 | AI10: 1 | AJ10: 0 | AK10: 0 | AL10: 0 | AM10: 0 | AN10: 15 | AO10: 1 | AP10: 15 | AQ10: 1 | AR10: 0 | AS10: 0 | AT10: 15 | AU10: 1 | AV10: 15 | AW10: 1 | AX10: 0 | AY10: 0 | AZ10: 0 | BA10: 0 | BB10: 15 | BC10: 1 | BD10: 15 | BE10: 1 | BF10: 15 | BG10: 1 | BH10: 16 | BI10: 0 | BJ10: 15 | BK10: 1 | BL10: 0 | BM10: 0
A11: Servicios PU-EB | D11: 0 | E11: 0 | F11: 0 | G11: 0 | H11: 0 | I11: 0 | J11: 0 | K11: 0 | L11: 0 | M11: 0 | N11: 0 | O11: 0 | P11: 0 | Q11: 0 | R11: 0 | S11: 0 | T11: 0 | U11: 0 | V11: 0 | W11: 0 | X11: 0 | Y11: 0 | Z11: 0 | AA11: 0 | AB11: 0 | AC11: 0 | AD11: 0 | AE11: 0 | AF11: 0 | AG11: 0 | AH11: 0 | AI11: 0 | AJ11: 0 | AK11: 0 | AL11: 0 | AM11: 0 | AN11: 0 | AO11: 0 | AP11: 0 | AQ11: 0 | AR11: 0 | AS11: 0 | AT11: 0 | AU11: 0 | AV11: 0 | AW11: 0 | AX11: 0 | AY11: 0 | AZ11: 0 | BA11: 0 | BB11: 0 | BC11: 0 | BD11: 0 | BE11: 0 | BF11: 0 | BG11: 0 | BH11: 0 | BI11: 0 | BJ11: 0 | BK11: 0 | BL11: 0 | BM11: 0
A12: Servicios PU-LI | D12: 51 | E12: 3 | F12: 44 | G12: 17 | H12: 69 | I12: 3 | J12: 51 | K12: 3 | L12: 44 | M12: 17 | N12: 44 | O12: 17 | P12: 44 | Q12: 17 | R12: 23 | S12: 18 | T12: 44 | U12: 17 | V12: 69 | W12: 3 | X12: 51 | Y12: 3 | Z12: 44 | AA12: 17 | AB12: 44 | AC12: 17 | AD12: 44 | AE12: 17 | AF12: 44 | AG12: 17 | AH12: 44 | AI12: 17 | AJ12: 69 | AK12: 3 | AL12: 51 | AM12: 3 | AN12: 39 | AO12: 22 | AP12: 42 | AQ12: 19 | AR12: 49 | AS12: 5 | AT12: 44 | AU12: 17 | AV12: 44 | AW12: 17 | AX12: 69 | AY12: 3 | AZ12: 51 | BA12: 3 | BB12: 44 | BC12: 17 | BD12: 44 | BE12: 17 | BF12: 44 | BG12: 17 | BH12: 44 | BI12: 17 | BJ12: 44 | BK12: 17 | BL12: 69 | BM12: 3
A13: Servicios SA-PU | D13: 0 | E13: 0 | F13: 13 | G13: 3 | H13: 0 | I13: 0 | J13: 0 | K13: 0 | L13: 13 | M13: 3 | N13: 13 | O13: 3 | P13: 13 | Q13: 3 | R13: 12 | S13: 2 | T13: 13 | U13: 3 | V13: 0 | W13: 0 | X13: 0 | Y13: 0 | Z13: 13 | AA13: 3 | AB13: 13 | AC13: 3 | AD13: 13 | AE13: 3 | AF13: 13 | AG13: 3 | AH13: 13 | AI13: 3 | AJ13: 0 | AK13: 0 | AL13: 0 | AM13: 0 | AN13: 13 | AO13: 3 | AP13: 13 | AQ13: 3 | AR13: 0 | AS13: 0 | AT13: 13 | AU13: 3 | AV13: 13 | AW13: 3 | AX13: 0 | AY13: 0 | AZ13: 0 | BA13: 0 | BB13: 13 | BC13: 3 | BD13: 13 | BE13: 3 | BF13: 13 | BG13: 3 | BH13: 13 | BI13: 3 | BJ13: 13 | BK13: 3 | BL13: 0 | BM13: 0
A14: Servicios EB-PU | D14: 0 | E14: 0 | F14: 1 | G14: 0 | H14: 0 | I14: 0 | J14: 0 | K14: 0 | L14: 1 | M14: 0 | N14: 1 | O14: 0 | P14: 1 | Q14: 0 | R14: 1 | S14: 0 | T14: 1 | U14: 0 | V14: 0 | W14: 0 | X14: 0 | Y14: 0 | Z14: 1 | AA14: 0 | AB14: 1 | AC14: 0 | AD14: 1 | AE14: 0 | AF14: 1 | AG14: 0 | AH14: 1 | AI14: 0 | AJ14: 0 | AK14: 0 | AL14: 0 | AM14: 0 | AN14: 1 | AO14: 0 | AP14: 1 | AQ14: 0 | AR14: 0 | AS14: 0 | AT14: 1 | AU14: 0 | AV14: 1 | AW14: 0 | AX14: 0 | AY14: 0 | AZ14: 0 | BA14: 0 | BB14: 1 | BC14: 0 | BD14: 1 | BE14: 0 | BF14: 1 | BG14: 0 | BH14: 1 | BI14: 0 | BJ14: 1 | BK14: 0 | BL14: 0 | BM14: 0
A15: Servicios LI-PU | D15: 57 | E15: 0 | F15: 36 | G15: 25 | H15: 75 | I15: 0 | J15: 57 | K15: 0 | L15: 36 | M15: 25 | N15: 36 | O15: 25 | P15: 36 | Q15: 25 | R15: 19 | S15: 22 | T15: 36 | U15: 25 | V15: 75 | W15: 0 | X15: 57 | Y15: 0 | Z15: 36 | AA15: 25 | AB15: 36 | AC15: 25 | AD15: 36 | AE15: 25 | AF15: 36 | AG15: 25 | AH15: 37 | AI15: 24 | AJ15: 75 | AK15: 0 | AL15: 57 | AM15: 0 | AN15: 36 | AO15: 25 | AP15: 37 | AQ15: 24 | AR15: 55 | AS15: 2 | AT15: 36 | AU15: 25 | AV15: 36 | AW15: 25 | AX15: 75 | AY15: 0 | AZ15: 57 | BA15: 0 | BB15: 38 | BC15: 23 | BD15: 36 | BE15: 25 | BF15: 36 | BG15: 25 | BH15: 36 | BI15: 25 | BJ15: 36 | BK15: 25 | BL15: 75 | BM15: 0
A16: Servicios LI-QU | R16: 1 | S16: 3
A17: Servicios QU-LI | R17: 2 | S17: 1
A18: Servicios LI-MI | R18: 0 | S18: 5
A19: Servicios MI-LI | R19: 3 | S19: 2
A20: Servicios SA-QU | R20: 1 | S20: 1
A21: Servicios PU-CH | R21: 1 | S21: 0
A22: Servicios PU-FR | R22: 1 | S22: 0
A23: Servicios PU-RE | R23: 0 | S23: 1
A24: Servicios LI-CH | R24: 0 | S24: 1
A26: Servicios PU-SA | D26: 0 | E26: 0 | F26: 7 | G26: 0 | H26: 0 | I26: 0 | J26: 0 | K26: 0 | L26: 7 | M26: 0 | N26: 7 | O26: 0 | P26: 7 | Q26: 0 | R26: 7 | S26: 0 | T26: 7 | U26: 0 | V26: 0 | W26: 0 | X26: 0 | Y26: 0 | Z26: 7 | AA26: 0 | AB26: 7 | AC26: 0 | AD26: 7 | AE26: 0 | AF26: 7 | AG26: 0 | AH26: 7 | AI26: 0 | AJ26: 0 | AK26: 0 | AL26: 0 | AM26: 0 | AN26: 7 | AO26: 0 | AP26: 7 | AQ26: 0 | AR26: 0 | AS26: 0 | AT26: 7 | AU26: 0 | AV26: 7 | AW26: 0 | AX26: 0 | AY26: 0 | AZ26: 0 | BA26: 0 | BB26: 7 | BC26: 0 | BD26: 7 | BE26: 0 | BF26: 7 | BG26: 0 | BH26: 7 | BI26: 0 | BJ26: 7 | BK26: 0 | BL26: 0 | BM26: 0
A27: Servicios PU-EB | D27: 0 | E27: 0 | F27: 0 | G27: 0 | H27: 0 | I27: 0 | J27: 0 | K27: 0 | L27: 0 | M27: 0 | N27: 0 | O27: 0 | P27: 0 | Q27: 0 | R27: 0 | S27: 0 | T27: 0 | U27: 0 | V27: 0 | W27: 0 | X27: 0 | Y27: 0 | Z27: 0 | AA27: 0 | AB27: 0 | AC27: 0 | AD27: 0 | AE27: 0 | AF27: 0 | AG27: 0 | AH27: 0 | AI27: 0 | AJ27: 0 | AK27: 0 | AL27: 0 | AM27: 0 | AN27: 0 | AO27: 0 | AP27: 0 | AQ27: 0 | AR27: 0 | AS27: 0 | AT27: 0 | AU27: 0 | AV27: 0 | AW27: 0 | AX27: 0 | AY27: 0 | AZ27: 0 | BA27: 0 | BB27: 0 | BC27: 0 | BD27: 0 | BE27: 0 | BF27: 0 | BG27: 0 | BH27: 0 | BI27: 0 | BJ27: 0 | BK27: 0 | BL27: 0 | BM27: 0
A28: Servicios PU-LI | D28: 0 | E28: 0 | F28: 2 | G28: 6 | H28: 0 | I28: 0 | J28: 0 | K28: 0 | L28: 2 | M28: 6 | N28: 2 | O28: 6 | P28: 2 | Q28: 6 | R28: 3 | S28: 5 | T28: 2 | U28: 6 | V28: 0 | W28: 0 | X28: 0 | Y28: 0 | Z28: 2 | AA28: 6 | AB28: 2 | AC28: 6 | AD28: 2 | AE28: 6 | AF28: 2 | AG28: 6 | AH28: 3 | AI28: 5 | AJ28: 0 | AK28: 0 | AL28: 0 | AM28: 0 | AN28: 2 | AO28: 6 | AP28: 3 | AQ28: 5 | AR28: 0 | AS28: 0 | AT28: 2 | AU28: 6 | AV28: 2 | AW28: 6 | AX28: 0 | AY28: 0 | AZ28: 0 | BA28: 0 | BB28: 4 | BC28: 4 | BD28: 2 | BE28: 6 | BF28: 2 | BG28: 6 | BH28: 2 | BI28: 6 | BJ28: 2 | BK28: 6 | BL28: 0 | BM28: 0
A29: Servicios SA-PU | D29: 0 | E29: 0 | F29: 6 | G29: 0 | H29: 0 | I29: 0 | J29: 0 | K29: 0 | L29: 6 | M29: 0 | N29: 6 | O29: 0 | P29: 6 | Q29: 0 | R29: 6 | S29: 0 | T29: 6 | U29: 0 | V29: 0 | W29: 0 | X29: 0 | Y29: 0 | Z29: 6 | AA29: 0 | AB29: 6 | AC29: 0 | AD29: 6 | AE29: 0 | AF29: 6 | AG29: 0 | AH29: 6 | AI29: 0 | AJ29: 0 | AK29: 0 | AL29: 0 | AM29: 0 | AN29: 6 | AO29: 0 | AP29: 6 | AQ29: 0 | AR29: 0 | AS29: 0 | AT29: 6 | AU29: 0 | AV29: 6 | AW29: 0 | AX29: 0 | AY29: 0 | AZ29: 0 | BA29: 0 | BB29: 6 | BC29: 0 | BD29: 6 | BE29: 0 | BF29: 6 | BG29: 0 | BH29: 6 | BI29: 0 | BJ29: 6 | BK29: 0 | BL29: 0 | BM29: 0
A30: Servicios EB-PU | D30: 0 | E30: 0 | F30: 0 | G30: 0 | H30: 0 | I30: 0 | J30: 0 | K30: 0 | L30: 0 | M30: 0 | N30: 0 | O30: 0 | P30: 0 | Q30: 0 | R30: 0 | S30: 0 | T30: 0 | U30: 0 | V30: 0 | W30: 0 | X30: 0 | Y30: 0 | Z30: 0 | AA30: 0 | AB30: 0 | AC30: 0 | AD30: 0 | AE30: 0 | AF30: 0 | AG30: 0 | AH30: 0 | AI30: 0 | AJ30: 0 | AK30: 0 | AL30: 0 | AM30: 0 | AN30: 0 | AO30: 0 | AP30: 0 | AQ30: 0 | AR30: 0 | AS30: 0 | AT30: 0 | AU30: 0 | AV30: 0 | AW30: 0 | AX30: 0 | AY30: 0 | AZ30: 0 | BA30: 0 | BB30: 0 | BC30: 0 | BD30: 0 | BE30: 0 | BF30: 0 | BG30: 0 | BH30: 0 | BI30: 0 | BJ30: 0 | BK30: 0 | BL30: 0 | BM30: 0
A31: Servicios LI-PU | D31: 0 | E31: 0 | F31: 5 | G31: 2 | H31: 0 | I31: 0 | J31: 0 | K31: 0 | L31: 5 | M31: 2 | N31: 5 | O31: 2 | P31: 5 | Q31: 2 | R31: 5 | S31: 2 | T31: 5 | U31: 2 | V31: 0 | W31: 0 | X31: 0 | Y31: 0 | Z31: 5 | AA31: 2 | AB31: 5 | AC31: 2 | AD31: 5 | AE31: 2 | AF31: 5 | AG31: 2 | AH31: 5 | AI31: 2 | AJ31: 0 | AK31: 0 | AL31: 0 | AM31: 0 | AN31: 5 | AO31: 2 | AP31: 5 | AQ31: 2 | AR31: 0 | AS31: 0 | AT31: 5 | AU31: 2 | AV31: 5 | AW31: 2 | AX31: 0 | AY31: 0 | AZ31: 0 | BA31: 0 | BB31: 5 | BC31: 2 | BD31: 5 | BE31: 2 | BF31: 5 | BG31: 2 | BH31: 5 | BI31: 2 | BJ31: 5 | BK31: 2 | BL31: 0 | BM31: 0
D34: =SUM(D3:D31) -> 108 | E34: =SUM(E3:E31) -> 3 | F34: =SUM(F3:F31) -> 150 | G34: =SUM(G3:G31) -> 73 | H34: =SUM(H3:H31) -> 144 | I34: =SUM(I3:I31) -> 3 | J34: =SUM(J3:J31) -> 108 | K34: =SUM(K3:K31) -> 3 | ... BM34: =SUM(BM3:BM31) -> 3
A40: Km Servicio
A41: PU - LI | D41: =D5+D12+D28 -> 51 | E41: =E5+E12+E28 -> 3 | F41: =F5+F12+F28 -> 47 | G41: =G5+G12+G28 -> 32 | H41: =H5+H12+H28 -> 69 | I41: =I5+I12+I28 -> 3 | J41: =J5+J12+J28 -> 51 | K41: =K5+K12+K28 -> 3 | ... BM41: =BM5+BM12+BM28 -> 3
A42: LI - PU | D42: =D8+D15+D31 -> 57 | E42: =E8+E15+E31 -> 0 | F42: =F8+F15+F31 -> 45 | G42: =G8+G15+G31 -> 33 | H42: =H8+H15+H31 -> 75 | I42: =I8+I15+I31 -> 0 | J42: =J8+J15+J31 -> 57 | K42: =K8+K15+K31 -> 0 | ... BM42: =BM8+BM15+BM31 -> 0
A43: PU - SA | D43: =D3+D10+D26 -> 0 | E43: =E3+E10+E26 -> 0 | F43: =F3+F10+F26 -> 29 | G43: =G3+G10+G26 -> 4 | H43: =H3+H10+H26 -> 0 | I43: =I3+I10+I26 -> 0 | J43: =J3+J10+J26 -> 0 | K43: =K3+K10+K26 -> 0 | ... BM43: =BM3+BM10+BM26 -> 0
A44: SA - PU | D44: =D6+D13+D29 -> 0 | E44: =E6+E13+E29 -> 0 | F44: =F6+F13+F29 -> 28 | G44: =G6+G13+G29 -> 4 | H44: =H6+H13+H29 -> 0 | I44: =I6+I13+I29 -> 0 | J44: =J6+J13+J29 -> 0 | K44: =K6+K13+K29 -> 0 | ... BM44: =BM6+BM13+BM29 -> 0
A45: PU-EB | D45: =D4+D11+D27 -> 0 | E45: =E4+E11+E27 -> 0 | F45: =F4+F11+F27 -> 0 | G45: =G4+G11+G27 -> 0 | H45: =H4+H11+H27 -> 0 | I45: =I4+I11+I27 -> 0 | J45: =J4+J11+J27 -> 0 | K45: =K4+K11+K27 -> 0 | ... BM45: =BM4+BM11+BM27 -> 0
A46: EB-PU | D46: =D7+D14+D30 -> 0 | E46: =E7+E14+E30 -> 0 | F46: =F7+F14+F30 -> 1 | G46: =G7+G14+G30 -> 0 | H46: =H7+H14+H30 -> 0 | I46: =I7+I14+I30 -> 0 | J46: =J7+J14+J30 -> 0 | K46: =K7+K14+K30 -> 0 | ... BM46: =BM7+BM14+BM30 -> 0
A47: LI-QU | R47: =R16 -> 1 | S47: =S16 -> 3
A48: QU-LI | R48: =R17 -> 2 | S48: =S17 -> 1
A49: LI-MI | R49: =R18 -> 0 | S49: =S18 -> 5
A50: MI-LI | R50: =R19 -> 3 | S50: =S19 -> 2
A51: SA-QU | R51: =R20 -> 1 | S51: =S20 -> 1
A52: PU-CH | R52: =R21 -> 1 | S52: =S21 -> 0
A53: PU-FR | R53: =R22 -> 1 | S53: =S22 -> 0
A54: PU-ES | R54: =R23 -> 0 | S54: =S23 -> 1
A55: LI-CH | R55: =R24 -> 0 | S55: =S24 -> 1
A56: total | D56: =SUM(D41:D46) -> 108 | E56: =SUM(E41:E46) -> 3 | F56: =SUM(F41:F46) -> 150 | G56: =SUM(G41:G46) -> 73 | H56: =SUM(H41:H46) -> 144 | I56: =SUM(I41:I46) -> 3 | J56: =SUM(J41:J46) -> 108 | K56: =SUM(K41:K46) -> 3 | ... Q56: =SUM(Q41:Q46) -> 73 | R56: =SUM(R41:R51) -> 107 | S56: =SUM(S41:S51) -> 66 | T56: =SUM(T41:T46) -> 150 | U56: =SUM(U41:U46) -> 73 | V56: =SUM(V41:V46) -> 144 | W56: =SUM(W41:W46) -> 3 | X56: =SUM(X41:X46) -> 108 | Y56: =SUM(Y41:Y46) -> 3 | Z56: =SUM(Z41:Z46) -> 150 | AA56: =SUM(AA41:AA46) -> 73 | ... BM56: =SUM(BM41:BM46) -> 3
A58: Servicios
A59: PU - LI | D59: =D5+E5+D12+E12+D28+E28 -> 54 | F59: =F5+G5+F12+G12+F28+G28 -> 79 | H59: =H5+I5+H12+I12+H28+I28 -> 72 | J59: =J5+K5+J12+K12+J28+K28 -> 54 | L59: =L5+M5+L12+M12+L28+M28 -> 79 | N59: =N5+O5+N12+O12+N28+O28 -> 79 | P59: =P5+Q5+P12+Q12+P28+Q28 -> 79 | R59: =R5+S5+R12+S12+R28+S28 -> 55 | T59: =T5+U5+T12+U12+T28+U28 -> 79 | V59: =V5+W5+V12+W12+V28+W28 -> 72 | X59: =X5+Y5+X12+Y12+X28+Y28 -> 54 | Z59: =Z5+AA5+Z12+AA12+Z28+AA28 -> 79 | AB59: =AB5+AC5+AB12+AC12+AB28+AC28 -> 79 | AD59: =AD5+AE5+AD12+AE12+AD28+AE28 -> 79 | AF59: =AF5+AG5+AF12+AG12+AF28+AG28 -> 79 | AH59: =AH5+AI5+AH12+AI12+AH28+AI28 -> 79 | AJ59: =AJ5+AK5+AJ12+AK12+AJ28+AK28 -> 72 | AL59: =AL5+AM5+AL12+AM12+AL28+AM28 -> 54 | AN59: =AN5+AO5+AN12+AO12+AN28+AO28 -> 79 | AP59: =AP5+AQ5+AP12+AQ12+AP28+AQ28 -> 79 | AR59: =AR5+AS5+AR12+AS12+AR28+AS28 -> 54 | AT59: =AT5+AU5+AT12+AU12+AT28+AU28 -> 79 | AV59: =AV5+AW5+AV12+AW12+AV28+AW28 -> 79 | AX59: =AX5+AY5+AX12+AY12+AX28+AY28 -> 72 | AZ59: =AZ5+BA5+AZ12+BA12+AZ28+BA28 -> 54 | BB59: =BB5+BC5+BB12+BC12+BB28+BC28 -> 79 | BD59: =BD5+BE5+BD12+BE12+BD28+BE28 -> 79 | BF59: =BF5+BG5+BF12+BG12+BF28+BG28 -> 79 | BH59: =BH5+BI5+BH12+BI12+BH28+BI28 -> 79 | BJ59: =BJ5+BK5+BJ12+BK12+BJ28+BK28 -> 79 | BL59: =BL5+BM5+BL12+BM12+BL28+BM28 -> 72
A60: LI - PU | D60: =D8+E8+D15+E15+D31+E31 -> 57 | F60: =F8+G8+F15+G15+F31+G31 -> 78 | H60: =H8+I8+H15+I15+H31+I31 -> 75 | J60: =J8+K8+J15+K15+J31+K31 -> 57 | L60: =L8+M8+L15+M15+L31+M31 -> 78 | N60: =N8+O8+N15+O15+N31+O31 -> 78 | P60: =P8+Q8+P15+Q15+P31+Q31 -> 78 | R60: =R8+S8+R15+S15+R31+S31 -> 56 | T60: =T8+U8+T15+U15+T31+U31 -> 78 | V60: =V8+W8+V15+W15+V31+W31 -> 75 | X60: =X8+Y8+X15+Y15+X31+Y31 -> 57 | Z60: =Z8+AA8+Z15+AA15+Z31+AA31 -> 78 | AB60: =AB8+AC8+AB15+AC15+AB31+AC31 -> 78 | AD60: =AD8+AE8+AD15+AE15+AD31+AE31 -> 78 | AF60: =AF8+AG8+AF15+AG15+AF31+AG31 -> 78 | AH60: =AH8+AI8+AH15+AI15+AH31+AI31 -> 78 | AJ60: =AJ8+AK8+AJ15+AK15+AJ31+AK31 -> 75 | AL60: =AL8+AM8+AL15+AM15+AL31+AM31 -> 57 | AN60: =AN8+AO8+AN15+AO15+AN31+AO31 -> 78 | AP60: =AP8+AQ8+AP15+AQ15+AP31+AQ31 -> 78 | AR60: =AR8+AS8+AR15+AS15+AR31+AS31 -> 57 | AT60: =AT8+AU8+AT15+AU15+AT31+AU31 -> 78 | AV60: =AV8+AW8+AV15+AW15+AV31+AW31 -> 78 | AX60: =AX8+AY8+AX15+AY15+AX31+AY31 -> 75 | AZ60: =AZ8+BA8+AZ15+BA15+AZ31+BA31 -> 57 | BB60: =BB8+BC8+BB15+BC15+BB31+BC31 -> 78 | BD60: =BD8+BE8+BD15+BE15+BD31+BE31 -> 78 | BF60: =BF8+BG8+BF15+BG15+BF31+BG31 -> 78 | BH60: =BH8+BI8+BH15+BI15+BH31+BI31 -> 78 | BJ60: =BJ8+BK8+BJ15+BK15+BJ31+BK31 -> 78 | BL60: =BL8+BM8+BL15+BM15+BL31+BM31 -> 75
A61: PU - SA | D61: =D3+E3+D10+E10+D26+E26 -> 0 | F61: =F3+G3+F10+G10+F26+G26 -> 33 | H61: =H3+I3+H10+I10+H26+I26 -> 0 | J61: =J3+K3+J10+K10+J26+K26 -> 0 | L61: =L3+M3+L10+M10+L26+M26 -> 33 | N61: =N3+O3+N10+O10+N26+O26 -> 33 | P61: =P3+Q3+P10+Q10+P26+Q26 -> 33 | R61: =R3+S3+R10+S10+R26+S26 -> 21 | T61: =T3+U3+T10+U10+T26+U26 -> 33 | V61: =V3+W3+V10+W10+V26+W26 -> 0 | X61: =X3+Y3+X10+Y10+X26+Y26 -> 0 | Z61: =Z3+AA3+Z10+AA10+Z26+AA26 -> 33 | AB61: =AB3+AC3+AB10+AC10+AB26+AC26 -> 33 | AD61: =AD3+AE3+AD10+AE10+AD26+AE26 -> 33 | AF61: =AF3+AG3+AF10+AG10+AF26+AG26 -> 33 | AH61: =AH3+AI3+AH10+AI10+AH26+AI26 -> 33 | AJ61: =AJ3+AK3+AJ10+AK10+AJ26+AK26 -> 0 | AL61: =AL3+AM3+AL10+AM10+AL26+AM26 -> 0 | AN61: =AN3+AO3+AN10+AO10+AN26+AO26 -> 33 | AP61: =AP3+AQ3+AP10+AQ10+AP26+AQ26 -> 33 | AR61: =AR3+AS3+AR10+AS10+AR26+AS26 -> 0 | AT61: =AT3+AU3+AT10+AU10+AT26+AU26 -> 33 | AV61: =AV3+AW3+AV10+AW10+AV26+AW26 -> 33 | AX61: =AX3+AY3+AX10+AY10+AX26+AY26 -> 0 | AZ61: =AZ3+BA3+AZ10+BA10+AZ26+BA26 -> 0 | BB61: =BB3+BC3+BB10+BC10+BB26+BC26 -> 33 | BD61: =BD3+BE3+BD10+BE10+BD26+BE26 -> 33 | BF61: =BF3+BG3+BF10+BG10+BF26+BG26 -> 33 | BH61: =BH3+BI3+BH10+BI10+BH26+BI26 -> 33 | BJ61: =BJ3+BK3+BJ10+BK10+BJ26+BK26 -> 33 | BL61: =BL3+BM3+BL10+BM10+BL26+BM26 -> 0
A62: SA - PU | D62: =D6+E6+D13+E13+D29+E29 -> 0 | F62: =F6+G6+F13+G13+F29+G29 -> 32 | H62: =H6+I6+H13+I13+H29+I29 -> 0 | J62: =J6+K6+J13+K13+J29+K29 -> 0 | L62: =L6+M6+L13+M13+L29+M29 -> 32 | N62: =N6+O6+N13+O13+N29+O29 -> 32 | P62: =P6+Q6+P13+Q13+P29+Q29 -> 32 | R62: =R6+S6+R13+S13+R29+S29 -> 21 | T62: =T6+U6+T13+U13+T29+U29 -> 32 | V62: =V6+W6+V13+W13+V29+W29 -> 0 | X62: =X6+Y6+X13+Y13+X29+Y29 -> 0 | Z62: =Z6+AA6+Z13+AA13+Z29+AA29 -> 32 | AB62: =AB6+AC6+AB13+AC13+AB29+AC29 -> 32 | AD62: =AD6+AE6+AD13+AE13+AD29+AE29 -> 32 | AF62: =AF6+AG6+AF13+AG13+AF29+AG29 -> 32 | AH62: =AH6+AI6+AH13+AI13+AH29+AI29 -> 32 | AJ62: =AJ6+AK6+AJ13+AK13+AJ29+AK29 -> 0 | AL62: =AL6+AM6+AL13+AM13+AL29+AM29 -> 0 | AN62: =AN6+AO6+AN13+AO13+AN29+AO29 -> 32 | AP62: =AP6+AQ6+AP13+AQ13+AP29+AQ29 -> 32 | AR62: =AR6+AS6+AR13+AS13+AR29+AS29 -> 0 | AT62: =AT6+AU6+AT13+AU13+AT29+AU29 -> 32 | AV62: =AV6+AW6+AV13+AW13+AV29+AW29 -> 32 | AX62: =AX6+AY6+AX13+AY13+AX29+AY29 -> 0 | AZ62: =AZ6+BA6+AZ13+BA13+AZ29+BA29 -> 0 | BB62: =BB6+BC6+BB13+BC13+BB29+BC29 -> 32 | BD62: =BD6+BE6+BD13+BE13+BD29+BE29 -> 32 | BF62: =BF6+BG6+BF13+BG13+BF29+BG29 -> 32 | BH62: =BH6+BI6+BH13+BI13+BH29+BI29 -> 32 | BJ62: =BJ6+BK6+BJ13+BK13+BJ29+BK29 -> 32 | BL62: =BL6+BM6+BL13+BM13+BL29+BM29 -> 0
A63: PU-EB | D63: =D4+E4+D11+E11+D27+E27 -> 0 | F63: =F4+G4+F11+G11+F27+G27 -> 0 | H63: =H4+I4+H11+I11+H27+I27 -> 0 | J63: =J4+K4+J11+K11+J27+K27 -> 0 | L63: =L4+M4+L11+M11+L27+M27 -> 0 | N63: =N4+O4+N11+O11+N27+O27 -> 0 | P63: =P4+Q4+P11+Q11+P27+Q27 -> 0 | R63: =R4+S4+R11+S11+R27+S27 -> 0 | T63: =T4+U4+T11+U11+T27+U27 -> 0 | V63: =V4+W4+V11+W11+V27+W27 -> 0 | X63: =X4+Y4+X11+Y11+X27+Y27 -> 0 | Z63: =Z4+AA4+Z11+AA11+Z27+AA27 -> 0 | AB63: =AB4+AC4+AB11+AC11+AB27+AC27 -> 0 | AD63: =AD4+AE4+AD11+AE11+AD27+AE27 -> 0 | AF63: =AF4+AG4+AF11+AG11+AF27+AG27 -> 0 | AH63: =AH4+AI4+AH11+AI11+AH27+AI27 -> 0 | AJ63: =AJ4+AK4+AJ11+AK11+AJ27+AK27 -> 0 | AL63: =AL4+AM4+AL11+AM11+AL27+AM27 -> 0 | AN63: =AN4+AO4+AN11+AO11+AN27+AO27 -> 0 | AP63: =AP4+AQ4+AP11+AQ11+AP27+AQ27 -> 0 | AR63: =AR4+AS4+AR11+AS11+AR27+AS27 -> 0 | AT63: =AT4+AU4+AT11+AU11+AT27+AU27 -> 0 | AV63: =AV4+AW4+AV11+AW11+AV27+AW27 -> 0 | AX63: =AX4+AY4+AX11+AY11+AX27+AY27 -> 0 | AZ63: =AZ4+BA4+AZ11+BA11+AZ27+BA27 -> 0 | BB63: =BB4+BC4+BB11+BC11+BB27+BC27 -> 0 | BD63: =BD4+BE4+BD11+BE11+BD27+BE27 -> 0 | BF63: =BF4+BG4+BF11+BG11+BF27+BG27 -> 0 | BH63: =BH4+BI4+BH11+BI11+BH27+BI27 -> 0 | BJ63: =BJ4+BK4+BJ11+BK11+BJ27+BK27 -> 0 | BL63: =BL4+BM4+BL11+BM11+BL27+BM27 -> 0
A64: EB-PU | D64: =D7+E7+D14+E14+D30+E30 -> 0 | F64: =F7+G7+F14+G14+F30+G30 -> 1 | H64: =H7+I7+H14+I14+H30+I30 -> 0 | J64: =J7+K7+J14+K14+J30+K30 -> 0 | L64: =L7+M7+L14+M14+L30+M30 -> 1 | N64: =N7+O7+N14+O14+N30+O30 -> 1 | P64: =P7+Q7+P14+Q14+P30+Q30 -> 1 | R64: =R7+S7+R14+S14+R30+S30 -> 1 | T64: =T7+U7+T14+U14+T30+U30 -> 1 | V64: =V7+W7+V14+W14+V30+W30 -> 0 | X64: =X7+Y7+X14+Y14+X30+Y30 -> 0 | Z64: =Z7+AA7+Z14+AA14+Z30+AA30 -> 1 | AB64: =AB7+AC7+AB14+AC14+AB30+AC30 -> 1 | AD64: =AD7+AE7+AD14+AE14+AD30+AE30 -> 1 | AF64: =AF7+AG7+AF14+AG14+AF30+AG30 -> 1 | AH64: =AH7+AI7+AH14+AI14+AH30+AI30 -> 1 | AJ64: =AJ7+AK7+AJ14+AK14+AJ30+AK30 -> 0 | AL64: =AL7+AM7+AL14+AM14+AL30+AM30 -> 0 | AN64: =AN7+AO7+AN14+AO14+AN30+AO30 -> 1 | AP64: =AP7+AQ7+AP14+AQ14+AP30+AQ30 -> 1 | AR64: =AR7+AS7+AR14+AS14+AR30+AS30 -> 0 | AT64: =AT7+AU7+AT14+AU14+AT30+AU30 -> 1 | AV64: =AV7+AW7+AV14+AW14+AV30+AW30 -> 1 | AX64: =AX7+AY7+AX14+AY14+AX30+AY30 -> 0 | AZ64: =AZ7+BA7+AZ14+BA14+AZ30+BA30 -> 0 | BB64: =BB7+BC7+BB14+BC14+BB30+BC30 -> 1 | BD64: =BD7+BE7+BD14+BE14+BD30+BE30 -> 1 | BF64: =BF7+BG7+BF14+BG14+BF30+BG30 -> 1 | BH64: =BH7+BI7+BH14+BI14+BH30+BI30 -> 1 | BJ64: =BJ7+BK7+BJ14+BK14+BJ30+BK30 -> 1 | BL64: =BL7+BM7+BL14+BM14+BL30+BM30 -> 0
A65: LI-QU | R65: =R16+S16 -> 4
A66: QU-LI | R66: =R17+S17 -> 3
A67: LI-MI | R67: =R18+S18 -> 5
A68: MI-LI | R68: =R19+S19 -> 5
A69: SA-QU | R69: =R20+S20 -> 2
A70: PU-CH | R70: =R21+S21 -> 1
A71: PU-FR | R71: =R22+S22 -> 1
A72: PU-ES | R72: =R23+S23 -> 1
A73: LI-CH | R73: =R24+S24 -> 1
A75: Trenes
A76: PU - LI | D76: =(D5+D12+D28)+2*(E5+E12+E28) -> 57 | F76: =(F5+F12+F28)+2*(G5+G12+G28) -> 111 | H76: =(H5+H12+H28)+2*(I5+I12+I28) -> 75 | J76: =(J5+J12+J28)+2*(K5+K12+K28) -> 57 | L76: =(L5+L12+L28)+2*(M5+M12+M28) -> 111 | N76: =(N5+N12+N28)+2*(O5+O12+O28) -> 111 | P76: =(P5+P12+P28)+2*(Q5+Q12+Q28) -> 111 | R76: =(R5+R12+R28)+2*(S5+S12+S28) -> 79 | T76: =(T5+T12+T28)+2*(U5+U12+U28) -> 111 | V76: =(V5+V12+V28)+2*(W5+W12+W28) -> 75 | X76: =(X5+X12+X28)+2*(Y5+Y12+Y28) -> 57 | Z76: =(Z5+Z12+Z28)+2*(AA5+AA12+AA28) -> 111 | AB76: =(AB5+AB12+AB28)+2*(AC5+AC12+AC28) -> 110 | AD76: =(AD5+AD12+AD28)+2*(AE5+AE12+AE28) -> 111 | AF76: =(AF5+AF12+AF28)+2*(AG5+AG12+AG28) -> 111 | AH76: =(AH5+AH12+AH28)+2*(AI5+AI12+AI28) -> 110 | AJ76: =(AJ5+AJ12+AJ28)+2*(AK5+AK12+AK28) -> 75 | AL76: =(AL5+AL12+AL28)+2*(AM5+AM12+AM28) -> 57 | AN76: =(AN5+AN12+AN28)+2*(AO5+AO12+AO28) -> 116 | AP76: =(AP5+AP12+AP28)+2*(AQ5+AQ12+AQ28) -> 111 | AR76: =(AR5+AR12+AR28)+2*(AS5+AS12+AS28) -> 59 | AT76: =(AT5+AT12+AT28)+2*(AU5+AU12+AU28) -> 111 | AV76: =(AV5+AV12+AV28)+2*(AW5+AW12+AW28) -> 111 | AX76: =(AX5+AX12+AX28)+2*(AY5+AY12+AY28) -> 75 | AZ76: =(AZ5+AZ12+AZ28)+2*(BA5+BA12+BA28) -> 57 | BB76: =(BB5+BB12+BB28)+2*(BC5+BC12+BC28) -> 109 | BD76: =(BD5+BD12+BD28)+2*(BE5+BE12+BE28) -> 110 | BF76: =(BF5+BF12+BF28)+2*(BG5+BG12+BG28) -> 110 | BH76: =(BH5+BH12+BH28)+2*(BI5+BI12+BI28) -> 111 | BJ76: =(BJ5+BJ12+BJ28)+2*(BK5+BK12+BK28) -> 111 | BL76: =(BL5+BL12+BL28)+2*(BM5+BM12+BM28) -> 75
A77: LI - PU | D77: =(D8+D15+D31)+2*(E8+E15+E31) -> 57 | F77: =(F8+F15+F31)+2*(G8+G15+G31) -> 111 | H77: =(H8+H15+H31)+2*(I8+I15+I31) -> 75 | J77: =(J8+J15+J31)+2*(K8+K15+K31) -> 57 | L77: =(L8+L15+L31)+2*(M8+M15+M31) -> 111 | N77: =(N8+N15+N31)+2*(O8+O15+O31) -> 111 | P77: =(P8+P15+P31)+2*(Q8+Q15+Q31) -> 111 | R77: =(R8+R15+R31)+2*(S8+S15+S31) -> 84 | T77: =(T8+T15+T31)+2*(U8+U15+U31) -> 111 | V77: =(V8+V15+V31)+2*(W8+W15+W31) -> 75 | X77: =(X8+X15+X31)+2*(Y8+Y15+Y31) -> 57 | Z77: =(Z8+Z15+Z31)+2*(AA8+AA15+AA31) -> 111 | AB77: =(AB8+AB15+AB31)+2*(AC8+AC15+AC31) -> 110 | AD77: =(AD8+AD15+AD31)+2*(AE8+AE15+AE31) -> 111 | AF77: =(AF8+AF15+AF31)+2*(AG8+AG15+AG31) -> 111 | AH77: =(AH8+AH15+AH31)+2*(AI8+AI15+AI31) -> 110 | AJ77: =(AJ8+AJ15+AJ31)+2*(AK8+AK15+AK31) -> 75 | AL77: =(AL8+AL15+AL31)+2*(AM8+AM15+AM31) -> 57 | AN77: =(AN8+AN15+AN31)+2*(AO8+AO15+AO31) -> 111 | AP77: =(AP8+AP15+AP31)+2*(AQ8+AQ15+AQ31) -> 109 | AR77: =(AR8+AR15+AR31)+2*(AS8+AS15+AS31) -> 59 | AT77: =(AT8+AT15+AT31)+2*(AU8+AU15+AU31) -> 111 | AV77: =(AV8+AV15+AV31)+2*(AW8+AW15+AW31) -> 111 | AX77: =(AX8+AX15+AX31)+2*(AY8+AY15+AY31) -> 75 | AZ77: =(AZ8+AZ15+AZ31)+2*(BA8+BA15+BA31) -> 57 | BB77: =(BB8+BB15+BB31)+2*(BC8+BC15+BC31) -> 109 | BD77: =(BD8+BD15+BD31)+2*(BE8+BE15+BE31) -> 110 | BF77: =(BF8+BF15+BF31)+2*(BG8+BG15+BG31) -> 110 | BH77: =(BH8+BH15+BH31)+2*(BI8+BI15+BI31) -> 111 | BJ77: =(BJ8+BJ15+BJ31)+2*(BK8+BK15+BK31) -> 111 | BL77: =(BL8+BL15+BL31)+2*(BM8+BM15+BM31) -> 75
A78: PU - SA | D78: =(D3+D10+D26)+2*(E3+E10+E26) -> 0 | F78: =(F3+F10+F26)+2*(G3+G10+G26) -> 37 | H78: =(H3+H10+H26)+2*(I3+I10+I26) -> 0 | J78: =(J3+J10+J26)+2*(K3+K10+K26) -> 0 | L78: =(L3+L10+L26)+2*(M3+M10+M26) -> 37 | N78: =(N3+N10+N26)+2*(O3+O10+O26) -> 37 | P78: =(P3+P10+P26)+2*(Q3+Q10+Q26) -> 37 | R78: =(R3+R10+R26)+2*(S3+S10+S26) -> 21 | T78: =(T3+T10+T26)+2*(U3+U10+U26) -> 37 | V78: =(V3+V10+V26)+2*(W3+W10+W26) -> 0 | X78: =(X3+X10+X26)+2*(Y3+Y10+Y26) -> 0 | Z78: =(Z3+Z10+Z26)+2*(AA3+AA10+AA26) -> 37 | AB78: =(AB3+AB10+AB26)+2*(AC3+AC10+AC26) -> 37 | AD78: =(AD3+AD10+AD26)+2*(AE3+AE10+AE26) -> 37 | AF78: =(AF3+AF10+AF26)+2*(AG3+AG10+AG26) -> 37 | AH78: =(AH3+AH10+AH26)+2*(AI3+AI10+AI26) -> 37 | AJ78: =(AJ3+AJ10+AJ26)+2*(AK3+AK10+AK26) -> 0 | AL78: =(AL3+AL10+AL26)+2*(AM3+AM10+AM26) -> 0 | AN78: =(AN3+AN10+AN26)+2*(AO3+AO10+AO26) -> 37 | AP78: =(AP3+AP10+AP26)+2*(AQ3+AQ10+AQ26) -> 37 | AR78: =(AR3+AR10+AR26)+2*(AS3+AS10+AS26) -> 0 | AT78: =(AT3+AT10+AT26)+2*(AU3+AU10+AU26) -> 37 | AV78: =(AV3+AV10+AV26)+2*(AW3+AW10+AW26) -> 37 | AX78: =(AX3+AX10+AX26)+2*(AY3+AY10+AY26) -> 0 | AZ78: =(AZ3+AZ10+AZ26)+2*(BA3+BA10+BA26) -> 0 | BB78: =(BB3+BB10+BB26)+2*(BC3+BC10+BC26) -> 37 | BD78: =(BD3+BD10+BD26)+2*(BE3+BE10+BE26) -> 37 | BF78: =(BF3+BF10+BF26)+2*(BG3+BG10+BG26) -> 37 | BH78: =(BH3+BH10+BH26)+2*(BI3+BI10+BI26) -> 36 | BJ78: =(BJ3+BJ10+BJ26)+2*(BK3+BK10+BK26) -> 37 | BL78: =(BL3+BL10+BL26)+2*(BM3+BM10+BM26) -> 0
A79: SA - PU | D79: =(D6+D13+D29)+2*(E6+E13+E29) -> 0 | F79: =(F6+F13+F29)+2*(G6+G13+G29) -> 36 | H79: =(H6+H13+H29)+2*(I6+I13+I29) -> 0 | J79: =(J6+J13+J29)+2*(K6+K13+K29) -> 0 | L79: =(L6+L13+L29)+2*(M6+M13+M29) -> 36 | N79: =(N6+N13+N29)+2*(O6+O13+O29) -> 36 | P79: =(P6+P13+P29)+2*(Q6+Q13+Q29) -> 36 | R79: =(R6+R13+R29)+2*(S6+S13+S29) -> 23 | T79: =(T6+T13+T29)+2*(U6+U13+U29) -> 36 | V79: =(V6+V13+V29)+2*(W6+W13+W29) -> 0 | X79: =(X6+X13+X29)+2*(Y6+Y13+Y29) -> 0 | Z79: =(Z6+Z13+Z29)+2*(AA6+AA13+AA29) -> 36 | AB79: =(AB6+AB13+AB29)+2*(AC6+AC13+AC29) -> 36 | AD79: =(AD6+AD13+AD29)+2*(AE6+AE13+AE29) -> 36 | AF79: =(AF6+AF13+AF29)+2*(AG6+AG13+AG29) -> 36 | AH79: =(AH6+AH13+AH29)+2*(AI6+AI13+AI29) -> 36 | AJ79: =(AJ6+AJ13+AJ29)+2*(AK6+AK13+AK29) -> 0 | AL79: =(AL6+AL13+AL29)+2*(AM6+AM13+AM29) -> 0 | AN79: =(AN6+AN13+AN29)+2*(AO6+AO13+AO29) -> 36 | AP79: =(AP6+AP13+AP29)+2*(AQ6+AQ13+AQ29) -> 36 | AR79: =(AR6+AR13+AR29)+2*(AS6+AS13+AS29) -> 0 | AT79: =(AT6+AT13+AT29)+2*(AU6+AU13+AU29) -> 36 | AV79: =(AV6+AV13+AV29)+2*(AW6+AW13+AW29) -> 36 | AX79: =(AX6+AX13+AX29)+2*(AY6+AY13+AY29) -> 0 | AZ79: =(AZ6+AZ13+AZ29)+2*(BA6+BA13+BA29) -> 0 | BB79: =(BB6+BB13+BB29)+2*(BC6+BC13+BC29) -> 36 | BD79: =(BD6+BD13+BD29)+2*(BE6+BE13+BE29) -> 36 | BF79: =(BF6+BF13+BF29)+2*(BG6+BG13+BG29) -> 36 | BH79: =(BH6+BH13+BH29)+2*(BI6+BI13+BI29) -> 35 | BJ79: =(BJ6+BJ13+BJ29)+2*(BK6+BK13+BK29) -> 36 | BL79: =(BL6+BL13+BL29)+2*(BM6+BM13+BM29) -> 0
A80: PU-EB | D80: =(D4+D11+D27)+2*(E4+E11+E27) -> 0 | F80: =(F4+F11+F27)+2*(G4+G11+G27) -> 0 | H80: =(H4+H11+H27)+2*(I4+I11+I27) -> 0 | J80: =(J4+J11+J27)+2*(K4+K11+K27) -> 0 | L80: =(L4+L11+L27)+2*(M4+M11+M27) -> 0 | N80: =(N4+N11+N27)+2*(O4+O11+O27) -> 0 | P80: =(P4+P11+P27)+2*(Q4+Q11+Q27) -> 0 | R80: =(R4+R11+R27)+2*(S4+S11+S27) -> 0 | T80: =(T4+T11+T27)+2*(U4+U11+U27) -> 0 | V80: =(V4+V11+V27)+2*(W4+W11+W27) -> 0 | X80: =(X4+X11+X27)+2*(Y4+Y11+Y27) -> 0 | Z80: =(Z4+Z11+Z27)+2*(AA4+AA11+AA27) -> 0 | AB80: =(AB4+AB11+AB27)+2*(AC4+AC11+AC27) -> 0 | AD80: =(AD4+AD11+AD27)+2*(AE4+AE11+AE27) -> 0 | AF80: =(AF4+AF11+AF27)+2*(AG4+AG11+AG27) -> 0 | AH80: =(AH4+AH11+AH27)+2*(AI4+AI11+AI27) -> 0 | AJ80: =(AJ4+AJ11+AJ27)+2*(AK4+AK11+AK27) -> 0 | AL80: =(AL4+AL11+AL27)+2*(AM4+AM11+AM27) -> 0 | AN80: =(AN4+AN11+AN27)+2*(AO4+AO11+AO27) -> 0 | AP80: =(AP4+AP11+AP27)+2*(AQ4+AQ11+AQ27) -> 0 | AR80: =(AR4+AR11+AR27)+2*(AS4+AS11+AS27) -> 0 | AT80: =(AT4+AT11+AT27)+2*(AU4+AU11+AU27) -> 0 | AV80: =(AV4+AV11+AV27)+2*(AW4+AW11+AW27) -> 0 | AX80: =(AX4+AX11+AX27)+2*(AY4+AY11+AY27) -> 0 | AZ80: =(AZ4+AZ11+AZ27)+2*(BA4+BA11+BA27) -> 0 | BB80: =(BB4+BB11+BB27)+2*(BC4+BC11+BC27) -> 0 | BD80: =(BD4+BD11+BD27)+2*(BE4+BE11+BE27) -> 0 | BF80: =(BF4+BF11+BF27)+2*(BG4+BG11+BG27) -> 0 | BH80: =(BH4+BH11+BH27)+2*(BI4+BI11+BI27) -> 0 | BJ80: =(BJ4+BJ11+BJ27)+2*(BK4+BK11+BK27) -> 0 | BL80: =(BL4+BL11+BL27)+2*(BM4+BM11+BM27) -> 0
A81: EB-PU | D81: =(D7+D14+D30)+2*(E7+E14+E30) -> 0 | F81: =(F7+F14+F30)+2*(G7+G14+G30) -> 1 | H81: =(H7+H14+H30)+2*(I7+I14+I30) -> 0 | J81: =(J7+J14+J30)+2*(K7+K14+K30) -> 0 | L81: =(L7+L14+L30)+2*(M7+M14+M30) -> 1 | N81: =(N7+N14+N30)+2*(O7+O14+O30) -> 1 | P81: =(P7+P14+P30)+2*(Q7+Q14+Q30) -> 1 | R81: =(R7+R14+R30)+2*(S7+S14+S30) -> 1 | T81: =(T7+T14+T30)+2*(U7+U14+U30) -> 1 | V81: =(V7+V14+V30)+2*(W7+W14+W30) -> 0 | X81: =(X7+X14+X30)+2*(Y7+Y14+Y30) -> 0 | Z81: =(Z7+Z14+Z30)+2*(AA7+AA14+AA30) -> 1 | AB81: =(AB7+AB14+AB30)+2*(AC7+AC14+AC30) -> 1 | AD81: =(AD7+AD14+AD30)+2*(AE7+AE14+AE30) -> 1 | AF81: =(AF7+AF14+AF30)+2*(AG7+AG14+AG30) -> 1 | AH81: =(AH7+AH14+AH30)+2*(AI7+AI14+AI30) -> 1 | AJ81: =(AJ7+AJ14+AJ30)+2*(AK7+AK14+AK30) -> 0 | AL81: =(AL7+AL14+AL30)+2*(AM7+AM14+AM30) -> 0 | AN81: =(AN7+AN14+AN30)+2*(AO7+AO14+AO30) -> 1 | AP81: =(AP7+AP14+AP30)+2*(AQ7+AQ14+AQ30) -> 1 | AR81: =(AR7+AR14+AR30)+2*(AS7+AS14+AS30) -> 0 | AT81: =(AT7+AT14+AT30)+2*(AU7+AU14+AU30) -> 1 | AV81: =(AV7+AV14+AV30)+2*(AW7+AW14+AW30) -> 1 | AX81: =(AX7+AX14+AX30)+2*(AY7+AY14+AY30) -> 0 | AZ81: =(AZ7+AZ14+AZ30)+2*(BA7+BA14+BA30) -> 0 | BB81: =(BB7+BB14+BB30)+2*(BC7+BC14+BC30) -> 1 | BD81: =(BD7+BD14+BD30)+2*(BE7+BE14+BE30) -> 1 | BF81: =(BF7+BF14+BF30)+2*(BG7+BG14+BG30) -> 1 | BH81: =(BH7+BH14+BH30)+2*(BI7+BI14+BI30) -> 1 | BJ81: =(BJ7+BJ14+BJ30)+2*(BK7+BK14+BK30) -> 1 | BL81: =(BL7+BL14+BL30)+2*(BM7+BM14+BM30) -> 0
A82: LI-QU | R82: =(R16)+2*(S16) -> 7
A83: QU-LI | R83: =(R17)+2*(S17) -> 4
A84: LI-MI | R84: =(R18)+2*(S18) -> 10
A85: MI-LI | R85: =(R19)+2*(S19) -> 7
A86: SA-QU | R86: =(R20)+2*(S20) -> 3
A87: PU-CH | R87: =(R21)+2*(S21) -> 1
A88: PU-FR | R88: =(R22)+2*(S22) -> 1
A89: PU-ES | R89: =(R23)+2*(S23) -> 2
A90: LI-CH | R90: =(R24)+2*(S24) -> 2

Sheet Oferta Diaria
A1: Oferta Mayo 2025
C3: 45778 | D3: 45779 | E3: 45780 | F3: 45781 | G3: 45782 | H3: 45783 | I3: 45784 | J3: 45785 | K3: 45786 | L3: 45787 | M3: 45788 | N3: 45789 | O3: 45790 | P3: 45791 | Q3: 45792 | R3: 45793 | S3: 45794 | T3: 45795 | U3: 45796 | V3: 45797 | W3: 45798 | X3: 45799 | Y3: 45800 | Z3: 45801 | AA3: 45802 | AB3: 45803 | AC3: 45804 | AD3: 45805 | AE3: 45806 | AF3: 45807 | AG3: 45808
A4: HÁBIL | B4: km
A5: Servicios PU-LI | B5: 43.13 | C5: ='Data Ocupacion'!D59 -> 54 | D5: ='Data Ocupacion'!F59 -> 79 | E5: ='Data Ocupacion'!H59 -> 72 | F5: ='Data Ocupacion'!J59 -> 54 | G5: ='Data Ocupacion'!L59 -> 79 | H5: ='Data Ocupacion'!N59 -> 79 | I5: ='Data Ocupacion'!P59 -> 79 | J5: ='Data Ocupacion'!R59 -> 55 | K5: ='Data Ocupacion'!T59 -> 79 | L5: ='Data Ocupacion'!V59 -> 72 | M5: ='Data Ocupacion'!X59 -> 54 | N5: ='Data Ocupacion'!Z59 -> 79 | O5: ='Data Ocupacion'!AB59 -> 79 | P5: ='Data Ocupacion'!AD59 -> 79 | Q5: ='Data Ocupacion'!AF59 -> 79 | R5: ='Data Ocupacion'!AH59 -> 79 | S5: ='Data Ocupacion'!AJ59 -> 72 | T5: ='Data Ocupacion'!AL59 -> 54 | U5: ='Data Ocupacion'!AN59 -> 79 | V5: ='Data Ocupacion'!AP59 -> 79 | W5: ='Data Ocupacion'!AR59 -> 54 | X5: ='Data Ocupacion'!AT59 -> 79 | Y5: ='Data Ocupacion'!AV59 -> 79 | Z5: ='Data Ocupacion'!AX59 -> 72 | AA5: ='Data Ocupacion'!AZ59 -> 54 | AB5: ='Data Ocupacion'!BB59 -> 79 | AC5: ='Data Ocupacion'!BD59 -> 79 | AD5: ='Data Ocupacion'!BF59 -> 79 | AE5: ='Data Ocupacion'!BH59 -> 79 | AF5: ='Data Ocupacion'!BJ59 -> 79 | AG5: ='Data Ocupacion'!BL59 -> 72
A6: Servicios LI-PU | B6: 43.13 | C6: ='Data Ocupacion'!D60 -> 57 | D6: ='Data Ocupacion'!F60 -> 78 | E6: ='Data Ocupacion'!H60 -> 75 | F6: ='Data Ocupacion'!J60 -> 57 | G6: ='Data Ocupacion'!L60 -> 78 | H6: ='Data Ocupacion'!N60 -> 78 | I6: ='Data Ocupacion'!P60 -> 78 | J6: ='Data Ocupacion'!R60 -> 56 | K6: ='Data Ocupacion'!T60 -> 78 | L6: ='Data Ocupacion'!V60 -> 75 | M6: ='Data Ocupacion'!X60 -> 57 | N6: ='Data Ocupacion'!Z60 -> 78 | O6: ='Data Ocupacion'!AB60 -> 78 | P6: ='Data Ocupacion'!AD60 -> 78 | Q6: ='Data Ocupacion'!AF60 -> 78 | R6: ='Data Ocupacion'!AH60 -> 78 | S6: ='Data Ocupacion'!AJ60 -> 75 | T6: ='Data Ocupacion'!AL60 -> 57 | U6: ='Data Ocupacion'!AN60 -> 78 | V6: ='Data Ocupacion'!AP60 -> 78 | W6: ='Data Ocupacion'!AR60 -> 57 | X6: ='Data Ocupacion'!AT60 -> 78 | Y6: ='Data Ocupacion'!AV60 -> 78 | Z6: ='Data Ocupacion'!AX60 -> 75 | AA6: ='Data Ocupacion'!AZ60 -> 57 | AB6: ='Data Ocupacion'!BB60 -> 78 | AC6: ='Data Ocupacion'!BD60 -> 78 | AD6: ='Data Ocupacion'!BF60 -> 78 | AE6: ='Data Ocupacion'!BH60 -> 78 | AF6: ='Data Ocupacion'!BJ60 -> 78 | AG6: ='Data Ocupacion'!BL60 -> 75
A7: Servicios PU-SA | B7: 29.11 | C7: ='Data Ocupacion'!D61 -> 0 | D7: ='Data Ocupacion'!F61 -> 33 | E7: ='Data Ocupacion'!H61 -> 0 | F7: ='Data Ocupacion'!J61 -> 0 | G7: ='Data Ocupacion'!L61 -> 33 | H7: ='Data Ocupacion'!N61 -> 33 | I7: ='Data Ocupacion'!P61 -> 33 | J7: ='Data Ocupacion'!R61 -> 21 | K7: ='Data Ocupacion'!T61 -> 33 | L7: ='Data Ocupacion'!V61 -> 0 | M7: ='Data Ocupacion'!X61 -> 0 | N7: ='Data Ocupacion'!Z61 -> 33 | O7: ='Data Ocupacion'!AB61 -> 33 | P7: ='Data Ocupacion'!AD61 -> 33 | Q7: ='Data Ocupacion'!AF61 -> 33 | R7: ='Data Ocupacion'!AH61 -> 33 | S7: ='Data Ocupacion'!AJ61 -> 0 | T7: ='Data Ocupacion'!AL61 -> 0 | U7: ='Data Ocupacion'!AN61 -> 33 | V7: ='Data Ocupacion'!AP61 -> 33 | W7: ='Data Ocupacion'!AR61 -> 0 | X7: ='Data Ocupacion'!AT61 -> 33 | Y7: ='Data Ocupacion'!AV61 -> 33 | Z7: ='Data Ocupacion'!AX61 -> 0 | AA7: ='Data Ocupacion'!AZ61 -> 0 | AB7: ='Data Ocupacion'!BB61 -> 33 | AC7: ='Data Ocupacion'!BD61 -> 33 | AD7: ='Data Ocupacion'!BF61 -> 33 | AE7: ='Data Ocupacion'!BH61 -> 33 | AF7: ='Data Ocupacion'!BJ61 -> 33 | AG7: ='Data Ocupacion'!BL61 -> 0
A8: Servicios SA-PU | B8: 29.11 | C8: ='Data Ocupacion'!D62 -> 0 | D8: ='Data Ocupacion'!F62 -> 32 | E8: ='Data Ocupacion'!H62 -> 0 | F8: ='Data Ocupacion'!J62 -> 0 | G8: ='Data Ocupacion'!L62 -> 32 | H8: ='Data Ocupacion'!N62 -> 32 | I8: ='Data Ocupacion'!P62 -> 32 | J8: ='Data Ocupacion'!R62 -> 21 | K8: ='Data Ocupacion'!T62 -> 32 | L8: ='Data Ocupacion'!V62 -> 0 | M8: ='Data Ocupacion'!X62 -> 0 | N8: ='Data Ocupacion'!Z62 -> 32 | O8: ='Data Ocupacion'!AB62 -> 32 | P8: ='Data Ocupacion'!AD62 -> 32 | Q8: ='Data Ocupacion'!AF62 -> 32 | R8: ='Data Ocupacion'!AH62 -> 32 | S8: ='Data Ocupacion'!AJ62 -> 0 | T8: ='Data Ocupacion'!AL62 -> 0 | U8: ='Data Ocupacion'!AN62 -> 32 | V8: ='Data Ocupacion'!AP62 -> 32 | W8: ='Data Ocupacion'!AR62 -> 0 | X8: ='Data Ocupacion'!AT62 -> 32 | Y8: ='Data Ocupacion'!AV62 -> 32 | Z8: ='Data Ocupacion'!AX62 -> 0 | AA8: ='Data Ocupacion'!AZ62 -> 0 | AB8: ='Data Ocupacion'!BB62 -> 32 | AC8: ='Data Ocupacion'!BD62 -> 32 | AD8: ='Data Ocupacion'!BF62 -> 32 | AE8: ='Data Ocupacion'!BH62 -> 32 | AF8: ='Data Ocupacion'!BJ62 -> 32 | AG8: ='Data Ocupacion'!BL62 -> 0
A9: Servicios PU-EB | B9: 25.4 | C9: ='Data Ocupacion'!D63 -> 0 | D9: ='Data Ocupacion'!F63 -> 0 | E9: ='Data Ocupacion'!H63 -> 0 | F9: ='Data Ocupacion'!J63 -> 0 | G9: ='Data Ocupacion'!L63 -> 0 | H9: ='Data Ocupacion'!N63 -> 0 | I9: ='Data Ocupacion'!P63 -> 0 | J9: ='Data Ocupacion'!R63 -> 0 | K9: ='Data Ocupacion'!T63 -> 0 | L9: ='Data Ocupacion'!V63 -> 0 | M9: ='Data Ocupacion'!X63 -> 0 | N9: ='Data Ocupacion'!Z63 -> 0 | O9: ='Data Ocupacion'!AB63 -> 0 | P9: ='Data Ocupacion'!AD63 -> 0 | Q9: ='Data Ocupacion'!AF63 -> 0 | R9: ='Data Ocupacion'!AH63 -> 0 | S9: ='Data Ocupacion'!AJ63 -> 0 | T9: ='Data Ocupacion'!AL63 -> 0 | U9: ='Data Ocupacion'!AN63 -> 0 | V9: ='Data Ocupacion'!AP63 -> 0 | W9: ='Data Ocupacion'!AR63 -> 0 | X9: ='Data Ocupacion'!AT63 -> 0 | Y9: ='Data Ocupacion'!AV63 -> 0 | Z9: ='Data Ocupacion'!AX63 -> 0 | AA9: ='Data Ocupacion'!AZ63 -> 0 | AB9: ='Data Ocupacion'!BB63 -> 0 | AC9: ='Data Ocupacion'!BD63 -> 0 | AD9: ='Data Ocupacion'!BF63 -> 0 | AE9: ='Data Ocupacion'!BH63 -> 0 | AF9: ='Data Ocupacion'!BJ63 -> 0 | AG9: ='Data Ocupacion'!BL63 -> 0
A10: Servicios EB-PU | B10: 25.4 | C10: ='Data Ocupacion'!D64 -> 0 | D10: ='Data Ocupacion'!F64 -> 1 | E10: ='Data Ocupacion'!H64 -> 0 | F10: ='Data Ocupacion'!J64 -> 0 | G10: ='Data Ocupacion'!L64 -> 1 | H10: ='Data Ocupacion'!N64 -> 1 | I10: ='Data Ocupacion'!P64 -> 1 | J10: ='Data Ocupacion'!R64 -> 1 | K10: ='Data Ocupacion'!T64 -> 1 | L10: ='Data Ocupacion'!V64 -> 0 | M10: ='Data Ocupacion'!X64 -> 0 | N10: ='Data Ocupacion'!Z64 -> 1 | O10: ='Data Ocupacion'!AB64 -> 1 | P10: ='Data Ocupacion'!AD64 -> 1 | Q10: ='Data Ocupacion'!AF64 -> 1 | R10: ='Data Ocupacion'!AH64 -> 1 | S10: ='Data Ocupacion'!AJ64 -> 0 | T10: ='Data Ocupacion'!AL64 -> 0 | U10: ='Data Ocupacion'!AN64 -> 1 | V10: ='Data Ocupacion'!AP64 -> 1 | W10: ='Data Ocupacion'!AR64 -> 0 | X10: ='Data Ocupacion'!AT64 -> 1 | Y10: ='Data Ocupacion'!AV64 -> 1 | Z10: ='Data Ocupacion'!AX64 -> 0 | AA10: ='Data Ocupacion'!AZ64 -> 0 | AB10: ='Data Ocupacion'!BB64 -> 1 | AC10: ='Data Ocupacion'!BD64 -> 1 | AD10: ='Data Ocupacion'!BF64 -> 1 | AE10: ='Data Ocupacion'!BH64 -> 1 | AF10: ='Data Ocupacion'!BJ64 -> 1 | AG10: ='Data Ocupacion'!BL64 -> 0
A11: Servicios PU-ES | B11: 11.71
A12: Servicios LI-QU | B12: 21.7 | J12: ='Data Ocupacion'!R65 -> 4
A13: Servicios QU-LI | B13: 21.7 | J13: ='Data Ocupacion'!R66 -> 3
A14: Servicios LI-MI | B14: 35.73 | J14: ='Data Ocupacion'!R67 -> 5
A15: Servicios MI-LI | B15: 35.73 | J15: ='Data Ocupacion'!R68 -> 5
A16: Servicios SA-QU | B16: 7.68 | J16: ='Data Ocupacion'!R69 -> 2
A17: Servicios PU-CH | B17: 10.17 | J17: ='Data Ocupacion'!R70 -> 1
A18: Servicios PU-FR | B18: 1.42 | J18: ='Data Ocupacion'!R71 -> 1
A19: Servicios PU-RE | B19: 5.99 | J19: ='Data Ocupacion'!R72 -> 1
A20: Servicios LI-CH | B20: 32.96 | J20: ='Data Ocupacion'!R73 -> 1
A22: Trenes PU-LI | B22: 43.13 | C22: ='Data Ocupacion'!D76 -> 57 | D22: ='Data Ocupacion'!F76 -> 111 | E22: ='Data Ocupacion'!H76 -> 75 | F22: ='Data Ocupacion'!J76 -> 57 | G22: ='Data Ocupacion'!L76 -> 111 | H22: ='Data Ocupacion'!N76 -> 111 | I22: ='Data Ocupacion'!P76 -> 111 | J22: ='Data Ocupacion'!R76 -> 79 | K22: ='Data Ocupacion'!T76 -> 111 | L22: ='Data Ocupacion'!V76 -> 75 | M22: ='Data Ocupacion'!X76 -> 57 | N22: ='Data Ocupacion'!Z76 -> 111 | O22: ='Data Ocupacion'!AB76 -> 110 | P22: ='Data Ocupacion'!AD76 -> 111 | Q22: ='Data Ocupacion'!AF76 -> 111 | R22: ='Data Ocupacion'!AH76 -> 110 | S22: ='Data Ocupacion'!AJ76 -> 75 | T22: ='Data Ocupacion'!AL76 -> 57 | U22: ='Data Ocupacion'!AN76 -> 116 | V22: ='Data Ocupacion'!AP76 -> 111 | W22: ='Data Ocupacion'!AR76 -> 59 | X22: ='Data Ocupacion'!AT76 -> 111 | Y22: ='Data Ocupacion'!AV76 -> 111 | Z22: ='Data Ocupacion'!AX76 -> 75 | AA22: ='Data Ocupacion'!AZ76 -> 57 | AB22: ='Data Ocupacion'!BB76 -> 109 | AC22: ='Data Ocupacion'!BD76 -> 110 | AD22: ='Data Ocupacion'!BF76 -> 110 | AE22: ='Data Ocupacion'!BH76 -> 111 | AF22: ='Data Ocupacion'!BJ76 -> 111 | AG22: ='Data Ocupacion'!BL76 -> 75
A23: Trenes LI-PU | B23: 43.13 | C23: ='Data Ocupacion'!D77 -> 57 | D23: ='Data Ocupacion'!F77 -> 111 | E23: ='Data Ocupacion'!H77 -> 75 | F23: ='Data Ocupacion'!J77 -> 57 | G23: ='Data Ocupacion'!L77 -> 111 | H23: ='Data Ocupacion'!N77 -> 111 | I23: ='Data Ocupacion'!P77 -> 111 | J23: ='Data Ocupacion'!R77 -> 84 | K23: ='Data Ocupacion'!T77 -> 111 | L23: ='Data Ocupacion'!V77 -> 75 | M23: ='Data Ocupacion'!X77 -> 57 | N23: ='Data Ocupacion'!Z77 -> 111 | O23: ='Data Ocupacion'!AB77 -> 110 | P23: ='Data Ocupacion'!AD77 -> 111 | Q23: ='Data Ocupacion'!AF77 -> 111 | R23: ='Data Ocupacion'!AH77 -> 110 | S23: ='Data Ocupacion'!AJ77 -> 75 | T23: ='Data Ocupacion'!AL77 -> 57 | U23: ='Data Ocupacion'!AN77 -> 111 | V23: ='Data Ocupacion'!AP77 -> 109 | W23: ='Data Ocupacion'!AR77 -> 59 | X23: ='Data Ocupacion'!AT77 -> 111 | Y23: ='Data Ocupacion'!AV77 -> 111 | Z23: ='Data Ocupacion'!AX77 -> 75 | AA23: ='Data Ocupacion'!AZ77 -> 57 | AB23: ='Data Ocupacion'!BB77 -> 109 | AC23: ='Data Ocupacion'!BD77 -> 110 | AD23: ='Data Ocupacion'!BF77 -> 110 | AE23: ='Data Ocupacion'!BH77 -> 111 | AF23: ='Data Ocupacion'!BJ77 -> 111 | AG23: ='Data Ocupacion'!BL77 -> 75
A24: Trenes PU-SA | B24: 29.11 | C24: ='Data Ocupacion'!D78 -> 0 | D24: ='Data Ocupacion'!F78 -> 37 | E24: ='Data Ocupacion'!H78 -> 0 | F24: ='Data Ocupacion'!J78 -> 0 | G24: ='Data Ocupacion'!L78 -> 37 | H24: ='Data Ocupacion'!N78 -> 37 | I24: ='Data Ocupacion'!P78 -> 37 | J24: ='Data Ocupacion'!R78 -> 21 | K24: ='Data Ocupacion'!T78 -> 37 | L24: ='Data Ocupacion'!V78 -> 0 | M24: ='Data Ocupacion'!X78 -> 0 | N24: ='Data Ocupacion'!Z78 -> 37 | O24: ='Data Ocupacion'!AB78 -> 37 | P24: ='Data Ocupacion'!AD78 -> 37 | Q24: ='Data Ocupacion'!AF78 -> 37 | R24: ='Data Ocupacion'!AH78 -> 37 | S24: ='Data Ocupacion'!AJ78 -> 0 | T24: ='Data Ocupacion'!AL78 -> 0 | U24: ='Data Ocupacion'!AN78 -> 37 | V24: ='Data Ocupacion'!AP78 -> 37 | W24: ='Data Ocupacion'!AR78 -> 0 | X24: ='Data Ocupacion'!AT78 -> 37 | Y24: ='Data Ocupacion'!AV78 -> 37 | Z24: ='Data Ocupacion'!AX78 -> 0 | AA24: ='Data Ocupacion'!AZ78 -> 0 | AB24: ='Data Ocupacion'!BB78 -> 37 | AC24: ='Data Ocupacion'!BD78 -> 37 | AD24: ='Data Ocupacion'!BF78 -> 37 | AE24: ='Data Ocupacion'!BH78 -> 36 | AF24: ='Data Ocupacion'!BJ78 -> 37 | AG24: ='Data Ocupacion'!BL78 -> 0
A25: Trenes SA-PU | B25: 29.11 | C25: ='Data Ocupacion'!D79 -> 0 | D25: ='Data Ocupacion'!F79 -> 36 | E25: ='Data Ocupacion'!H79 -> 0 | F25: ='Data Ocupacion'!J79 -> 0 | G25: ='Data Ocupacion'!L79 -> 36 | H25: ='Data Ocupacion'!N79 -> 36 | I25: ='Data Ocupacion'!P79 -> 36 | J25: ='Data Ocupacion'!R79 -> 23 | K25: ='Data Ocupacion'!T79 -> 36 | L25: ='Data Ocupacion'!V79 -> 0 | M25: ='Data Ocupacion'!X79 -> 0 | N25: ='Data Ocupacion'!Z79 -> 36 | O25: ='Data Ocupacion'!AB79 -> 36 | P25: ='Data Ocupacion'!AD79 -> 36 | Q25: ='Data Ocupacion'!AF79 -> 36 | R25: ='Data Ocupacion'!AH79 -> 36 | S25: ='Data Ocupacion'!AJ79 -> 0 | T25: ='Data Ocupacion'!AL79 -> 0 | U25: ='Data Ocupacion'!AN79 -> 36 | V25: ='Data Ocupacion'!AP79 -> 36 | W25: ='Data Ocupacion'!AR79 -> 0 | X25: ='Data Ocupacion'!AT79 -> 36 | Y25: ='Data Ocupacion'!AV79 -> 36 | Z25: ='Data Ocupacion'!AX79 -> 0 | AA25: ='Data Ocupacion'!AZ79 -> 0 | AB25: ='Data Ocupacion'!BB79 -> 36 | AC25: ='Data Ocupacion'!BD79 -> 36 | AD25: ='Data Ocupacion'!BF79 -> 36 | AE25: ='Data Ocupacion'!BH79 -> 35 | AF25: ='Data Ocupacion'!BJ79 -> 36 | AG25: ='Data Ocupacion'!BL79 -> 0
A26: Trenes EB-PU | B26: 25.4 | C26: ='Data Ocupacion'!D81 -> 0 | D26: ='Data Ocupacion'!F81 -> 1 | E26: ='Data Ocupacion'!H81 -> 0 | F26: ='Data Ocupacion'!J81 -> 0 | G26: ='Data Ocupacion'!L81 -> 1 | H26: ='Data Ocupacion'!N81 -> 1 | I26: ='Data Ocupacion'!P81 -> 1 | J26: ='Data Ocupacion'!R81 -> 1 | K26: ='Data Ocupacion'!T81 -> 1 | L26: ='Data Ocupacion'!V81 -> 0 | M26: ='Data Ocupacion'!X81 -> 0 | N26: ='Data Ocupacion'!Z81 -> 1 | O26: ='Data Ocupacion'!AB81 -> 1 | P26: ='Data Ocupacion'!AD81 -> 1 | Q26: ='Data Ocupacion'!AF81 -> 1 | R26: ='Data Ocupacion'!AH81 -> 1 | S26: ='Data Ocupacion'!AJ81 -> 0 | T26: ='Data Ocupacion'!AL81 -> 0 | U26: ='Data Ocupacion'!AN81 -> 1 | V26: ='Data Ocupacion'!AP81 -> 1 | W26: ='Data Ocupacion'!AR81 -> 0 | X26: ='Data Ocupacion'!AT81 -> 1 | Y26: ='Data Ocupacion'!AV81 -> 1 | Z26: ='Data Ocupacion'!AX81 -> 0 | AA26: ='Data Ocupacion'!AZ81 -> 0 | AB26: ='Data Ocupacion'!BB81 -> 1 | AC26: ='Data Ocupacion'!BD81 -> 1 | AD26: ='Data Ocupacion'!BF81 -> 1 | AE26: ='Data Ocupacion'!BH81 -> 1 | AF26: ='Data Ocupacion'!BJ81 -> 1 | AG26: ='Data Ocupacion'!BL81 -> 0
A27: Trenes PU-EB | B27: 25.4 | C27: 0 | D27: 0 | E27: 0 | F27: 0 | G27: 0 | H27: 0 | I27: 0 | K27: 0 | L27: 0 | M27: 0 | N27: 0 | O27: 0 | P27: 0 | Q27: 0 | R27: 0 | S27: 0 | T27: 0 | U27: 0 | V27: 0 | W27: 0 | X27: 0 | Y27: 0 | Z27: 0 | AA27: 0 | AB27: 0 | AC27: 0 | AD27: 0 | AE27: 0 | AF27: 0 | AG27: 0
A28: Trenes PU-ES | B28: 11.71
A29: Trenes LI-QU | B29: 21.7 | J29: ='Data Ocupacion'!R82 -> 7
A30: Trenes QU-LI | B30: 21.7 | J30: ='Data Ocupacion'!R83 -> 4
A31: Trenes LI-MI | B31: 35.73 | J31: ='Data Ocupacion'!R84 -> 10
A32: Trenes MI-LI | B32: 35.73 | J32: ='Data Ocupacion'!R85 -> 7
A33: Trenes SA-QU | B33: 7.68 | J33: ='Data Ocupacion'!R86 -> 3
A34: Trenes PU-CH | B34: 10.17 | J34: ='Data Ocupacion'!R87 -> 1
A35: Trenes PU-FR | B35: 1.42 | J35: ='Data Ocupacion'!R88 -> 1
A36: Trenes PU-RE | B36: 5.99 | J36: ='Data Ocupacion'!R89 -> 2
A37: Trenes LI-CH | B37: 32.96 | J37: ='Data Ocupacion'!R90 -> 2
A39: Corte EB (600) | B39: -17.73 | C39: ='KM-Servicio'!Q5 -> 0 | D39: ='KM-Servicio'!Q12 -> 4 | E39: ='KM-Servicio'!Q19 -> 0 | F39: ='KM-Servicio'!Q26 -> 0 | G39: ='KM-Servicio'!Q33 -> 2 | H39: ='KM-Servicio'!Q40 -> 0 | I39: ='KM-Servicio'!Q47 -> 0 | J39: ='KM-Servicio'!Q54 -> 0 | K39: ='KM-Servicio'!Q70 -> 1 | L39: ='KM-Servicio'!Q77 -> 0 | M39: ='KM-Servicio'!Q84 -> 0 | N39: ='KM-Servicio'!Q91 -> 3 | O39: ='KM-Servicio'!Q98 -> 3 | P39: ='KM-Servicio'!Q105 -> 4 | Q39: ='KM-Servicio'!Q112 -> 3 | R39: ='KM-Servicio'!Q119 -> 5 | S39: ='KM-Servicio'!Q126 -> 0 | T39: ='KM-Servicio'!Q133 -> 0 | U39: ='KM-Servicio'!Q140 -> 4 | V39: ='KM-Servicio'!Q147 -> 0 | W39: ='KM-Servicio'!Q154 -> 0 | X39: ='KM-Servicio'!Q161 -> 0 | Y39: ='KM-Servicio'!Q168 -> 0 | Z39: ='KM-Servicio'!Q175 -> 0 | AA39: ='KM-Servicio'!Q182 -> 0 | AB39: ='KM-Servicio'!Q189 -> 4 | AC39: ='KM-Servicio'!Q196 -> 3 | AD39: ='KM-Servicio'!Q203 -> 4 | AE39: ='KM-Servicio'!Q210 -> 1 | AF39: 0 | AG39: ='KM-Servicio'!Q224 -> 0
A40: Acople EB (600) | B40: -17.73 | C40: ='KM-Servicio'!T6 -> 0 | D40: ='KM-Servicio'!T13 -> 0 | E40: ='KM-Servicio'!T20 -> 0 | F40: ='KM-Servicio'!T27 -> 0 | G40: ='KM-Servicio'!T34 -> 0 | H40: ='KM-Servicio'!T41 -> 0 | I40: ='KM-Servicio'!T48 -> 0 | J40: ='KM-Servicio'!T55 -> 0 | K40: ='KM-Servicio'!T71 -> 0 | L40: ='KM-Servicio'!T78 -> 0 | M40: ='KM-Servicio'!T85 -> 0 | N40: ='KM-Servicio'!T92 -> 0 | O40: ='KM-Servicio'!T99 -> 0 | P40: ='KM-Servicio'!T106 -> 0 | Q40: ='KM-Servicio'!T113 -> 0 | R40: ='KM-Servicio'!T120 -> 0 | S40: ='KM-Servicio'!T127 -> 0 | T40: ='KM-Servicio'!T134 -> 0 | U40: ='KM-Servicio'!T141 -> 0 | V40: ='KM-Servicio'!T148 -> 0 | W40: ='KM-Servicio'!T155 -> 0 | X40: ='KM-Servicio'!T162 -> 0 | Y40: ='KM-Servicio'!T169 -> 0 | Z40: ='KM-Servicio'!T176 -> 0 | AA40: ='KM-Servicio'!T183 -> 0 | AB40: ='KM-Servicio'!T190 -> 0 | AC40: 0 | AD40: ='KM-Servicio'!T204 -> 0 | AE40: ='KM-Servicio'!T211 -> 0 | AF40: ='KM-Servicio'!T217 -> 3 | AG40: ='KM-Servicio'!Q225 -> 0
A41: Acople/Corte SA (600) | B41: -14.02 | C41: ='KM-Servicio'!U6 -> 0 | D41: ='KM-Servicio'!U13 -> 0 | E41: ='KM-Servicio'!U20 -> 0 | F41: ='KM-Servicio'!U27 -> 0 | G41: ='KM-Servicio'!U34 -> 0 | H41: ='KM-Servicio'!U41 -> 0 | I41: ='KM-Servicio'!U48 -> 0 | J41: ='KM-Servicio'!U55 -> 0 | K41: ='KM-Servicio'!U71 -> 0 | L41: ='KM-Servicio'!U78 -> 0 | M41: ='KM-Servicio'!U85 -> 0 | N41: ='KM-Servicio'!U92 -> 0 | O41: ='KM-Servicio'!U99 -> 0 | P41: ='KM-Servicio'!U106 -> 0 | Q41: ='KM-Servicio'!U113 -> 0 | R41: ='KM-Servicio'!U120 -> 0 | S41: ='KM-Servicio'!U127 -> 0 | T41: ='KM-Servicio'!U134 -> 0 | U41: ='KM-Servicio'!U141 -> 0 | V41: ='KM-Servicio'!U148 -> 0 | W41: ='KM-Servicio'!U155 -> 0 | X41: ='KM-Servicio'!U162 -> 0 | Y41: ='KM-Servicio'!U169 -> 0 | Z41: ='KM-Servicio'!U176 -> 0 | AA41: ='KM-Servicio'!U183 -> 0 | AB41: ='KM-Servicio'!U190 -> 0 | AC41: ='KM-Servicio'!U197 -> 0 | AD41: ='KM-Servicio'!U204 -> 0 | AE41: ='KM-Servicio'!U211 -> 0 | AF41: ='KM-Servicio'!U218 -> 0 | AG41: ='KM-Servicio'!Q226 -> 0
A42: Corte EB (400) | B42: -3.71 | E42: ='KM-Servicio'!Q21 -> 0 | G42: ='KM-Servicio'!Q35 -> 0 | N42: ='KM-Servicio'!Q93 -> 0
A43: Acople EB (600) vía 1 | B43: 17.73 | D43: 4 | G43: 3 | H43: 2 | I43: 4 | K43: 3 | N43: 2 | O43: 1 | P43: 1 | R43: 3 | U43: 5 | V43: 2 | W43: 2 | X43: 3 | Y43: 2 | AB43: 2 | AC43: 4 | AD43: 4 | AE43: 3 | AF43: 3
A44: Acople PE (600) via 2 | B44: -12.72
A46: Servicios | B46: =SUM(C46:AG46) -> 5815 | C46: =SUM(C5:C14) -> 111 | D46: =SUM(D5:D14) -> 223 | E46: =SUM(E5:E12) -> 147 | F46: =SUM(F5:F10) -> 111 | G46: =SUM(G5:G10) -> 223 | H46: =SUM(H5:H10) -> 223 | I46: =SUM(I5:I10) -> 223 | J46: =SUM(J5:J20) -> 177 | K46: =SUM(K5:K10) -> 223 | L46: =SUM(L5:L10) -> 147 | M46: =SUM(M5:M20) -> 111 | N46: =SUM(N5:N10) -> 223 | O46: =SUM(O5:O10) -> 223 | P46: =SUM(P5:P10) -> 223 | Q46: =SUM(Q5:Q10) -> 223 | R46: =SUM(R5:R10) -> 223 | S46: =SUM(S5:S10) -> 147 | T46: =SUM(T5:T10) -> 111 | U46: =SUM(U5:U10) -> 223 | ... Y46: =SUM(Y5:Y10) -> 223 | Z46: =SUM(Z5:Z14) -> 147 | AA46: =SUM(AA5:AA18) -> 111 | AB46: =SUM(AB5:AB20) -> 223 | AC46: =SUM(AC5:AC14) -> 223 | AD46: =SUM(AD5:AD14) -> 223 | AE46: =SUM(AE5:AE10) -> 223 | AF46: =SUM(AF5:AF10) -> 223 | AG46: =SUM(AG5:AG10) -> 147
A47: Trenes | B47: =SUM(C47:AG47) -> 7296 | C47: =SUM(C22:C31) -> 114 | D47: =SUM(D22:D31) -> 296 | E47: =SUM(E22:E29) -> 150 | F47: =SUM(F22:F27) -> 114 | G47: =SUM(G22:G27) -> 296 | H47: =SUM(H22:H27) -> 296 | I47: =SUM(I22:I27) -> 296 | J47: =SUM(J22:J37) -> 245 | K47: =SUM(K22:K27) -> 296 | L47: =SUM(L22:L27) -> 150 | M47: =SUM(M22:M37) -> 114 | N47: =SUM(N22:N27) -> 296 | O47: =SUM(O22:O27) -> 294 | P47: =SUM(P22:P27) -> 296 | Q47: =SUM(Q22:Q27) -> 296 | R47: =SUM(R22:R27) -> 294 | S47: =SUM(S22:S27) -> 150 | T47: =SUM(T22:T27) -> 114 | U47: =SUM(U22:U27) -> 301 | ... Y47: =SUM(Y22:Y27) -> 296 | Z47: =SUM(Z22:Z31) -> 150 | AA47: =SUM(AA22:AA35) -> 114 | AB47: =SUM(AB22:AB37) -> 292 | AC47: =SUM(AC22:AC31) -> 294 | AD47: =SUM(AD22:AD31) -> 294 | AE47: =SUM(AE22:AE27) -> 294 | AF47: =SUM(AF22:AF27) -> 296 | AG47: =SUM(AG22:AG27) -> 150
A48: Trenes KM | B48: =SUM(C48:AG48) -> 293809.7 | C48: =(C22*$B$22+C23*$B$23+C24*$B$24+C25*$B$25+C27*$B$27+C40*$B$40+C26*$B$26+C39*$B$39+C41*$B$41+C42*$B$42+C30*$B$30+C31*$B$31+C43*B43) -> 4916.82 | D48: =(D22*$B$22+D23*$B$23+D24*$B$24+D25*$B$25+D27*$B$27+D40*$B$40+D26*$B$26+D39*$B$39+D41*$B$41+D42*$B$42+D30*$B$30+D31*$B$31+D43*B43) -> 11725.29 | E48: =(E22*$B$22+E23*$B$23+E24*$B$24+E25*$B$25+E27*$B$27+E40*$B$40+E26*$B$26+E39*$B$39+E41*$B$41+E42*$B$42+E30*$B$30+E31*$B$31+E43*B43) -> 6469.5 | F48: =(F22*$B$22+F23*$B$23+F24*$B$24+F25*$B$25+F27*$B$27+F40*$B$40+F26*$B$26+F39*$B$39+F41*$B$41+F42*$B$42+F43*B43) -> 4916.82 | G48: =(G22*$B$22+G23*$B$23+G24*$B$24+G25*$B$25+G27*$B$27+G40*$B$40+G26*$B$26+G39*$B$39+G41*$B$41+G42*$B$42+G43*B43) -> 11743.02 | H48: =(H22*$B$22+H23*$B$23+H24*$B$24+H25*$B$25+H27*$B$27+H40*$B$40+H26*$B$26+H39*$B$39+H41*$B$41+H42*$B$42+H43*B43) -> 11760.75 | I48: =(I22*$B$22+I23*$B$23+I24*$B$24+I25*$B$25+I27*$B$27+I40*$B$40+I26*$B$26+I39*$B$39+I41*$B$41+I42*$B$42+I43*B43) -> 11796.21 | J48: =(J22*$B$22+J23*$B$23+J24*$B$24+J25*$B$25+J27*$B$27+J29*$B$29+J30*$B$30+J31*$B$31+J32*$B$32+J33*$B$33+J40*$B$40+J26*$B$26+J39*$B$39+J41*$B$41+J42*$B$42+J43*B43+J34*B34+J35*B35+J36*B36+J37*B37) -> 9295.07 | K48: =(K22*$B$22+K23*$B$23+K24*$B$24+K25*$B$25+K27*$B$27+K40*$B$40+K26*$B$26+K39*$B$39+K41*$B$41+K42*$B$42+K43*B43) -> 11760.75 | L48: =(L22*$B$22+L23*$B$23+L24*$B$24+L25*$B$25+L27*$B$27+L40*$B$40+L26*$B$26+L39*$B$39+L41*$B$41+L42*$B$42+L43*B43) -> 6469.5 | M48: =(M22*$B$22+M23*$B$23+M24*$B$24+M25*$B$25+M27*$B$27+M40*$B$40+M26*$B$26+M39*$B$39+M41*$B$41+M42*$B$42+M32*B32+M33*B33+M36*B36+M37*B37+M43*B43) -> 4916.82 | N48: =(N22*$B$22+N23*$B$23+N24*$B$24+N25*$B$25+N27*$B$27+N40*$B$40+N26*$B$26+N39*$B$39+N41*$B$41+N42*$B$42+N43*B43) -> 11707.56 | O48: =(O22*$B$22+O23*$B$23+O24*$B$24+O25*$B$25+O27*$B$27+O40*$B$40+O26*$B$26+O39*$B$39+O41*$B$41+O42*$B$42+O43*B43) -> 11603.57 | P48: =(P22*$B$22+P23*$B$23+P24*$B$24+P25*$B$25+P27*$B$27+P40*$B$40+P26*$B$26+P39*$B$39+P41*$B$41+P42*$B$42+P43*B43) -> 11672.1 | Q48: =(Q22*$B$22+Q23*$B$23+Q24*$B$24+Q25*$B$25+Q27*$B$27+Q40*$B$40+Q26*$B$26+Q39*$B$39+Q41*$B$41+Q42*$B$42) -> 11672.1 | R48: =(R22*$B$22+R23*$B$23+R24*$B$24+R25*$B$25+R27*$B$27+R40*$B$40+R26*$B$26+R39*$B$39+R41*$B$41+R43*$B$43) -> 11603.57 | S48: =(S22*$B$22+S23*$B$23+S24*$B$24+S25*$B$25+S27*$B$27+S40*$B$40+S26*$B$26+S39*$B$39+S41*$B$41+S42*$B$42) -> 6469.5 | T48: =(T22*$B$22+T23*$B$23+T24*$B$24+T25*$B$25+T27*$B$27+T40*$B$40+T26*$B$26+T39*$B$39+T41*$B$41+T42*$B$42) -> 4916.82 | U48: =(U22*$B$22+U23*$B$23+U24*$B$24+U25*$B$25+U27*$B$27+U40*$B$40+U26*$B$26+U39*$B$39+U41*$B$41+U42*$B$42+U43*B43) -> 11958.67 | V48: =(V22*$B$22+V23*$B$23+V24*$B$24+V25*$B$25+V27*$B$27+V40*$B$40+V26*$B$26+V39*$B$39+V41*$B$41+V42*$B$42+V43*B43) -> 11674.49 | W48: =(W22*$B$22+W23*$B$23+W24*$B$24+W25*$B$25+W27*$B$27+W40*$B$40+W26*$B$26+W39*$B$39+W41*$B$41+W43*$B$43) -> 5124.8 | X48: =(X22*$B$22+X23*$B$23+X24*$B$24+X25*$B$25+X27*$B$27+X40*$B$40+X26*$B$26+X39*$B$39+X41*$B$41+X43*$B$43) -> 11778.48 | Y48: =(Y22*$B$22+Y23*$B$23+Y24*$B$24+Y25*$B$25+Y27*$B$27+Y40*$B$40+Y26*$B$26+Y39*$B$39+Y41*$B$41+Y43*$B$43) -> 11760.75 | Z48: =(Z22*$B$22+Z23*$B$23+Z24*$B$24+Z25*$B$25+Z27*$B$27+Z40*$B$40+Z26*$B$26+Z39*$B$39+Z41*$B$41+Z43*$B$43) -> 6469.5 | AA48: =(AA22*$B$22+AA23*$B$23+AA24*$B$24+AA25*$B$25+AA27*$B$27+AA40*$B$40+AA26*$B$26+AA39*$B$39+AA41*$B$41+AA43*$B$43) -> 4916.82 | AB48: =(AB22*$B$22+AB23*$B$23+AB24*$B$24+AB25*$B$25+AB27*$B$27+AB40*$B$40+AB26*$B$26+AB39*$B$39+AB41*$B$41+AB43*$B$43) -> 11517.31 | AC48: =(AC22*$B$22+AC23*$B$23+AC24*$B$24+AC25*$B$25+AC27*$B$27+AC40*$B$40+AC26*$B$26+AC39*$B$39+AC41*$B$41+AC42*$B$42+AC30*$B$30+AC31*$B$31+AC43*B43) -> 11656.76 | AD48: =(AD22*$B$22+AD23*$B$23+AD24*$B$24+AD25*$B$25+AD27*$B$27+AD40*$B$40+AD26*$B$26+AD39*$B$39+AD41*$B$41+AD42*$B$42+AD30*$B$30+AD31*$B$31+AD43*B43) -> 11639.03 | AE48: =(AE22*$B$22+AE23*$B$23+AE24*$B$24+AE25*$B$25+AE27*$B$27+AE40*$B$40+AE26*$B$26+AE39*$B$39+AE41*$B$41+AE43*$B$43) -> 11702.53 | AF48: =(AF22*$B$22+AF23*$B$23+AF24*$B$24+AF25*$B$25+AF27*$B$27+AF40*$B$40+AF26*$B$26+AF39*$B$39+AF41*$B$41+AF43*$B$43) -> 11725.29 | AG48: =(AG22*$B$22+AG23*$B$23+AG24*$B$24+AG25*$B$25+AG27*$B$27+AG40*$B$40+AG26*$B$26+AG39*$B$39+AG41*$B$41+AG42*$B$42) -> 6469.5
A49: Servicios KM | B49: =SUM(C49:AG49) -> 232125.92 | C49: =$B$5*C5+$B$6*C6+$B$7*C7+$B$8*C8+$B$10*C10+$B$9*C9+C13*$B$13+C14*$B$14 -> 4787.43 | D49: =$B$5*D5+$B$6*D6+$B$7*D7+$B$8*D8+$B$10*D10+$B$9*D9+D13*$B$13+D14*$B$14 -> 8688.96 | E49: =$B$5*E5+$B$6*E6+$B$7*E7+$B$8*E8+$B$10*E10+$B$9*E9+E11*B11+E12*B12 -> 6340.11 | F49: =$B$5*F5+$B$6*F6+$B$7*F7+$B$8*F8+$B$10*F10+$B$9*F9 -> 4787.43 | G49: =$B$5*G5+$B$6*G6+$B$7*G7+$B$8*G8+$B$10*G10+$B$9*G9 -> 8688.96 | H49: =$B$5*H5+$B$6*H6+$B$7*H7+$B$8*H8+$B$10*H10+$B$9*H9 -> 8688.96 | I49: =$B$5*I5+$B$6*I6+$B$7*I7+$B$8*I8+$B$10*I10+$B$9*I9 -> 8688.96 | J49: =$B$5*J5+$B$6*J6+$B$7*J7+$B$8*J8+$B$10*J10+J12*$B$12+J13*$B$13+J14*$B$14+J15*$B$15+$B$9*J9+J16*$B$16+J17*B17+J18*B18+J19*B19+J20*B20 -> 6610.55 | K49: =$B$5*K5+$B$6*K6+$B$7*K7+$B$8*K8+$B$10*K10+$B$9*K9 -> 8688.96 | L49: =$B$5*L5+$B$6*L6+$B$7*L7+$B$8*L8+$B$10*L10+$B$9*L9 -> 6340.11 | M49: =$B$5*M5+$B$6*M6+$B$7*M7+$B$8*M8+$B$10*M10+$B$9*M9+M15*B15+M16*B16+M19*B19+M20*B20 -> 4787.43 | N49: =$B$5*N5+$B$6*N6+$B$7*N7+$B$8*N8+$B$10*N10+$B$9*N9 -> 8688.96 | O49: =$B$5*O5+$B$6*O6+$B$7*O7+$B$8*O8+$B$10*O10+$B$9*O9 -> 8688.96 | P49: =$B$5*P5+$B$6*P6+$B$7*P7+$B$8*P8+$B$10*P10+$B$9*P9 -> 8688.96 | Q49: =$B$5*Q5+$B$6*Q6+$B$7*Q7+$B$8*Q8+$B$10*Q10+$B$9*Q9 -> 8688.96 | R49: =$B$5*R5+$B$6*R6+$B$7*R7+$B$8*R8+$B$10*R10+$B$9*R9 -> 8688.96 | S49: =$B$5*S5+$B$6*S6+$B$7*S7+$B$8*S8+$B$10*S10+$B$9*S9 -> 6340.11 | T49: =$B$5*T5+$B$6*T6+$B$7*T7+$B$8*T8+$B$10*T10+$B$9*T9 -> 4787.43 | U49: =$B$5*U5+$B$6*U6+$B$7*U7+$B$8*U8+$B$10*U10+$B$9*U9 -> 8688.96 | ... Y49: =$B$5*Y5+$B$6*Y6+$B$7*Y7+$B$8*Y8+$B$10*Y10+$B$9*Y9 -> 8688.96 | Z49: =$B$5*Z5+$B$6*Z6+$B$7*Z7+$B$8*Z8+$B$10*Z10+$B$9*Z9+Z13*$B$13+Z14*$B$14 -> 6340.11 | AA49: =$B$5*AA5+$B$6*AA6+$B$7*AA7+$B$8*AA8+$B$10*AA10+$B$9*AA9+AA13*$B$13+AA14*$B$14+AA17*B17+AA18*B18 -> 4787.43 | AB49: =$B$5*AB5+$B$6*AB6+$B$7*AB7+$B$8*AB8+$B$10*AB10+$B$9*AB9+AB13*$B$13+AB14*$B$14+AB19*B19+AB20*B20 -> 8688.96 | AC49: =$B$5*AC5+$B$6*AC6+$B$7*AC7+$B$8*AC8+$B$10*AC10+$B$9*AC9+AC13*$B$13+AC14*$B$14 -> 8688.96 | AD49: =$B$5*AD5+$B$6*AD6+$B$7*AD7+$B$8*AD8+$B$10*AD10+$B$9*AD9+AD13*$B$13+AD14*$B$14 -> 8688.96 | AE49: =$B$5*AE5+$B$6*AE6+$B$7*AE7+$B$8*AE8+$B$10*AE10+$B$9*AE9 -> 8688.96 | AF49: =$B$5*AF5+$B$6*AF6+$B$7*AF7+$B$8*AF8+$B$10*AF10+$B$9*AF9 -> 8688.96 | AG49: =$B$5*AG5+$B$6*AG6+$B$7*AG7+$B$8*AG8+$B$10*AG10+$B$9*AG9 -> 6340.11
A50: Asientos KM | B50: =SUM(C50:AG50) -> 30556209 | C50: =C48*104 -> 511349.28 | D50: =D48*104 -> 1219430.2 | E50: =E48*104 -> 672828 | F50: =F48*104 -> 511349.28 | G50: =G48*104 -> 1221274.1 | H50: =H48*104 -> 1223118 | I50: =I48*104 -> 1226805.8 | J50: =J48*104 -> 966687.28 | ... AG50: =AG48*104 -> 672828
A51: Coches KM | B51: =SUM(C51:AG51) -> 587619.4 | C51: =C48*2 -> 9833.64 | D51: =D48*2 -> 23450.58 | E51: =E48*2 -> 12939 | F51: =F48*2 -> 9833.64 | G51: =G48*2 -> 23486.04 | H51: =H48*2 -> 23521.5 | I51: =I48*2 -> 23592.42 | J51: =J48*2 -> 18590.14 | ... AG51: =AG48*2 -> 12939
A52: Capacidad Total | B52: =SUM(C52:AG52) -> 2641152 | C52: =+C47*362 -> 41268 | D52: =+D47*362 -> 107152 | E52: =+E47*362 -> 54300 | F52: =+F47*362 -> 41268 | G52: =+G47*362 -> 107152 | H52: =+H47*362 -> 107152 | I52: =+I47*362 -> 107152 | J52: =+J47*362 -> 88690 | ... AG52: =+AG47*362 -> 54300
A53: Ton Km Brutas | B53: =SUM(C53:AG53) -> 23299109 | C53: =C48*79.3 -> 389903.83 | D53: =D48*79.3 -> 929815.5 | E53: =E48*79.3 -> 513031.35 | F53: =F48*79.3 -> 389903.83 | G53: =G48*79.3 -> 931221.49 | H53: =H48*79.3 -> 932627.47 | I53: =I48*79.3 -> 935439.45 | J53: =J48*79.3 -> 737099.05 | ... AG53: =AG48*79.3 -> 513031.35
D55: =B53-23299109 -> 0.21

Sheet UMR Resumen
A1: Mayo 2025
A2: Fecha | B2: Odómetro | C2: Odómetro acum. | D2: Tren-Km | E2: Tren-Km Acum. | F2: UMR Diario | G2: Viajes Programados | H2: Viajes Realizados | I2: IR | J2: Indice Regularidad (QU-via 2) 7:10am a 8:10am | K2: TKB (no TKBC) | L2: Tipo Dia | M2: Comentarios
A3: 45778 | B3: ='KM-Servicio'!N11 -> 4943 | C3: =B3 -> 4943 | D3: ='KM-Servicio'!W11 -> 4916.82 | E3: =D3 -> 4916.82 | F3: ='KM-Servicio'!O11 -> 99.470362 | G3: =SUM('KM-Servicio'!B11:C11) -> 111 | H3: =SUM('KM-Servicio'!D11:E11) -> 111 | K3: ='Oferta Diaria'!C53 -> 389903.83 | L3: Dgo-Festivo
A4: 45779 | B4: ='KM-Servicio'!N18 -> 12128 | C4: =B4+C3 -> 17071 | D4: ='KM-Servicio'!W18 -> 11725.29 | E4: =D4+E3 -> 16642.11 | F4: ='KM-Servicio'!O18 -> 96.679502 | G4: =SUM('KM-Servicio'!B18:C18) -> 223 | H4: =SUM('KM-Servicio'!D18:E18) -> 223 | K4: ='Oferta Diaria'!D53 -> 929815.5 | L4: Laboral
A5: 45780 | B5: ='KM-Servicio'!N25 -> 6489 | C5: =B5+C4 -> 23560 | D5: ='KM-Servicio'!W25 -> 6469.5 | E5: =D5+E4 -> 23111.61 | F5: ='KM-Servicio'!O25 -> 99.699491 | G5: =SUM('KM-Servicio'!B25:C25) -> 147 | H5: =SUM('KM-Servicio'!D25:E25) -> 147 | K5: ='Oferta Diaria'!E53 -> 513031.35 | L5: Sábado
A6: 45781 | B6: ='KM-Servicio'!N32 -> 4955 | C6: =B6+C5 -> 28515 | D6: ='KM-Servicio'!W32 -> 4916.82 | E6: =D6+E5 -> 28028.43 | F6: ='KM-Servicio'!O32 -> 99.229465 | G6: =SUM('KM-Servicio'!B32:C32) -> 111 | H6: =SUM('KM-Servicio'!D32:E32) -> 111 | K6: ='Oferta Diaria'!F53 -> 389903.83 | L6: Dgo-Festivo
A7: 45782 | B7: ='KM-Servicio'!N39 -> 12105 | C7: =B7+C6 -> 40620 | D7: ='KM-Servicio'!W39 -> 11743.02 | E7: =D7+E6 -> 39771.45 | F7: ='KM-Servicio'!O39 -> 97.009665 | G7: =SUM('KM-Servicio'!B39:C39) -> 223 | H7: =SUM('KM-Servicio'!D39:E39) -> 223 | K7: ='Oferta Diaria'!G53 -> 931221.49 | L7: Laboral
A8: 45783 | B8: ='KM-Servicio'!N46 -> 12087 | C8: =B8+C7 -> 52707 | D8: ='KM-Servicio'!W46 -> 11760.75 | E8: =D8+E7 -> 51532.2 | F8: ='KM-Servicio'!O46 -> 97.300819 | G8: =SUM('KM-Servicio'!B46:C46) -> 223 | H8: =SUM('KM-Servicio'!D46:E46) -> 223 | K8: ='Oferta Diaria'!H53 -> 932627.47 | L8: Laboral
A9: 45784 | B9: ='KM-Servicio'!N53 -> 12123 | C9: =B9+C8 -> 64830 | D9: ='KM-Servicio'!W53 -> 11796.21 | E9: =D9+E8 -> 63328.41 | F9: ='KM-Servicio'!O53 -> 97.30438 | G9: =SUM('KM-Servicio'!B53:C53) -> 223 | H9: =SUM('KM-Servicio'!D53:E53) -> 223 | K9: ='Oferta Diaria'!I53 -> 935439.45 | L9: Laboral
A10: 45785 | B10: ='KM-Servicio'!N69 -> 10264 | C10: =B10+C9 -> 75094 | D10: ='KM-Servicio'!W69 -> 9295.07 | E10: =D10+E9 -> 72623.48 | F10: ='KM-Servicio'!O69 -> 90.559918 | G10: =SUM('KM-Servicio'!B69:C69) -> 223 | H10: =SUM('KM-Servicio'!D69:E69) -> 177 | K10: ='Oferta Diaria'!J53 -> 737099.05 | L10: Laboral
A11: 45786 | B11: ='KM-Servicio'!N76 -> 12163 | C11: =B11+C10 -> 87257 | D11: ='KM-Servicio'!W76 -> 11760.75 | E11: =D11+E10 -> 84384.23 | F11: ='KM-Servicio'!O76 -> 96.692839 | G11: =SUM('KM-Servicio'!B76:C76) -> 223 | H11: =SUM('KM-Servicio'!D76:E76) -> 223 | K11: ='Oferta Diaria'!K53 -> 932627.47 | L11: Laboral
A12: 45787 | B12: ='KM-Servicio'!N83 -> 6491 | C12: =B12+C11 -> 93748 | D12: ='KM-Servicio'!W83 -> 6469.5 | E12: =D12+E11 -> 90853.73 | F12: ='KM-Servicio'!O83 -> 99.668772 | G12: =SUM('KM-Servicio'!B83:C83) -> 147 | H12: =SUM('KM-Servicio'!D83:E83) -> 147 | K12: ='Oferta Diaria'!L53 -> 513031.35 | L12: Sábado
A13: 45788 | B13: ='KM-Servicio'!N90 -> 4977 | C13: =B13+C12 -> 98725 | D13: ='KM-Servicio'!W90 -> 4916.82 | E13: =D13+E12 -> 95770.55 | F13: ='KM-Servicio'!O90 -> 98.790838 | G13: =SUM('KM-Servicio'!B90:C90) -> 111 | H13: =SUM('KM-Servicio'!D90:E90) -> 111 | K13: ='Oferta Diaria'!M53 -> 389903.83 | L13: Dgo-Festivo
A14: 45789 | B14: ='KM-Servicio'!N97 -> 12061 | C14: =B14+C13 -> 110786 | D14: ='KM-Servicio'!W97 -> 11707.56 | E14: =D14+E13 -> 107478.11 | F14: ='KM-Servicio'!O97 -> 97.069563 | G14: =SUM('KM-Servicio'!B97:C97) -> 223 | H14: =SUM('KM-Servicio'!D97:E97) -> 223 | K14: ='Oferta Diaria'!N53 -> 928409.51 | L14: Laboral
A15: 45790 | B15: ='KM-Servicio'!N104 -> 12025 | C15: =B15+C14 -> 122811 | D15: ='KM-Servicio'!W104 -> 11603.57 | E15: =D15+E14 -> 119081.68 | F15: ='KM-Servicio'!O104 -> 96.495385 | G15: =SUM('KM-Servicio'!B104:C104) -> 223 | H15: =SUM('KM-Servicio'!D104:E104) -> 223 | K15: ='Oferta Diaria'!O53 -> 920163.1 | L15: Laboral
A16: 45791 | B16: ='KM-Servicio'!N111 -> 12006 | C16: =B16+C15 -> 134817 | D16: ='KM-Servicio'!W111 -> 11672.1 | E16: =D16+E15 -> 130753.78 | F16: ='KM-Servicio'!O111 -> 97.218891 | G16: =SUM('KM-Servicio'!B111:C111) -> 223 | H16: =SUM('KM-Servicio'!D111:E111) -> 223 | K16: ='Oferta Diaria'!P53 -> 925597.53 | L16: Laboral
A17: 45792 | B17: ='KM-Servicio'!N118 -> 12165 | C17: =B17+C16 -> 146982 | D17: ='KM-Servicio'!W118 -> 11672.1 | E17: =D17+E16 -> 142425.88 | F17: ='KM-Servicio'!O118 -> 95.948212 | G17: =SUM('KM-Servicio'!B118:C118) -> 223 | H17: =SUM('KM-Servicio'!D118:E118) -> 223 | K17: ='Oferta Diaria'!Q53 -> 925597.53 | L17: Laboral
A18: 45793 | B18: ='KM-Servicio'!$N$125 -> 11970 | C18: =B18+C17 -> 158952 | D18: ='KM-Servicio'!$W$125 -> 11603.57 | E18: =D18+E17 -> 154029.45 | F18: ='KM-Servicio'!O125 -> 96.938764 | G18: =SUM('KM-Servicio'!B125:C125) -> 223 | H18: =SUM('KM-Servicio'!D125:E125) -> 223 | K18: ='Oferta Diaria'!R53 -> 920163.1 | L18: Laboral
A19: 45794 | B19: ='KM-Servicio'!$N$132 -> 6491 | C19: =B19+C18 -> 165443 | D19: ='KM-Servicio'!$W$132 -> 6469.5 | E19: =D19+E18 -> 160498.95 | F19: ='KM-Servicio'!O132 -> 99.668772 | G19: =SUM('KM-Servicio'!B132:C132) -> 147 | H19: =SUM('KM-Servicio'!D132:E132) -> 147 | K19: ='Oferta Diaria'!S53 -> 513031.35 | L19: Sábado
A20: 45795 | B20: ='KM-Servicio'!N139 -> 5023 | C20: =B20+C19 -> 170466 | D20: ='KM-Servicio'!$W$139 -> 4916.82 | E20: =D20+E19 -> 165415.77 | F20: ='KM-Servicio'!O139 -> 97.886124 | G20: =SUM('KM-Servicio'!B139:C139) -> 111 | H20: =SUM('KM-Servicio'!D139:E139) -> 111 | K20: ='Oferta Diaria'!T53 -> 389903.83 | L20: Dgo-Festivo
A21: 45796 | B21: ='KM-Servicio'!N146 -> 12118 | C21: =B21+C20 -> 182584 | D21: ='KM-Servicio'!$W$146 -> 11958.67 | E21: =D21+E20 -> 177374.44 | F21: ='KM-Servicio'!O146 -> 98.685179 | G21: =SUM('KM-Servicio'!B146:C146) -> 223 | H21: =SUM('KM-Servicio'!D146:E146) -> 223 | K21: ='Oferta Diaria'!U53 -> 948322.53 | L21: Laboral
A22: 45797 | B22: ='KM-Servicio'!N153 -> 11904 | C22: =B22+C21 -> 194488 | D22: ='KM-Servicio'!$W$153 -> 11674.49 | E22: =D22+E21 -> 189048.93 | F22: ='KM-Servicio'!O153 -> 98.071993 | G22: =SUM('KM-Servicio'!B153:C153) -> 223 | H22: =SUM('KM-Servicio'!D153:E153) -> 223 | K22: ='Oferta Diaria'!V53 -> 925787.06 | L22: Laboral
A23: 45798 | B23: ='KM-Servicio'!N160 -> 5235 | C23: =B23+C22 -> 199723 | D23: ='KM-Servicio'!$W$160 -> 5124.8 | E23: =D23+E22 -> 194173.73 | F23: ='KM-Servicio'!O160 -> 97.894938 | G23: =SUM('KM-Servicio'!B160:C160) -> 111 | H23: =SUM('KM-Servicio'!D160:E160) -> 111 | K23: ='Oferta Diaria'!W53 -> 406396.64 | L23: Dgo-Festivo
A24: 45799 | B24: ='KM-Servicio'!N167 -> 12144 | C24: =B24+C23 -> 211867 | D24: ='KM-Servicio'!$W$167 -> 11778.48 | E24: =D24+E23 -> 205952.21 | F24: ='KM-Servicio'!O167 -> 96.990119 | G24: =SUM('KM-Servicio'!B167:C167) -> 223 | H24: =SUM('KM-Servicio'!D167:E167) -> 223 | K24: ='Oferta Diaria'!X53 -> 934033.46 | L24: Laboral
A25: 45800 | B25: ='KM-Servicio'!N174 -> 12092 | C25: =B25+C24 -> 223959 | D25: ='KM-Servicio'!$W$174 -> 11760.75 | E25: =D25+E24 -> 217712.96 | F25: ='KM-Servicio'!O174 -> 97.260586 | G25: =SUM('KM-Servicio'!B174:C174) -> 223 | H25: =SUM('KM-Servicio'!D174:E174) -> 223 | K25: ='Oferta Diaria'!Y53 -> 932627.47 | L25: Laboral
A26: 45801 | B26: ='KM-Servicio'!N181 -> 6547 | C26: =B26+C25 -> 230506 | D26: ='KM-Servicio'!$W$181 -> 6469.5 | E26: =D26+E25 -> 224182.46 | F26: ='KM-Servicio'!O181 -> 98.816252 | G26: =SUM('KM-Servicio'!B181:C181) -> 147 | H26: =SUM('KM-Servicio'!D181:E181) -> 147 | K26: ='Oferta Diaria'!Z53 -> 513031.35 | L26: Sábado
A27: 45802 | B27: ='KM-Servicio'!N188 -> 4972 | C27: =B27+C26 -> 235478 | D27: ='KM-Servicio'!$W$188 -> 4916.82 | E27: =D27+E26 -> 229099.28 | F27: ='KM-Servicio'!O188 -> 98.890185 | G27: =SUM('KM-Servicio'!B188:C188) -> 111 | H27: =SUM('KM-Servicio'!D188:E188) -> 111 | K27: ='Oferta Diaria'!AA53 -> 389903.83 | L27: Dgo-Festivo
A28: 45803 | B28: ='KM-Servicio'!N195 -> 11947 | C28: =B28+C27 -> 247425 | D28: ='KM-Servicio'!$W$195 -> 11517.31 | E28: =D28+E27 -> 240616.59 | F28: ='KM-Servicio'!O195 -> 96.403365 | G28: =SUM('KM-Servicio'!B195:C195) -> 223 | H28: =SUM('KM-Servicio'!D195:E195) -> 223 | K28: ='Oferta Diaria'!AB53 -> 913322.68 | L28: Laboral
A29: 45804 | B29: ='KM-Servicio'!N202 -> 12049 | C29: =B29+C28 -> 259474 | D29: ='KM-Servicio'!$W$202 -> 11656.76 | E29: =D29+E28 -> 252273.35 | F29: ='KM-Servicio'!O202 -> 96.744626 | G29: =SUM('KM-Servicio'!B202:C202) -> 223 | H29: =SUM('KM-Servicio'!D202:E202) -> 223 | K29: ='Oferta Diaria'!AC53 -> 924381.07 | L29: Laboral
A30: 45805 | B30: ='KM-Servicio'!N209 -> 12021 | C30: =B30+C29 -> 271495 | D30: ='KM-Servicio'!$W$209 -> 11639.03 | E30: =D30+E29 -> 263912.38 | F30: ='KM-Servicio'!O209 -> 96.822477 | G30: =SUM('KM-Servicio'!B209:C209) -> 223 | H30: =SUM('KM-Servicio'!D209:E209) -> 223 | K30: ='Oferta Diaria'!AD53 -> 922975.08 | L30: Laboral
A31: 45806 | B31: ='KM-Servicio'!N216 -> 12081 | C31: =B31+C30 -> 283576 | D31: ='KM-Servicio'!$W$216 -> 11702.53 | E31: =D31+E30 -> 275614.91 | F31: ='KM-Servicio'!O216 -> 96.86723 | G31: =SUM('KM-Servicio'!B216:C216) -> 223 | H31: =SUM('KM-Servicio'!D216:E216) -> 223 | K31: ='Oferta Diaria'!AE53 -> 928010.63 | L31: Laboral
A32: 45807 | B32: ='KM-Servicio'!N223 -> 11994 | C32: =B32+C31 -> 295570 | D32: ='KM-Servicio'!$W$223 -> 11725.29 | E32: =D32+E31 -> 287340.2 | F32: ='KM-Servicio'!O223 -> 97.75963 | G32: =SUM('KM-Servicio'!B223:C223) -> 223 | H32: =SUM('KM-Servicio'!D223:E223) -> 223 | K32: ='Oferta Diaria'!AF53 -> 929815.5 | L32: Laboral
A33: 45808 | B33: ='KM-Servicio'!N230 -> 6584 | C33: =B33+C32 -> 302154 | D33: ='KM-Servicio'!$W$230 -> 6469.5 | E33: =D33+E32 -> 293809.7 | F33: ='KM-Servicio'!O230 -> 98.260936 | G33: ='KM-Servicio'!B230+'KM-Servicio'!C230 -> 147 | H33: ='KM-Servicio'!D230+'KM-Servicio'!E230 -> 147 | K33: ='Oferta Diaria'!AG53 -> 513031.35 | L33: Sábado
A34: TOTAL | B34: =SUM(B3:B33) -> 302154 | C34: =SUM(C3:C33) -> 4735626 | D34: =SUM(D3:D33) -> 293809.7 | E34: =SUM(E3:E33) -> 4601757.8 | F34: =AVERAGE(F3:F33) -> 97.519331 | G34: =SUM(G3:G33) -> 5861 | H34: =SUM(H3:H33) -> 5815 | I34: =SUM(I3:I32) -> 0 | J34: =SUM(J3:J32) -> 0 | K34: =SUM(K3:K33) -> 23299109

Sheet RESUMEN
A3: VARIABLES OPERACIONALES
A4: VARIABLE | B4: Promedio diario | C4: Total | D4: Programado
A5: Nº trenes | B5: =C5/30 -> 243.2 | C5: ='KM-Servicio'!J257 -> 7296 | D5: ='KM-Servicio'!C252 -> 7358
A6: Nº servicios | B6: =C6/30 -> 193.83333 | C6: ='KM-Servicio'!K250 -> 5815 | D6: ='KM-Servicio'!D250 -> 5861
A7: Tren-km | B7: =C7/30 -> 9788.3377 | C7: ='KM-Servicio'!M250 -> 293650.13 | D7: ='KM-Servicio'!F250 -> 296526.74
A8: Km-serv | B8: =C8/30 -> 7737.5307 | C8: ='KM-Servicio'!L250 -> 232125.92 | D8: ='KM-Servicio'!E250 -> 234204.33
A9: Asientos km | B9: =C9/30 -> 1017987.1 | C9: ='KM-Servicio'!N250 -> 30539614 | D9: ='KM-Servicio'!G250 -> 30838781
A10: UMR %
A11: Energía kwh | B11: =C11/30 -> 40531.733 | C11: 1215952 | D11: -
A12: Pax
A13: TIEMPO DE VIAJE (PU-LI)
