Workbook

Sheet Odometro-Kilometraje
A1: Control Contador Kilometraje de Trenes
B2: 45292 | C2: 45293 | D2: 45294 | E2: 45295 | F2: 45296 | G2: 45297 | H2: 45298 | I2: 45299 | J2: 45300 | K2: 45301 | L2: 45302 | M2: 45303 | N2: 45304 | O2: 45305 | P2: 45306 | Q2: 45307 | R2: 45308 | S2: 45309 | T2: 45310 | U2: 45311 | V2: 45312 | W2: 45313 | X2: 45314 | Y2: 45315 | Z2: 45316 | AA2: 45317 | AB2: 45318 | AC2: 45319 | AD2: 45320 | AE2: 45321 | AF2: 45322
B3: Contador | C3: Contador | D3: Contador | E3: Contador | F3: Contador | G3: Contador | H3: Contador | I3: Contador | J3: Contador | K3: Contador | L3: Contador | M3: Contador | N3: Contador | O3: Contador | P3: Contador | Q3: Contador | R3: Contador | S3: Contador | T3: Contador | U3: Contador | V3: Contador | W3: Contador | X3: Contador | Y3: Contador | Z3: Contador | AA3: Contador | AB3: Contador | AC3: Contador | AD3: Contador | AE3: Contador | AF3: Contador
A4: Tren | B4: Odómetro | C4: Odómetro | D4: Odómetro | E4: Odómetro | F4: Odómetro | G4: Odómetro | H4: Odómetro | I4: Odómetro | J4: Odómetro | K4: Odómetro | L4: Odómetro | M4: Odómetro | N4: Odómetro | O4: Odómetro | P4: Odómetro | Q4: Odómetro | R4: Odómetro | S4: Odómetro | T4: Odómetro | U4: Odómetro | V4: Odómetro | W4: Odómetro | X4: Odómetro | Y4: Odómetro | Z4: Odómetro | AA4: Odómetro | AB4: Odómetro | AC4: Odómetro | AD4: Odómetro | AE4: Odómetro | AF4: Odómetro
A5: M01 | B5: 1861436 | C5: 1861716 | D5: 1862171 | E5: 1862279 | F5: 1862472 | G5: 1862472 | H5: 1862472 | I5: 1863008 | J5: 1863483 | K5: 1863957 | L5: 1864322 | M5: 1864738 | N5: 1865256 | O5: 1865601 | P5: 1865907 | Q5: 1866055 | R5: 1866599 | S5: 1867073 | T5: 1867375 | U5: 1867635 | V5: 1868071 | W5: 1868219 | X5: 1868719 | Y5: 1868982 | Z5: 1869415 | AA5: 1869590 | AB5: 1869981 | AC5: 1870024 | AD5: 1870585 | AE5: 1870993 | AF5: 1871395
A6: M02 | B6: 1843658 | C6: 1843852 | D6: 1844371 | E6: 1844825 | F6: 1844845 | G6: 1844845 | H6: 1844890 | I6: 1845150 | J6: 1845604 | K6: 1845903 | L6: 1846288 | M6: 1846832 | N6: 1846875 | O6: 1847224 | P6: 1847330 | Q6: 1847456 | R6: 1847789 | S6: 1848244 | T6: 1848610 | U6: 1849044 | V6: 1849046 | W6: 1849309 | X6: 1849828 | Y6: 1850260 | Z6: 1850779 | AA6: 1851058 | AB6: 1851058 | AC6: 1851058 | AD6: 1851425 | AE6: 1851723 | AF6: 1852241
A7: M03 | B7: 1917925 | C7: 1918273 | D7: 1918380 | E7: 1918730 | F7: 1918973 | G7: 1918973 | H7: 1918973 | I7: 1918973 | J7: 1918973 | K7: 1918973 | L7: 1919493 | M7: 1919945 | N7: 1919945 | O7: 1919945 | P7: 1920398 | Q7: 1920875 | R7: 1921349 | S7: 1921697 | T7: 1922132 | U7: 1922611 | V7: 1922654 | W7: 1923090 | X7: 1923458 | Y7: 1923459 | Z7: 1923911 | AA7: 1924199 | AB7: 1924304 | AC7: 1924497 | AD7: 1924864 | AE7: 1925428 | AF7: 1925826
A8: M04 | B8: 1921935 | C8: 1922256 | D8: 1922451 | E8: 1922969 | F8: 1923053 | G8: 1923107 | H8: 1923282 | I8: 1923732 | J8: 1923856 | K8: 1924221 | L8: 1924613 | M8: 1925091 | N8: 1925611 | O8: 1925873 | P8: 1926047 | Q8: 1926525 | R8: 1926915 | S8: 1927194 | T8: 1927627 | U8: 1927627 | V8: 1927627 | W8: 1927629 | X8: 1927822 | Y8: 1928174 | Z8: 1928436 | AA8: 1928828 | AB8: 1929130 | AC8: 1929434 | AD8: 1929912 | AE8: 1930362 | AF8: 1930680
A9: M05 | B9: 1817897 | C9: 1818367 | D9: 1818493 | E9: 1818493 | F9: 1818600 | G9: 1818600 | H9: 1818600 | I9: 1818968 | J9: 1819405 | K9: 1819602 | L9: 1819900 | M9: 1820178 | N9: 1820198 | O9: 1820198 | P9: 1820409 | Q9: 1820842 | R9: 1821083 | S9: 1821515 | T9: 1821751 | U9: 1821751 | V9: 1821751 | W9: 1821875 | X9: 1822069 | Y9: 1822371 | Z9: 1822846 | AA9: 1823259 | AB9: 1823563 | AC9: 1823910 | AD9: 1824256 | AE9: 1824519 | AF9: 1824970
A10: M06 | B10: 1935072 | C10: 1935552 | D10: 1935772 | E10: 1936055 | F10: 1936441 | G10: 1936441 | H10: 1936441 | I10: 1936897 | J10: 1937250 | K10: 1937817 | L10: 1938296 | M10: 1938480 | N10: 1938832 | O10: 1938834 | P10: 1939290 | Q10: 1939834 | R10: 1940292 | S10: 1940489 | T10: 1941013 | U10: 1941275 | V10: 1941279 | W10: 1941581 | X10: 1941584 | Y10: 1942023 | Z10: 1942413 | AA10: 1942806 | AB10: 1943111 | AC10: 1943374 | AD10: 1943745 | AE10: 1943783 | AF10: 1944104
A11: M07 | B11: 1958327 | C11: 1958765 | D11: 1959114 | E11: 1959310 | F11: 1959678 | G11: 1959853 | H11: 1959855 | I11: 1960077 | J11: 1960553 | K11: 1961031 | L11: 1961507 | M11: 1962031 | N11: 1962509 | O11: 1962942 | P11: 1963506 | Q11: 1963894 | R11: 1964346 | S11: 1964764 | T11: 1965200 | U11: 1965460 | V11: 1965939 | W11: 1966330 | X11: 1966698 | Y11: 1966937 | Z11: 1967328 | AA11: 1967437 | AB11: 1967437 | AC11: 1967438 | AD11: 1967631 | AE11: 1968107 | AF11: 1968456
A12: M08 | B12: 1869219 | C12: 1869723 | D12: 1870221 | E12: 1870698 | F12: 1871219 | G12: 1871739 | H12: 1872173 | I12: 1872690 | J12: 1872795 | K12: 1873180 | L12: 1873479 | M12: 1873974 | N12: 1874195 | O12: 1874628 | P12: 1875078 | Q12: 1875452 | R12: 1875927 | S12: 1876378 | T12: 1876727 | U12: 1876727 | V12: 1876727 | W12: 1877007 | X12: 1877311 | Y12: 1877807 | Z12: 1877844 | AA12: 1878241 | AB12: 1878545 | AC12: 1878593 | AD12: 1879068 | AE12: 1879174 | AF12: 1879756
A13: M09 | B13: 1849199 | C13: 1849628 | D13: 1850192 | E13: 1850710 | F13: 1851232 | G13: 1851665 | H13: 1851925 | I13: 1852380 | J13: 1852595 | K13: 1853029 | L13: 1853359 | M13: 1853810 | N13: 1853810 | O13: 1853810 | P13: 1853986 | Q13: 1854009 | R13: 1854404 | S13: 1854726 | T13: 1854726 | U13: 1854794 | V13: 1854814 | W13: 1855010 | X13: 1855119 | Y13: 1855614 | Z13: 1856092 | AA13: 1856380 | AB13: 1856380 | AC13: 1856573 | AD13: 1857094 | AE13: 1857546 | AF13: 1858066
A14: M10 | B14: 1935240 | C14: 1935262 | D14: 1935457 | E14: 1935566 | F14: 1936002 | G14: 1936521 | H14: 1936953 | I14: 1937514 | J14: 1937989 | K14: 1938205 | L14: 1938356 | M14: 1938638 | N14: 1939113 | O14: 1939150 | P14: 1939674 | Q14: 1940192 | R14: 1940713 | S14: 1941106 | T14: 1941237 | U14: 1941237 | V14: 1941259 | W14: 1941434 | X14: 1941630 | Y14: 1941739 | Z14: 1942001 | AA14: 1942107 | AB14: 1942280 | AC14: 1942579 | AD14: 1943139 | AE14: 1943633 | AF14: 1943845
A15: M11 | B15: 1942359 | C15: 1942921 | D15: 1943482 | E15: 1943914 | F15: 1944435 | G15: 1944910 | H15: 1945347 | I15: 1945498 | J15: 1945519 | K15: 1946038 | L15: 1946556 | M15: 1947075 | N15: 1947507 | O15: 1947637 | P15: 1948112 | Q15: 1948603 | R15: 1948807 | S15: 1949326 | T15: 1949758 | U15: 1950277 | V15: 1950712 | W15: 1950972 | X15: 1951422 | Y15: 1951665 | Z15: 1952012 | AA15: 1952175 | AB15: 1952175 | AC15: 1952175 | AD15: 1952302 | AE15: 1952687 | AF15: 1952882
A16: M12 | B16: 1790013 | C16: 1790534 | D16: 1791008 | E16: 1791568 | F16: 1791655 | G16: 1791655 | H16: 1791655 | I16: 1791655 | J16: 1791676 | K16: 1791677 | L16: 1791677 | M16: 1791686 | N16: 1791686 | O16: 1791686 | P16: 1791877 | Q16: 1792306 | R16: 1792825 | S16: 1793342 | T16: 1793793 | U16: 1793793 | V16: 1793793 | W16: 1793916 | X16: 1794043 | Y16: 1794493 | Z16: 1794772 | AA16: 1795144 | AB16: 1795265 | AC16: 1795250 | AD16: 1795251 | AE16: 1795463 | AF16: 1795588
... A39: XM35 | B39: 554069 | C39: 554605 | D39: 554626 | E39: 554973 | F39: 555425 | G39: 555425 | H39: 555425 | I39: 555516 | J39: 555932 | K39: 556364 | L39: 556796 | M39: 557232 | N39: 557232 | O39: 557232 | P39: 557664 | Q39: 558013 | R39: 558119 | S39: 558120 | T39: 558503 | U39: 558503 | V39: 558503 | W39: 558765 | X39: 559180 | Y39: 559377 | Z39: 559378 | AA39: 559534 | AB39: 559534 | AC39: 559880 | AD39: 559969 | AE39: 560075 | AF39: 560409
A41: Kilometraje Diario Recorrido
B42: 45292 | C42: 45293 | D42: 45294 | E42: 45295 | F42: 45296 | G42: 45297 | H42: 45298 | I42: 45299 | J42: 45300 | K42: 45301 | L42: 45302 | M42: 45303 | N42: 45304 | O42: 45305 | P42: 45306 | Q42: 45307 | R42: 45308 | S42: 45309 | T42: 45310 | U42: 45311 | V42: 45312 | W42: 45313 | X42: 45314 | Y42: 45315 | Z42: 45316 | AA42: 45317 | AB42: 45318 | AC42: 45319 | AD42: 45320 | AE42: 45321 | AF42: 45322
B43: Kilometraje | C43: Kilometraje | D43: Kilometraje | E43: Kilometraje | F43: Kilometraje | G43: Kilometraje | H43: Kilometraje | I43: Kilometraje | J43: Kilometraje | K43: Kilometraje | L43: Kilometraje | M43: Kilometraje | N43: Kilometraje | O43: Kilometraje | P43: Kilometraje | Q43: Kilometraje | R43: Kilometraje | S43: Kilometraje | T43: Kilometraje | U43: Kilometraje | V43: Kilometraje | W43: Kilometraje | X43: Kilometraje | Y43: Kilometraje | Z43: Kilometraje | AA43: Kilometraje | AB43: Kilometraje | AC43: Kilometraje | AD43: Kilometraje | AE43: Kilometraje | AF43: Kilometraje
A44: Tren | B44: Diario | C44: Diario | D44: Diario | E44: Diario | F44: Diario | G44: Diario | H44: Diario | I44: Diario | J44: Diario | K44: Diario | L44: Diario | M44: Diario | N44: Diario | O44: Diario | P44: Diario | Q44: Diario | R44: Diario | S44: Diario | T44: Diario | U44: Diario | V44: Diario | W44: Diario | X44: Diario | Y44: Diario | Z44: Diario | AA44: Diario | AB44: Diario | AC44: Diario | AD44: Diario | AE44: Diario | AF44: Diario
A45: M01 | B45: 0 | C45: =C5-B5 -> 280 | D45: =D5-C5 -> 455 | E45: =E5-D5 -> 108 | F45: =F5-E5 -> 193 | G45: =G5-F5 -> 0 | H45: =H5-G5 -> 0 | I45: =I5-H5 -> 536 | J45: =J5-I5 -> 475 | ... AF45: =AF5-AE5 -> 402
A46: M02 | B46: 0 | C46: =C6-B6 -> 194 | D46: =D6-C6 -> 519 | E46: =E6-D6 -> 454 | F46: =F6-E6 -> 20 | G46: =G6-F6 -> 0 | H46: =H6-G6 -> 45 | I46: =I6-H6 -> 260 | J46: =J6-I6 -> 454 | ... AF46: =AF6-AE6 -> 518
A47: M03 | B47: 0 | C47: =C7-B7 -> 348 | D47: =D7-C7 -> 107 | E47: =E7-D7 -> 350 | F47: =F7-E7 -> 243 | G47: =G7-F7 -> 0 | H47: =H7-G7 -> 0 | I47: =I7-H7 -> 0 | J47: =J7-I7 -> 0 | ... AF47: =AF7-AE7 -> 398
A48: M04 | B48: 462 | C48: =C8-B8 -> 321 | D48: =D8-C8 -> 195 | E48: =E8-D8 -> 518 | F48: =F8-E8 -> 84 | G48: =G8-F8 -> 54 | H48: =H8-G8 -> 175 | I48: =I8-H8 -> 450 | J48: =J8-I8 -> 124 | ... AF48: =AF8-AE8 -> 318
A49: M05 | B49: 365 | C49: =C9-B9 -> 470 | D49: =D9-C9 -> 126 | E49: =E9-D9 -> 0 | F49: =F9-E9 -> 107 | G49: =G9-F9 -> 0 | H49: =H9-G9 -> 0 | I49: =I9-H9 -> 368 | J49: =J9-I9 -> 437 | ... AF49: =AF9-AE9 -> 451
A50: M06 | B50: 1 | C50: =C10-B10 -> 480 | D50: =D10-C10 -> 220 | E50: =E10-D10 -> 283 | F50: =F10-E10 -> 386 | G50: =G10-F10 -> 0 | H50: =H10-G10 -> 0 | I50: =I10-H10 -> 456 | J50: =J10-I10 -> 353 | ... AF50: =AF10-AE10 -> 321
A51: M07 | B51: 90 | C51: =C11-B11 -> 438 | D51: =D11-C11 -> 349 | E51: =E11-D11 -> 196 | F51: =F11-E11 -> 368 | G51: =G11-F11 -> 175 | H51: =H11-G11 -> 2 | I51: =I11-H11 -> 222 | J51: =J11-I11 -> 476 | ... AF51: =AF11-AE11 -> 349
A52: M08 | B52: 0 | C52: =C12-B12 -> 504 | D52: =D12-C12 -> 498 | E52: =E12-D12 -> 477 | F52: =F12-E12 -> 521 | G52: =G12-F12 -> 520 | H52: =H12-G12 -> 434 | I52: =I12-H12 -> 517 | J52: =J12-I12 -> 105 | ... AF52: =AF12-AE12 -> 582
A53: M09 | B53: 434 | C53: =C13-B13 -> 429 | D53: =D13-C13 -> 564 | E53: =E13-D13 -> 518 | F53: =F13-E13 -> 522 | G53: =G13-F13 -> 433 | H53: =H13-G13 -> 260 | I53: =I13-H13 -> 455 | J53: =J13-I13 -> 215 | ... AF53: =AF13-AE13 -> 520
A54: M10 | B54: 0 | C54: =C14-B14 -> 22 | D54: =D14-C14 -> 195 | E54: =E14-D14 -> 109 | F54: =F14-E14 -> 436 | G54: =G14-F14 -> 519 | H54: =H14-G14 -> 432 | I54: =I14-H14 -> 561 | J54: =J14-I14 -> 475 | ... AF54: =AF14-AE14 -> 212
A55: M11 | B55: 41 | C55: =C15-B15 -> 562 | D55: =D15-C15 -> 561 | E55: =E15-D15 -> 432 | F55: =F15-E15 -> 521 | G55: =G15-F15 -> 475 | H55: =H15-G15 -> 437 | I55: =I15-H15 -> 151 | J55: =J15-I15 -> 21 | ... AF55: =AF15-AE15 -> 195
A56: M12 | B56: 57 | C56: =C16-B16 -> 521 | D56: =D16-C16 -> 474 | E56: =E16-D16 -> 560 | F56: =F16-E16 -> 87 | G56: =G16-F16 -> 0 | H56: =H16-G16 -> 0 | I56: =I16-H16 -> 0 | J56: =J16-I16 -> 21 | ... AF56: =AF16-AE16 -> 125
... A79: XM35 | B79: 432 | C79: =C39-B39 -> 536 | D79: =D39-C39 -> 21 | E79: =E39-D39 -> 347 | F79: =F39-E39 -> 452 | G79: =G39-F39 -> 0 | H79: =H39-G39 -> 0 | I79: =I39-H39 -> 91 | J79: =J39-I39 -> 416 | ... AF79: =AF39-AE39 -> 334
A81: Kilometraje Diario | B81: =SUM(B45:B79) -> 5487 | C81: =SUM(C45:C79) -> 13622 | D81: =SUM(D45:D79) -> 12824 | E81: =SUM(E45:E79) -> 12902 | F81: =SUM(F45:F79) -> 12947 | G81: =SUM(G45:G79) -> 6373 | H81: =SUM(H45:H79) -> 4982 | I81: =SUM(I45:I79) -> 12276 | ... AF81: =SUM(AF45:AF79) -> 12043

Sheet KM-Servicio
G1: SA-MI | H1: 21.7 | I1: EB-PU | J1: 25.4 | K1: PU-SA | L1: 29.11 | M1: QU-LI / LI-QU | N1: 21.7 | O1: VM-PU | P1: 8.3 | Q1: VM-LI | R1: 34.83
B2: CANTIDAD DE SERVICIOS | D2: CANTIDAD DE SERVICIOS | G2: PU-PE | H2: 30.4 | I2: PO-SA | J2: 25.4 | K2: PU-LI | L2: 43.13 | M2: MI-LI / LI-MI | N2: 35.73 | O2: HO-LI/LI-HO | P2: 33.97 | Q2: PU-MI | R2: 7.4
B3: PROGRAMADOS | D3: REALIZADOS | F3: Origen-Destino | G3: Total Trenes | H3: Total Servicios | I3: Kms.xTrenes | J3: Kmsxservicios. | K3: Asientos x Kms. | L3: Disp x Km. | M3: Total Odómetro | N3: % Uso Trenes | P3: Cortes | S3: Acoples | V3: KmTren R
B4: Simples | C4: Dobles | D4: Simples | E4: Dobles | P4: EB | Q4: SA | R4: PE | S4: EB | T4: SA | U4: PE
A5: 45292 | B5: 51 | C5: 3 | D5: ='Data Ocupacion'!D33 -> 51 | E5: 3 | F5: PU-LI | G5: =D5+E5*2 -> 57 | H5: =D5+E5 -> 54 | I5: =G5*L$2 -> 2458.41 | J5: =H5*L$2 -> 2329.02 | K5: =I5*104 -> 255674.64 | L5: =H5*104 -> 5616 | V5: =I5-(P5*($L$2-$J$1)+(Q5*($L$2-$L$1))+ (R5*($L$2-$H$2))) -> 2458.41
B6: 0 | C6: 1 | D6: 0 | E6: 1 | F6: MI-LI | G6: =D6+E6*2 -> 2 | H6: =D6+E6 -> 1 | I6: =G6*N$2 -> 71.46 | J6: =H6*N$2 -> 35.73 | K6: =I6*104 -> 7431.84 | L6: =H6*104 -> 104 | V6: =I6-(P6*($L$2-$J$1)+(Q6*($L$2-$L$1))+ (R6*($L$2-$H$2))) -> 71.46
A7: TREN ESPECIAL DOBLE (MI-LI) AÑO NUEVO MADRUGADA | B7: 55 | C7: 2 | D7: ='Data Ocupacion'!D34 -> 55 | E7: ='Data Ocupacion'!E34 -> 2 | F7: LI-PU | G7: =D7+E7*2 -> 59 | H7: =D7+E7 -> 57 | I7: =G7*L$2 -> 2544.67 | J7: =H7*L$2 -> 2458.41 | K7: =I7*104 -> 264645.68 | L7: =H7*104 -> 5928 | V7: =I7-(S7*($L$2-$J$1)+(T7*($L$2-$L$1))) -> 2544.67
B8: 0 | C8: 0 | D8: ='Data Ocupacion'!D35 -> 0 | E8: ='Data Ocupacion'!E35 -> 0 | F8: PU-SA | G8: =D8+E8*2 -> 0 | H8: =D8+E8 -> 0 | I8: =G8*L$1 -> 0 | J8: =H8*L$1 -> 0 | K8: =I8*104 -> 0 | L8: =H8*104 -> 0 | V8: =I8-(P8*($L$1-$J$1)) -> 0
B9: 0 | C9: 0 | D9: ='Data Ocupacion'!D36 -> 0 | E9: ='Data Ocupacion'!E36 -> 0 | F9: SA-PU | G9: =D9+E9*2 -> 0 | H9: =D9+E9 -> 0 | I9: =G9*L$1 -> 0 | J9: =H9*L$1 -> 0 | K9: =I9*104 -> 0 | L9: =H9*104 -> 0 | V9: =I9 -> 0
B10: 0 | C10: 0 | D10: ='Data Ocupacion'!D37 -> 0 | E10: ='Data Ocupacion'!E37 -> 0 | F10: PU-EB | G10: =D10+E10*2 -> 0 | H10: =D10+E10 -> 0 | I10: =G10*J$1 -> 0 | J10: =H10*J$1 -> 0 | K10: =I10*104 -> 0 | L10: =H10*104 -> 0 | V10: =I10 -> 0
B11: 0 | C11: 0 | D11: ='Data Ocupacion'!D38 -> 0 | E11: ='Data Ocupacion'!E38 -> 0 | F11: EB-PU | G11: =D11+E11*2 -> 0 | H11: =D11+E11 -> 0 | I11: =G11*J$1 -> 0 | J11: =H11*J$1 -> 0 | K11: =I11*104 -> 0 | L11: =H11*104 -> 0 | V11: =I11 -> 0
B12: =SUM(B5:B11) -> 106 | C12: =SUM(C5:C11) -> 6 | D12: =SUM(D5:D11) -> 106 | E12: =SUM(E5:E11) -> 6 | G12: =SUM(G5:G11) -> 118 | H12: =SUM(H5:H11) -> 112 | I12: =SUM(I5:I11) -> 5074.54 | J12: =SUM(J5:J11) -> 4823.16 | K12: =SUM(K5:K11) -> 527752.16 | L12: =SUM(L5:L11) -> 11648 | M12: ='Odometro-Kilometraje'!B81 -> 5487 | N12: =(V12/M12)*100 -> 92.48296 | V12: =SUM(V5:V11) -> 5074.54
A13: =A5+1 -> 45293 | B13: 12 | C13: 70 | D13: ='Data Ocupacion'!F33 -> 12 | E13: ='Data Ocupacion'!G33 -> 70 | F13: PU-LI | G13: =D13+E13*2 -> 152 | H13: =D13+E13 -> 82 | I13: =G13*L$2 -> 6555.76 | J13: =H13*L$2 -> 3536.66 | K13: =I13*104 -> 681799.04 | L13: =H13*104 -> 8528 | V13: =I13-(P13*($L$2-$J$1)+(Q13*($L$2-$L$1))+ (R13*($L$2-$H$2))+ (S13*($L$2-$J$1))) -> 6555.76
B14: 13 | C14: 68 | D14: ='Data Ocupacion'!F34 -> 12 | E14: ='Data Ocupacion'!G34 -> 69 | F14: LI-PU | G14: =D14+E14*2 -> 150 | H14: =D14+E14 -> 81 | I14: =G14*L$2 -> 6469.5 | J14: =H14*L$2 -> 3493.53 | K14: =I14*104 -> 672828 | L14: =H14*104 -> 8424 | S14: 1 | V14: =I14-(S14*($L$2-$J$1)+(T14*($L$2-$L$1))) -> 6451.77
B15: 0 | C15: 0 | D15: ='Data Ocupacion'!F35 -> 0 | E15: ='Data Ocupacion'!G35 -> 0 | F15: PU-SA | G15: =D15+E15*2 -> 0 | H15: =D15+E15 -> 0 | I15: =G15*L$1 -> 0 | J15: =H15*L$1 -> 0 | K15: =I15*104 -> 0 | L15: =H15*104 -> 0 | V15: =I15-(P15*($L$1-$J$1)) -> 0
B16: 0 | C16: 0 | D16: ='Data Ocupacion'!F36 -> 0 | E16: ='Data Ocupacion'!G36 -> 0 | F16: SA-PU | G16: =D16+E16*2 -> 0 | H16: =D16+E16 -> 0 | I16: =G16*L$1 -> 0 | J16: =H16*L$1 -> 0 | K16: =I16*104 -> 0 | L16: =H16*104 -> 0 | V16: =I16 -> 0
B17: 0 | C17: 0 | D17: ='Data Ocupacion'!F37 -> 0 | E17: ='Data Ocupacion'!G37 -> 0 | F17: PU-EB | G17: =D17+E17*2 -> 0 | H17: =D17+E17 -> 0 | I17: =G17*J$1 -> 0 | J17: =H17*J$1 -> 0 | K17: =I17*104 -> 0 | L17: =H17*104 -> 0 | V17: =I17 -> 0
B18: 0 | C18: 1 | D18: ='Data Ocupacion'!F38 -> 0 | E18: ='Data Ocupacion'!G38 -> 1 | F18: EB-PU | G18: =D18+E18*2 -> 2 | H18: =D18+E18 -> 1 | I18: =G18*J$1 -> 50.8 | J18: =H18*J$1 -> 25.4 | K18: =I18*104 -> 5283.2 | L18: =H18*104 -> 104 | V18: =I18 -> 50.8
B19: =SUM(B13:B18) -> 25 | C19: =SUM(C13:C18) -> 139 | D19: =SUM(D13:D18) -> 24 | E19: =SUM(E13:E18) -> 140 | G19: =SUM(G13:G18) -> 304 | H19: =SUM(H13:H18) -> 164 | I19: =SUM(I13:I18) -> 13076.06 | J19: =SUM(J13:J18) -> 7055.59 | K19: =SUM(K13:K18) -> 1359910.2 | L19: =SUM(L13:L18) -> 17056 | M19: ='Odometro-Kilometraje'!C81 -> 13622 | N19: =(V19/M19)*100 -> 95.862061 | V19: =SUM(V13:V18) -> 13058.33
A20: =A13+1 -> 45294 | B20: 21 | C20: 61 | D20: ='Data Ocupacion'!H33 -> 22 | E20: ='Data Ocupacion'!I33 -> 60 | F20: PU-LI | G20: =D20+E20*2 -> 142 | H20: =D20+E20 -> 82 | I20: =G20*L$2 -> 6124.46 | J20: =H20*L$2 -> 3536.66 | K20: =I20*104 -> 636943.84 | L20: =H20*104 -> 8528 | V20: =I20-(P20*($L$2-$J$1)+(Q20*($L$2-$L$1))+ (R20*($L$2-$H$2))) -> 6124.46
A21: Cambio distribucion simple por doble 10:30 a 11:30 | B21: 22 | C21: 59 | D21: ='Data Ocupacion'!H34 -> 21 | E21: ='Data Ocupacion'!I34 -> 60 | F21: LI-PU | G21: =D21+E21*2 -> 141 | H21: =D21+E21 -> 81 | I21: =G21*L$2 -> 6081.33 | J21: =H21*L$2 -> 3493.53 | K21: =I21*104 -> 632458.32 | L21: =H21*104 -> 8424 | S21: 6 | V21: =I21-(S21*($L$2-$J$1)+(T21*($L$2-$L$1))) -> 5974.95
B22: 0 | C22: 0 | D22: ='Data Ocupacion'!H35 -> 0 | E22: ='Data Ocupacion'!I35 -> 0 | F22: PU-SA | G22: =D22+E22*2 -> 0 | H22: =D22+E22 -> 0 | I22: =G22*L$1 -> 0 | J22: =H22*L$1 -> 0 | K22: =I22*104 -> 0 | L22: =H22*104 -> 0 | V22: =I22-(P22*($L$1-$J$1)) -> 0
B23: 0 | C23: 0 | D23: ='Data Ocupacion'!H36 -> 0 | E23: ='Data Ocupacion'!I36 -> 0 | F23: SA-PU | G23: =D23+E23*2 -> 0 | H23: =D23+E23 -> 0 | I23: =G23*L$1 -> 0 | J23: =H23*L$1 -> 0 | K23: =I23*104 -> 0 | L23: =H23*104 -> 0 | V23: =I23 -> 0
B24: 0 | C24: 0 | D24: ='Data Ocupacion'!H37 -> 0 | E24: ='Data Ocupacion'!I37 -> 0 | F24: PU-EB | G24: =D24+E24*2 -> 0 | H24: =D24+E24 -> 0 | I24: =G24*J$1 -> 0 | J24: =H24*J$1 -> 0 | K24: =I24*104 -> 0 | L24: =H24*104 -> 0 | V24: =I24 -> 0
B25: 0 | C25: 1 | D25: ='Data Ocupacion'!H38 -> 0 | E25: ='Data Ocupacion'!I38 -> 1 | F25: EB-PU | G25: =D25+E25*2 -> 2 | H25: =D25+E25 -> 1 | I25: =G25*J$1 -> 50.8 | J25: =H25*J$1 -> 25.4 | K25: =I25*104 -> 5283.2 | L25: =H25*104 -> 104 | V25: =I25 -> 50.8
B26: =SUM(B20:B25) -> 43 | C26: =SUM(C20:C25) -> 121 | D26: =SUM(D20:D25) -> 43 | E26: =SUM(E20:E25) -> 121 | G26: =SUM(G20:G25) -> 285 | H26: =SUM(H20:H25) -> 164 | I26: =SUM(I20:I25) -> 12256.59 | J26: =SUM(J20:J25) -> 7055.59 | K26: =SUM(K20:K25) -> 1274685.4 | L26: =SUM(L20:L25) -> 17056 | M26: ='Odometro-Kilometraje'!D81 -> 12824 | N26: =(V26/M26)*100 -> 94.745867 | V26: =SUM(V20:V25) -> 12150.21
A27: =A20+1 -> 45295 | B27: 21 | C27: 61 | D27: ='Data Ocupacion'!J33 -> 18 | E27: ='Data Ocupacion'!K33 -> 64 | F27: PU-LI | G27: =D27+E27*2 -> 146 | H27: =D27+E27 -> 82 | I27: =G27*L$2 -> 6296.98 | J27: =H27*L$2 -> 3536.66 | K27: =I27*104 -> 654885.92 | L27: =H27*104 -> 8528 | V27: =I27-(P27*($L$2-$J$1)+(Q27*($L$2-$L$1))+ (R27*($L$2-$H$2))) -> 6296.98
B28: 22 | C28: 59 | D28: ='Data Ocupacion'!J34 -> 18 | E28: ='Data Ocupacion'!K34 -> 63 | F28: LI-PU | G28: =D28+E28*2 -> 144 | H28: =D28+E28 -> 81 | I28: =G28*L$2 -> 6210.72 | J28: =H28*L$2 -> 3493.53 | K28: =I28*104 -> 645914.88 | L28: =H28*104 -> 8424 | S28: 12 | V28: =I28-(S28*($L$2-$J$1)+(T28*($L$2-$L$1))+(U28*($L$2-$H$2))) -> 5997.96
B29: 0 | C29: 0 | D29: ='Data Ocupacion'!J35 -> 0 | E29: ='Data Ocupacion'!K35 -> 0 | F29: PU-SA | G29: =D29+E29*2 -> 0 | H29: =D29+E29 -> 0 | I29: =G29*L$1 -> 0 | J29: =H29*L$1 -> 0 | K29: =I29*104 -> 0 | L29: =H29*104 -> 0 | V29: =I29-(P29*($L$1-$J$1)) -> 0
B30: 0 | C30: 0 | D30: ='Data Ocupacion'!J36 -> 0 | E30: ='Data Ocupacion'!K36 -> 0 | F30: SA-PU | G30: =D30+E30*2 -> 0 | H30: =D30+E30 -> 0 | I30: =G30*L$1 -> 0 | J30: =H30*L$1 -> 0 | K30: =I30*104 -> 0 | L30: =H30*104 -> 0 | V30: =I30 -> 0
B31: 0 | C31: 0 | D31: ='Data Ocupacion'!J37 -> 0 | E31: ='Data Ocupacion'!K37 -> 0 | F31: PU-EB | G31: =D31+E31*2 -> 0 | H31: =D31+E31 -> 0 | I31: =G31*J$1 -> 0 | J31: =H31*J$1 -> 0 | K31: =I31*104 -> 0 | L31: =H31*104 -> 0 | V31: =I31 -> 0
B32: 0 | C32: 1 | D32: ='Data Ocupacion'!J38 -> 0 | E32: ='Data Ocupacion'!K38 -> 1 | F32: EB-PU | G32: =D32+E32*2 -> 2 | H32: =D32+E32 -> 1 | I32: =G32*J$1 -> 50.8 | J32: =H32*J$1 -> 25.4 | K32: =I32*104 -> 5283.2 | L32: =H32*104 -> 104 | V32: =I32 -> 50.8
B33: =SUM(B27:B32) -> 43 | C33: =SUM(C27:C32) -> 121 | D33: =SUM(D27:D32) -> 36 | E33: =SUM(E27:E32) -> 128 | G33: =SUM(G27:G32) -> 292 | H33: =SUM(H27:H32) -> 164 | I33: =SUM(I27:I32) -> 12558.5 | J33: =SUM(J27:J32) -> 7055.59 | K33: =SUM(K27:K32) -> 1306084 | L33: =SUM(L27:L32) -> 17056 | M33: ='Odometro-Kilometraje'!E81 -> 12902 | N33: =(V33/M33)*100 -> 95.688575 | V33: =SUM(V27:V32) -> 12345.74
A34: =A27+1 -> 45296 | B34: 21 | C34: 61 | D34: ='Data Ocupacion'!L33 -> 18 | E34: ='Data Ocupacion'!M33 -> 64 | F34: PU-LI | G34: =D34+E34*2 -> 146 | H34: =D34+E34 -> 82 | I34: =G34*L$2 -> 6296.98 | J34: =H34*L$2 -> 3536.66 | K34: =I34*104 -> 654885.92 | L34: =H34*104 -> 8528 | V34: =I34-(P34*($L$2-$J$1)+(Q34*($L$2-$L$1))+ (R34*($L$2-$H$2))) -> 6296.98
B35: 22 | C35: 59 | D35: ='Data Ocupacion'!L34 -> 18 | E35: ='Data Ocupacion'!M34 -> 63 | F35: LI-PU | G35: =D35+E35*2 -> 144 | H35: =D35+E35 -> 81 | I35: =G35*L$2 -> 6210.72 | J35: =H35*L$2 -> 3493.53 | K35: =I35*104 -> 645914.88 | L35: =H35*104 -> 8424 | S35: 5 | V35: =I35-(S35*($L$2-$J$1)+(T35*($L$2-$L$1))) -> 6122.07
B36: 0 | C36: 0 | D36: ='Data Ocupacion'!L35 -> 0 | E36: ='Data Ocupacion'!M35 -> 0 | F36: PU-SA | G36: =D36+E36*2 -> 0 | H36: =D36+E36 -> 0 | I36: =G36*L$1 -> 0 | J36: =H36*L$1 -> 0 | K36: =I36*104 -> 0 | L36: =H36*104 -> 0 | V36: =I36-(P36*($L$1-$J$1)) -> 0
B37: 0 | C37: 0 | D37: ='Data Ocupacion'!L36 -> 0 | E37: ='Data Ocupacion'!M36 -> 0 | F37: SA-PU | G37: =D37+E37*2 -> 0 | H37: =D37+E37 -> 0 | I37: =G37*L$1 -> 0 | J37: =H37*L$1 -> 0 | K37: =I37*104 -> 0 | L37: =H37*104 -> 0 | V37: =I37 -> 0
B38: 0 | C38: 0 | D38: ='Data Ocupacion'!L37 -> 0 | E38: ='Data Ocupacion'!M37 -> 0 | F38: PU-EB | G38: =D38+E38*2 -> 0 | H38: =D38+E38 -> 0 | I38: =G38*J$1 -> 0 | J38: =H38*J$1 -> 0 | K38: =I38*104 -> 0 | L38: =H38*104 -> 0 | V38: =I38 -> 0
B39: 0 | C39: 1 | D39: ='Data Ocupacion'!L38 -> 0 | E39: ='Data Ocupacion'!M38 -> 1 | F39: EB-PU | G39: =D39+E39*2 -> 2 | H39: =D39+E39 -> 1 | I39: =G39*J$1 -> 50.8 | J39: =H39*J$1 -> 25.4 | K39: =I39*104 -> 5283.2 | L39: =H39*104 -> 104 | V39: =I39 -> 50.8
B40: =SUM(B34:B39) -> 43 | C40: =SUM(C34:C39) -> 121 | D40: =SUM(D34:D39) -> 36 | E40: =SUM(E34:E39) -> 128 | G40: =SUM(G34:G39) -> 292 | H40: =SUM(H34:H39) -> 164 | I40: =SUM(I34:I39) -> 12558.5 | J40: =SUM(J34:J39) -> 7055.59 | K40: =SUM(K34:K39) -> 1306084 | L40: =SUM(L34:L39) -> 17056 | M40: ='Odometro-Kilometraje'!F81 -> 12947 | N40: =(V40/M40)*100 -> 96.31459 | V40: =SUM(V34:V39) -> 12469.85
A41: =A34+1 -> 45297 | B41: 67 | C41: 3 | D41: ='Data Ocupacion'!N33 -> 67 | E41: ='Data Ocupacion'!O33 -> 3 | F41: PU-LI | G41: =D41+E41*2 -> 73 | H41: =D41+E41 -> 70 | I41: =G41*L$2 -> 3148.49 | J41: =H41*L$2 -> 3019.1 | K41: =I41*104 -> 327442.96 | L41: =H41*104 -> 7280 | V41: =I41-(P41*($L$2-$J$1)+(Q41*($L$2-$L$1))+ (R41*($L$2-$H$2))) -> 3148.49
B42: 73 | C42: 0 | D42: ='Data Ocupacion'!N34 -> 73 | E42: ='Data Ocupacion'!O34 -> 0 | F42: LI-PU | G42: =D42+E42*2 -> 73 | H42: =D42+E42 -> 73 | I42: =G42*L$2 -> 3148.49 | J42: =H42*L$2 -> 3148.49 | K42: =I42*104 -> 327442.96 | L42: =H42*104 -> 7592 | V42: =I42-(S42*($L$2-$J$1)+(T42*($L$2-$L$1))) -> 3148.49
B43: 0 | C43: 0 | D43: ='Data Ocupacion'!N35 -> 0 | E43: ='Data Ocupacion'!O35 -> 0 | F43: PU-SA | G43: =D43+E43*2 -> 0 | H43: =D43+E43 -> 0 | I43: =G43*L$1 -> 0 | J43: =H43*L$1 -> 0 | K43: =I43*104 -> 0 | L43: =H43*104 -> 0 | V43: =I43-(P43*($L$1-$J$1)) -> 0
B44: 0 | C44: 0 | D44: ='Data Ocupacion'!N36 -> 0 | E44: ='Data Ocupacion'!O36 -> 0 | F44: SA-PU | G44: =D44+E44*2 -> 0 | H44: =D44+E44 -> 0 | I44: =G44*L$1 -> 0 | J44: =H44*L$1 -> 0 | K44: =I44*104 -> 0 | L44: =H44*104 -> 0 | V44: =I44 -> 0
B45: 0 | C45: 0 | D45: ='Data Ocupacion'!N37 -> 0 | E45: ='Data Ocupacion'!O37 -> 0 | F45: PU-EB | G45: =D45+E45*2 -> 0 | H45: =D45+E45 -> 0 | I45: =G45*J$1 -> 0 | J45: =H45*J$1 -> 0 | K45: =I45*104 -> 0 | L45: =H45*104 -> 0 | V45: =I45 -> 0
B46: 0 | C46: 0 | D46: ='Data Ocupacion'!N38 -> 0 | E46: ='Data Ocupacion'!O38 -> 0 | F46: EB-PU | G46: =D46+E46*2 -> 0 | H46: =D46+E46 -> 0 | I46: =G46*J$1 -> 0 | J46: =H46*J$1 -> 0 | K46: =I46*104 -> 0 | L46: =H46*104 -> 0 | V46: =I46 -> 0
B47: =SUM(B41:B46) -> 140 | C47: =SUM(C41:C46) -> 3 | D47: =SUM(D41:D46) -> 140 | E47: =SUM(E41:E46) -> 3 | G47: =SUM(G41:G46) -> 146 | H47: =SUM(H41:H46) -> 143 | I47: =SUM(I41:I46) -> 6296.98 | J47: =SUM(J41:J46) -> 6167.59 | K47: =SUM(K41:K46) -> 654885.92 | L47: =SUM(L41:L46) -> 14872 | M47: ='Odometro-Kilometraje'!G81 -> 6373 | N47: =(V47/M47)*100 -> 98.807155 | V47: =SUM(V41:V46) -> 6296.98
A48: =A41+1 -> 45298 | B48: 51 | C48: 3 | D48: ='Data Ocupacion'!P33 -> 51 | E48: ='Data Ocupacion'!Q33 -> 3 | F48: PU-LI | G48: =D48+E48*2 -> 57 | H48: =D48+E48 -> 54 | I48: =G48*L$2 -> 2458.41 | J48: =H48*L$2 -> 2329.02 | K48: =I48*104 -> 255674.64 | L48: =H48*104 -> 5616 | V48: =I48-(P48*($L$2-$J$1)+(Q48*($L$2-$L$1))+ (R48*($L$2-$H$2))) -> 2458.41
B49: 57 | C49: 0 | D49: ='Data Ocupacion'!P34 -> 57 | E49: ='Data Ocupacion'!Q34 -> 0 | F49: LI-PU | G49: =D49+E49*2 -> 57 | H49: =D49+E49 -> 57 | I49: =G49*L$2 -> 2458.41 | J49: =H49*L$2 -> 2458.41 | K49: =I49*104 -> 255674.64 | L49: =H49*104 -> 5928 | V49: =I49-(S49*($L$2-$J$1)+(T49*($L$2-$L$1))) -> 2458.41
B50: 0 | C50: 0 | D50: ='Data Ocupacion'!P35 -> 0 | E50: ='Data Ocupacion'!Q35 -> 0 | F50: PU-SA | G50: =D50+E50*2 -> 0 | H50: =D50+E50 -> 0 | I50: =G50*L$1 -> 0 | J50: =H50*L$1 -> 0 | K50: =I50*104 -> 0 | L50: =H50*104 -> 0 | V50: =I50-(P50*($L$1-$J$1)) -> 0
B51: 0 | C51: 0 | D51: ='Data Ocupacion'!P36 -> 0 | E51: ='Data Ocupacion'!Q36 -> 0 | F51: SA-PU | G51: =D51+E51*2 -> 0 | H51: =D51+E51 -> 0 | I51: =G51*L$1 -> 0 | J51: =H51*L$1 -> 0 | K51: =I51*104 -> 0 | L51: =H51*104 -> 0 | V51: =I51 -> 0
B52: 0 | C52: 0 | D52: ='Data Ocupacion'!P37 -> 0 | E52: ='Data Ocupacion'!Q37 -> 0 | F52: PU-EB | G52: =D52+E52*2 -> 0 | H52: =D52+E52 -> 0 | I52: =G52*J$1 -> 0 | J52: =H52*J$1 -> 0 | K52: =I52*104 -> 0 | L52: =H52*104 -> 0 | V52: =I52 -> 0
B53: 0 | C53: 0 | D53: ='Data Ocupacion'!P38 -> 0 | E53: ='Data Ocupacion'!Q38 -> 0 | F53: EB-PU | G53: =D53+E53*2 -> 0 | H53: =D53+E53 -> 0 | I53: =G53*J$1 -> 0 | J53: =H53*J$1 -> 0 | K53: =I53*104 -> 0 | L53: =H53*104 -> 0 | V53: =I53 -> 0
B54: =SUM(B48:B53) -> 108 | C54: =SUM(C48:C53) -> 3 | D54: =SUM(D48:D53) -> 108 | E54: =SUM(E48:E53) -> 3 | G54: =SUM(G48:G53) -> 114 | H54: =SUM(H48:H53) -> 111 | I54: =SUM(I48:I53) -> 4916.82 | J54: =SUM(J48:J53) -> 4787.43 | K54: =SUM(K48:K53) -> 511349.28 | L54: =SUM(L48:L53) -> 11544 | M54: ='Odometro-Kilometraje'!H81 -> 4982 | N54: =(V54/M54)*100 -> 98.69169 | V54: =SUM(V48:V53) -> 4916.82
A55: =A48+1 -> 45299 | B55: 28 | C55: 54 | D55: ='Data Ocupacion'!R33 -> 20 | E55: ='Data Ocupacion'!S33 -> 61 | F55: PU-LI | G55: =D55+E55*2 -> 142 | H55: =D55+E55 -> 81 | I55: =G55*L$2 -> 6124.46 | J55: =H55*L$2 -> 3493.53 | K55: =I55*104 -> 636943.84 | L55: =H55*104 -> 8424 | S55: 4 | V55: =I55-(P55*($L$2-$J$1)+(Q55*($L$2-$L$1))+ (R55*($L$2-$H$2))+(S55*$J$1)) -> 6022.86
A56: 1 servicio suprimido por indisponibilidad de equipo | B56: 29 | C56: 52 | D56: ='Data Ocupacion'!R34 -> 26 | E56: ='Data Ocupacion'!S34 -> 55 | F56: LI-PU | G56: =D56+E56*2 -> 136 | H56: =D56+E56 -> 81 | I56: =G56*L$2 -> 5865.68 | J56: =H56*L$2 -> 3493.53 | K56: =I56*104 -> 610030.72 | L56: =H56*104 -> 8424 | S56: 3 | V56: =I56-(S56*($L$2-$J$1)+(T56*($L$2-$L$1))) -> 5812.49
B57: 0 | C57: 0 | D57: ='Data Ocupacion'!R35 -> 0 | E57: ='Data Ocupacion'!S35 -> 0 | F57: PU-SA | G57: =D57+E57*2 -> 0 | H57: =D57+E57 -> 0 | I57: =G57*L$1 -> 0 | J57: =H57*L$1 -> 0 | K57: =I57*104 -> 0 | L57: =H57*104 -> 0 | V57: =I57-(P57*($L$1-$J$1)) -> 0
B58: 0 | C58: 0 | D58: ='Data Ocupacion'!R36 -> 0 | E58: ='Data Ocupacion'!S36 -> 0 | F58: SA-PU | G58: =D58+E58*2 -> 0 | H58: =D58+E58 -> 0 | I58: =G58*L$1 -> 0 | J58: =H58*L$1 -> 0 | K58: =I58*104 -> 0 | L58: =H58*104 -> 0 | V58: =I58 -> 0 | BL58: v
A59: Nueva Prog. 2da Semana Disminucion de dobles | B59: 0 | C59: 0 | D59: ='Data Ocupacion'!R37 -> 0 | E59: ='Data Ocupacion'!S37 -> 0 | F59: PU-EB | G59: =D59+E59*2 -> 0 | H59: =D59+E59 -> 0 | I59: =G59*J$1 -> 0 | J59: =H59*J$1 -> 0 | K59: =I59*104 -> 0 | L59: =H59*104 -> 0 | V59: =I59 -> 0
B60: 0 | C60: 1 | D60: ='Data Ocupacion'!R38 -> 0 | E60: ='Data Ocupacion'!S38 -> 1 | F60: EB-PU | G60: =D60+E60*2 -> 2 | H60: =D60+E60 -> 1 | I60: =G60*J$1 -> 50.8 | J60: =H60*J$1 -> 25.4 | K60: =I60*104 -> 5283.2 | L60: =H60*104 -> 104 | V60: =I60 -> 50.8
B61: =SUM(B55:B60) -> 57 | C61: =SUM(C55:C60) -> 107 | D61: =SUM(D55:D60) -> 46 | E61: =SUM(E55:E60) -> 117 | G61: =SUM(G55:G60) -> 280 | H61: =SUM(H55:H60) -> 163 | I61: =SUM(I55:I60) -> 12040.94 | J61: =SUM(J55:J60) -> 7012.46 | K61: =SUM(K55:K60) -> 1252257.8 | L61: =SUM(L55:L60) -> 16952 | M61: ='Odometro-Kilometraje'!I81 -> 12276 | N61: =(V61/M61)*100 -> 96.824291 | V61: =SUM(V55:V60) -> 11886.15
A62: =A55+1 -> 45300 | B62: 28 | C62: 54 | D62: ='Data Ocupacion'!T33 -> 28 | E62: ='Data Ocupacion'!U33 -> 54 | F62: PU-LI | G62: =D62+E62*2 -> 136 | H62: =D62+E62 -> 82 | I62: =G62*L$2 -> 5865.68 | J62: =H62*L$2 -> 3536.66 | K62: =I62*104 -> 610030.72 | L62: =H62*104 -> 8528 | V62: =I62-(P62*($L$2-$J$1)+(Q62*($L$2-$L$1))+ (R62*($L$2-$H$2))) -> 5865.68
B63: 29 | C63: 52 | D63: ='Data Ocupacion'!T34 -> 29 | E63: ='Data Ocupacion'!U34 -> 52 | F63: LI-PU | G63: =D63+E63*2 -> 133 | H63: =D63+E63 -> 81 | I63: =G63*L$2 -> 5736.29 | J63: =H63*L$2 -> 3493.53 | K63: =I63*104 -> 596574.16 | L63: =H63*104 -> 8424 | S63: 6 | V63: =I63-(S63*($L$2-$J$1)+(T63*($L$2-$L$1))) -> 5629.91
B64: 0 | C64: 0 | D64: ='Data Ocupacion'!T35 -> 0 | E64: ='Data Ocupacion'!U35 -> 0 | F64: PU-SA | G64: =D64+E64*2 -> 0 | H64: =D64+E64 -> 0 | I64: =G64*L$1 -> 0 | J64: =H64*L$1 -> 0 | K64: =I64*104 -> 0 | L64: =H64*104 -> 0 | V64: =I64-(P64*($L$1-$J$1)) -> 0
B65: 0 | C65: 0 | D65: ='Data Ocupacion'!T36 -> 0 | E65: ='Data Ocupacion'!U36 -> 0 | F65: SA-PU | G65: =D65+E65*2 -> 0 | H65: =D65+E65 -> 0 | I65: =G65*L$1 -> 0 | J65: =H65*L$1 -> 0 | K65: =I65*104 -> 0 | L65: =H65*104 -> 0 | V65: =I65 -> 0
B66: 0 | C66: 0 | D66: ='Data Ocupacion'!T37 -> 0 | E66: ='Data Ocupacion'!U37 -> 0 | F66: PU-EB | G66: =D66+E66*2 -> 0 | H66: =D66+E66 -> 0 | I66: =G66*J$1 -> 0 | J66: =H66*J$1 -> 0 | K66: =I66*104 -> 0 | L66: =H66*104 -> 0 | V66: =I66 -> 0
B67: 0 | C67: 1 | D67: ='Data Ocupacion'!T38 -> 0 | E67: ='Data Ocupacion'!U38 -> 1 | F67: EB-PU | G67: =D67+E67*2 -> 2 | H67: =D67+E67 -> 1 | I67: =G67*J$1 -> 50.8 | J67: =H67*J$1 -> 25.4 | K67: =I67*104 -> 5283.2 | L67: =H67*104 -> 104 | V67: =I67 -> 50.8
B68: =SUM(B62:B67) -> 57 | C68: =SUM(C62:C67) -> 107 | D68: =SUM(D62:D67) -> 57 | E68: =SUM(E62:E67) -> 107 | G68: =SUM(G62:G67) -> 271 | H68: =SUM(H62:H67) -> 164 | I68: =SUM(I62:I67) -> 11652.77 | J68: =SUM(J62:J67) -> 7055.59 | K68: =SUM(K62:K67) -> 1211888.1 | L68: =SUM(L62:L67) -> 17056 | M68: ='Odometro-Kilometraje'!J81 -> 12060 | N68: =(V68/M68)*100 -> 95.741211 | V68: =SUM(V62:V67) -> 11546.39
A69: =A62+1 -> 45301 | B69: 28 | C69: 54 | D69: ='Data Ocupacion'!V33 -> 28 | E69: ='Data Ocupacion'!W33 -> 54 | F69: PU-LI | G69: =D69+E69*2 -> 136 | H69: =D69+E69 -> 82 | I69: =G69*L$2 -> 5865.68 | J69: =H69*L$2 -> 3536.66 | K69: =I69*104 -> 610030.72 | L69: =H69*104 -> 8528 | V69: =I69-(P69*($L$2-$J$1)+(Q69*($L$2-$L$1))+ (R69*($L$2-$H$2))) -> 5865.68
B70: 29 | C70: 52 | D70: ='Data Ocupacion'!V34 -> 29 | E70: ='Data Ocupacion'!W34 -> 52 | F70: LI-PU | G70: =D70+E70*2 -> 133 | H70: =D70+E70 -> 81 | I70: =G70*L$2 -> 5736.29 | J70: =H70*L$2 -> 3493.53 | K70: =I70*104 -> 596574.16 | L70: =H70*104 -> 8424 | S70: 5 | V70: =I70-(S70*($L$2-$J$1)+(T70*($L$2-$L$1))) -> 5647.64
B71: 0 | C71: 0 | D71: ='Data Ocupacion'!V35 -> 0 | E71: ='Data Ocupacion'!W35 -> 0 | F71: PU-SA | G71: =D71+E71*2 -> 0 | H71: =D71+E71 -> 0 | I71: =G71*L$1 -> 0 | J71: =H71*L$1 -> 0 | K71: =I71*104 -> 0 | L71: =H71*104 -> 0 | V71: =I71-(P71*($L$1-$J$1)) -> 0
B72: 0 | C72: 0 | D72: ='Data Ocupacion'!V36 -> 0 | E72: ='Data Ocupacion'!W36 -> 0 | F72: SA-PU | G72: =D72+E72*2 -> 0 | H72: =D72+E72 -> 0 | I72: =G72*L$1 -> 0 | J72: =H72*L$1 -> 0 | K72: =I72*104 -> 0 | L72: =H72*104 -> 0 | V72: =I72 -> 0
B73: 0 | C73: 0 | D73: ='Data Ocupacion'!V37 -> 0 | E73: ='Data Ocupacion'!W37 -> 0 | F73: PU-EB | G73: =D73+E73*2 -> 0 | H73: =D73+E73 -> 0 | I73: =G73*J$1 -> 0 | J73: =H73*J$1 -> 0 | K73: =I73*104 -> 0 | L73: =H73*104 -> 0 | V73: =I73 -> 0
B74: 0 | C74: 1 | D74: ='Data Ocupacion'!V38 -> 0 | E74: ='Data Ocupacion'!W38 -> 1 | F74: EB-PU | G74: =D74+E74*2 -> 2 | H74: =D74+E74 -> 1 | I74: =G74*J$1 -> 50.8 | J74: =H74*J$1 -> 25.4 | K74: =I74*104 -> 5283.2 | L74: =H74*104 -> 104 | V74: =I74 -> 50.8
B75: =SUM(B69:B74) -> 57 | C75: =SUM(C69:C74) -> 107 | D75: =SUM(D69:D74) -> 57 | E75: =SUM(E69:E74) -> 107 | G75: =SUM(G69:G74) -> 271 | H75: =SUM(H69:H74) -> 164 | I75: =SUM(I69:I74) -> 11652.77 | J75: =SUM(J69:J74) -> 7055.59 | K75: =SUM(K69:K74) -> 1211888.1 | L75: =SUM(L69:L74) -> 17056 | M75: ='Odometro-Kilometraje'!K81 -> 12051 | N75: =(V75/M75)*100 -> 95.959837 | V75: =SUM(V69:V74) -> 11564.12
A76: =A69+1 -> 45302 | B76: 28 | C76: 54 | D76: ='Data Ocupacion'!X33 -> 28 | E76: ='Data Ocupacion'!Y33 -> 54 | F76: PU-LI | G76: =D76+E76*2 -> 136 | H76: =D76+E76 -> 82 | I76: =G76*L$2 -> 5865.68 | J76: =H76*L$2 -> 3536.66 | K76: =I76*104 -> 610030.72 | L76: =H76*104 -> 8528 | V76: =I76-(P76*($L$2-$J$1)+(Q76*($L$2-$L$1))+ (R76*($L$2-$H$2))) -> 5865.68
B77: 29 | C77: 52 | D77: ='Data Ocupacion'!X34 -> 28 | E77: ='Data Ocupacion'!Y34 -> 53 | F77: LI-PU | G77: =D77+E77*2 -> 134 | H77: =D77+E77 -> 81 | I77: =G77*L$2 -> 5779.42 | J77: =H77*L$2 -> 3493.53 | K77: =I77*104 -> 601059.68 | L77: =H77*104 -> 8424 | S77: 4 | V77: =I77-(S77*($L$2-$J$1)+(T77*($L$2-$L$1))) -> 5708.5
B78: 0 | C78: 0 | D78: ='Data Ocupacion'!X35 -> 0 | E78: ='Data Ocupacion'!Y35 -> 0 | F78: PU-SA | G78: =D78+E78*2 -> 0 | H78: =D78+E78 -> 0 | I78: =G78*L$1 -> 0 | J78: =H78*L$1 -> 0 | K78: =I78*104 -> 0 | L78: =H78*104 -> 0 | V78: =I78-(P78*($L$1-$J$1)) -> 0
B79: 0 | C79: 0 | D79: ='Data Ocupacion'!X36 -> 0 | E79: ='Data Ocupacion'!Y36 -> 0 | F79: SA-PU | G79: =D79+E79*2 -> 0 | H79: =D79+E79 -> 0 | I79: =G79*L$1 -> 0 | J79: =H79*L$1 -> 0 | K79: =I79*104 -> 0 | L79: =H79*104 -> 0 | V79: =I79 -> 0
B80: 0 | C80: 0 | D80: ='Data Ocupacion'!X37 -> 0 | E80: ='Data Ocupacion'!Y37 -> 0 | F80: PU-EB | G80: =D80+E80*2 -> 0 | H80: =D80+E80 -> 0 | I80: =G80*J$1 -> 0 | J80: =H80*J$1 -> 0 | K80: =I80*104 -> 0 | L80: =H80*104 -> 0 | V80: =I80 -> 0
B81: 0 | C81: 1 | D81: ='Data Ocupacion'!X38 -> 0 | E81: ='Data Ocupacion'!Y38 -> 1 | F81: EB-PU | G81: =D81+E81*2 -> 2 | H81: =D81+E81 -> 1 | I81: =G81*J$1 -> 50.8 | J81: =H81*J$1 -> 25.4 | K81: =I81*104 -> 5283.2 | L81: =H81*104 -> 104 | V81: =I81 -> 50.8
B82: =SUM(B76:B81) -> 57 | C82: =SUM(C76:C81) -> 107 | D82: =SUM(D76:D81) -> 56 | E82: =SUM(E76:E81) -> 108 | G82: =SUM(G76:G81) -> 272 | H82: =SUM(H76:H81) -> 164 | I82: =SUM(I76:I81) -> 11695.9 | J82: =SUM(J76:J81) -> 7055.59 | K82: =SUM(K76:K81) -> 1216373.6 | L82: =SUM(L76:L81) -> 17056 | M82: ='Odometro-Kilometraje'!L81 -> 12004 | N82: =(V82/M82)*100 -> 96.842552 | V82: =SUM(V76:V81) -> 11624.98
A83: =A76+1 -> 45303 | B83: 28 | C83: 54 | D83: ='Data Ocupacion'!Z33 -> 28 | E83: ='Data Ocupacion'!AA33 -> 54 | F83: PU-LI | G83: =D83+E83*2 -> 136 | H83: =D83+E83 -> 82 | I83: =G83*L$2 -> 5865.68 | J83: =H83*L$2 -> 3536.66 | K83: =I83*104 -> 610030.72 | L83: =H83*104 -> 8528 | V83: =I83-(P83*($L$2-$J$1)+(Q83*($L$2-$L$1))+ (R83*($L$2-$H$2))) -> 5865.68
B84: 29 | C84: 52 | D84: ='Data Ocupacion'!Z34 -> 28 | E84: ='Data Ocupacion'!AA34 -> 53 | F84: LI-PU | G84: =D84+E84*2 -> 134 | H84: =D84+E84 -> 81 | I84: =G84*L$2 -> 5779.42 | J84: =H84*L$2 -> 3493.53 | K84: =I84*104 -> 601059.68 | L84: =H84*104 -> 8424 | S84: 4 | V84: =I84-(S84*($L$2-$J$1)+(T84*($L$2-$L$1))) -> 5708.5
B85: 0 | C85: 0 | D85: ='Data Ocupacion'!Z35 -> 0 | E85: ='Data Ocupacion'!AA35 -> 0 | F85: PU-SA | G85: =D85+E85*2 -> 0 | H85: =D85+E85 -> 0 | I85: =G85*L$1 -> 0 | J85: =H85*L$1 -> 0 | K85: =I85*104 -> 0 | L85: =H85*104 -> 0 | V85: =I85-(P85*($L$1-$J$1)) -> 0
B86: 0 | C86: 0 | D86: ='Data Ocupacion'!Z36 -> 0 | E86: ='Data Ocupacion'!AA36 -> 0 | F86: SA-PU | G86: =D86+E86*2 -> 0 | H86: =D86+E86 -> 0 | I86: =G86*L$1 -> 0 | J86: =H86*L$1 -> 0 | K86: =I86*104 -> 0 | L86: =H86*104 -> 0 | V86: =I86 -> 0
B87: 0 | C87: 0 | D87: ='Data Ocupacion'!Z37 -> 0 | E87: ='Data Ocupacion'!AA37 -> 0 | F87: PU-EB | G87: =D87+E87*2 -> 0 | H87: =D87+E87 -> 0 | I87: =G87*J$1 -> 0 | J87: =H87*J$1 -> 0 | K87: =I87*104 -> 0 | L87: =H87*104 -> 0 | V87: =I87 -> 0
B88: 0 | C88: 1 | D88: ='Data Ocupacion'!Z38 -> 0 | E88: ='Data Ocupacion'!AA38 -> 1 | F88: EB-PU | G88: =D88+E88*2 -> 2 | H88: =D88+E88 -> 1 | I88: =G88*J$1 -> 50.8 | J88: =H88*J$1 -> 25.4 | K88: =I88*104 -> 5283.2 | L88: =H88*104 -> 104 | V88: =I88 -> 50.8
B89: =SUM(B83:B88) -> 57 | C89: =SUM(C83:C88) -> 107 | D89: =SUM(D83:D88) -> 56 | E89: =SUM(E83:E88) -> 108 | G89: =SUM(G83:G88) -> 272 | H89: =SUM(H83:H88) -> 164 | I89: =SUM(I83:I88) -> 11695.9 | J89: =SUM(J83:J88) -> 7055.59 | K89: =SUM(K83:K88) -> 1216373.6 | L89: =SUM(L83:L88) -> 17056 | M89: ='Odometro-Kilometraje'!M81 -> 12183 | N89: =(V89/M89)*100 -> 95.419683 | V89: =SUM(V83:V88) -> 11624.98
A90: =A83+1 -> 45304 | B90: 67 | C90: 3 | D90: ='Data Ocupacion'!AB33 -> 66 | E90: ='Data Ocupacion'!AC33 -> 4 | F90: PU-LI | G90: =D90+E90*2 -> 74 | H90: =D90+E90 -> 70 | I90: =G90*L$2 -> 3191.62 | J90: =H90*L$2 -> 3019.1 | K90: =I90*104 -> 331928.48 | L90: =H90*104 -> 7280 | V90: =I90-(P90*($L$2-$J$1)+(Q90*($L$2-$L$1))+ (R90*($L$2-$H$2))) -> 3191.62
B91: 73 | C91: 0 | D91: ='Data Ocupacion'!AB34 -> 72 | E91: ='Data Ocupacion'!AC34 -> 1 | F91: LI-PU | G91: =D91+E91*2 -> 74 | H91: =D91+E91 -> 73 | I91: =G91*L$2 -> 3191.62 | J91: =H91*L$2 -> 3148.49 | K91: =I91*104 -> 331928.48 | L91: =H91*104 -> 7592 | V91: =I91-(S91*($L$2-$J$1)+(T91*($L$2-$L$1))) -> 3191.62
B92: 0 | C92: 0 | D92: ='Data Ocupacion'!AB35 -> 0 | E92: ='Data Ocupacion'!AC35 -> 0 | F92: PU-SA | G92: =D92+E92*2 -> 0 | H92: =D92+E92 -> 0 | I92: =G92*L$1 -> 0 | J92: =H92*L$1 -> 0 | K92: =I92*104 -> 0 | L92: =H92*104 -> 0 | V92: =I92-(P92*($L$1-$J$1)) -> 0
B93: 0 | C93: 0 | D93: ='Data Ocupacion'!AB36 -> 0 | E93: ='Data Ocupacion'!AC36 -> 0 | F93: SA-PU | G93: =D93+E93*2 -> 0 | H93: =D93+E93 -> 0 | I93: =G93*L$1 -> 0 | J93: =H93*L$1 -> 0 | K93: =I93*104 -> 0 | L93: =H93*104 -> 0 | V93: =I93 -> 0
B94: 0 | C94: 0 | D94: ='Data Ocupacion'!AB37 -> 0 | E94: ='Data Ocupacion'!AC37 -> 0 | F94: PU-EB | G94: =D94+E94*2 -> 0 | H94: =D94+E94 -> 0 | I94: =G94*J$1 -> 0 | J94: =H94*J$1 -> 0 | K94: =I94*104 -> 0 | L94: =H94*104 -> 0 | V94: =I94 -> 0
B95: 0 | C95: 0 | D95: ='Data Ocupacion'!AB38 -> 0 | E95: ='Data Ocupacion'!AC38 -> 0 | F95: EB-PU | G95: =D95+E95*2 -> 0 | H95: =D95+E95 -> 0 | I95: =G95*J$1 -> 0 | J95: =H95*J$1 -> 0 | K95: =I95*104 -> 0 | L95: =H95*104 -> 0 | V95: =I95 -> 0
B96: =SUM(B90:B95) -> 140 | C96: =SUM(C90:C95) -> 3 | D96: =SUM(D90:D95) -> 138 | E96: =SUM(E90:E95) -> 5 | G96: =SUM(G90:G95) -> 148 | H96: =SUM(H90:H95) -> 143 | I96: =SUM(I90:I95) -> 6383.24 | J96: =SUM(J90:J95) -> 6167.59 | K96: =SUM(K90:K95) -> 663856.96 | L96: =SUM(L90:L95) -> 14872 | M96: ='Odometro-Kilometraje'!N81 -> 6439 | N96: =(V96/M96)*100 -> 99.134027 | V96: =SUM(V90:V95) -> 6383.24
A97: =A90+1 -> 45305 | B97: 51 | C97: 3 | D97: ='Data Ocupacion'!AD33 -> 51 | E97: ='Data Ocupacion'!AE33 -> 3 | F97: PU-LI | G97: =D97+E97*2 -> 57 | H97: =D97+E97 -> 54 | I97: =G97*L$2 -> 2458.41 | J97: =H97*L$2 -> 2329.02 | K97: =I97*104 -> 255674.64 | L97: =H97*104 -> 5616 | V97: =I97-(P97*($L$2-$J$1)+(Q97*($L$2-$L$1))+ (R97*($L$2-$H$2))) -> 2458.41
B98: 57 | C98: 0 | D98: ='Data Ocupacion'!AD34 -> 57 | E98: ='Data Ocupacion'!AE34 -> 0 | F98: LI-PU | G98: =D98+E98*2 -> 57 | H98: =D98+E98 -> 57 | I98: =G98*L$2 -> 2458.41 | J98: =H98*L$2 -> 2458.41 | K98: =I98*104 -> 255674.64 | L98: =H98*104 -> 5928 | V98: =I98-(S98*($L$2-$J$1)+(T98*($L$2-$L$1))) -> 2458.41
B99: 0 | C99: 0 | D99: ='Data Ocupacion'!AD35 -> 0 | E99: ='Data Ocupacion'!AE35 -> 0 | F99: PU-SA | G99: =D99+E99*2 -> 0 | H99: =D99+E99 -> 0 | I99: =G99*L$1 -> 0 | J99: =H99*L$1 -> 0 | K99: =I99*104 -> 0 | L99: =H99*104 -> 0 | V99: =I99-(P99*($L$1-$J$1)) -> 0
B100: 0 | C100: 0 | D100: ='Data Ocupacion'!AD36 -> 0 | E100: ='Data Ocupacion'!AE36 -> 0 | F100: SA-PU | G100: =D100+E100*2 -> 0 | H100: =D100+E100 -> 0 | I100: =G100*L$1 -> 0 | J100: =H100*L$1 -> 0 | K100: =I100*104 -> 0 | L100: =H100*104 -> 0 | V100: =I100 -> 0
...

Sheet Oferta Diaria
A1: Oferta Enero 2024
C3: 45292 | D3: 45293 | E3: 45294 | F3: 45295 | G3: 45296 | H3: 45297 | I3: 45298 | J3: 45299 | K3: 45300 | L3: 45301 | M3: 45302 | N3: 45303 | O3: 45304 | P3: 45305 | Q3: 45306 | R3: 45307 | S3: 45308 | T3: 45309 | U3: 45310 | V3: 45311 | W3: 45312 | X3: 45313 | Y3: 45314 | Z3: 45315 | AA3: 45316 | AB3: 45317 | AC3: 45318 | AD3: 45319 | AE3: 45320 | AF3: 45321 | AG3: 45322
A4: HÁBIL | B4: km
A5: Servicios PU-LI | B5: 43.13 | C5: ='Data Ocupacion'!D44 -> 54 | D5: ='Data Ocupacion'!F44 -> 82 | E5: ='Data Ocupacion'!H44 -> 82 | F5: ='Data Ocupacion'!J44 -> 82 | G5: ='Data Ocupacion'!L44 -> 82 | H5: ='Data Ocupacion'!N44 -> 70 | I5: ='Data Ocupacion'!P44 -> 54 | J5: ='Data Ocupacion'!R44 -> 81 | K5: ='Data Ocupacion'!T44 -> 82 | L5: ='Data Ocupacion'!V44 -> 82 | M5: ='Data Ocupacion'!X44 -> 82 | N5: ='Data Ocupacion'!Z44 -> 82 | O5: ='Data Ocupacion'!AB44 -> 70 | P5: ='Data Ocupacion'!AD44 -> 54 | Q5: ='Data Ocupacion'!AF44 -> 82 | R5: ='Data Ocupacion'!AH44 -> 82 | S5: ='Data Ocupacion'!AJ44 -> 82 | T5: ='Data Ocupacion'!AL44 -> 82 | U5: ='Data Ocupacion'!AN44 -> 82 | V5: ='Data Ocupacion'!AP44 -> 71 | W5: ='Data Ocupacion'!AR44 -> 54 | X5: ='Data Ocupacion'!AT44 -> 82 | Y5: ='Data Ocupacion'!AV44 -> 82 | Z5: ='Data Ocupacion'!AX44 -> 82 | AA5: ='Data Ocupacion'!AZ44 -> 82 | AB5: ='Data Ocupacion'!BB44 -> 44 | AC5: ='Data Ocupacion'!BD44 -> 32 | AD5: ='Data Ocupacion'!BF44 -> 28 | AE5: ='Data Ocupacion'!BH44 -> 82 | AF5: ='Data Ocupacion'!BJ44 -> 82 | AG5: ='Data Ocupacion'!BL44 -> 95
A6: Servicios LI-PU | B6: 43.13 | C6: ='Data Ocupacion'!D45 -> 57 | D6: ='Data Ocupacion'!F45 -> 81 | E6: ='Data Ocupacion'!H45 -> 81 | F6: ='Data Ocupacion'!J45 -> 81 | G6: ='Data Ocupacion'!L45 -> 81 | H6: ='Data Ocupacion'!N45 -> 73 | I6: ='Data Ocupacion'!P45 -> 57 | J6: ='Data Ocupacion'!R45 -> 81 | K6: ='Data Ocupacion'!T45 -> 81 | L6: ='Data Ocupacion'!V45 -> 81 | M6: ='Data Ocupacion'!X45 -> 81 | N6: ='Data Ocupacion'!Z45 -> 81 | O6: ='Data Ocupacion'!AB45 -> 73 | P6: ='Data Ocupacion'!AD45 -> 57 | Q6: ='Data Ocupacion'!AF45 -> 81 | R6: ='Data Ocupacion'!AH45 -> 81 | S6: ='Data Ocupacion'!AJ45 -> 81 | T6: ='Data Ocupacion'!AL45 -> 81 | U6: ='Data Ocupacion'!AN45 -> 81 | V6: ='Data Ocupacion'!AP45 -> 74 | W6: ='Data Ocupacion'!AR45 -> 57 | X6: ='Data Ocupacion'!AT45 -> 81 | Y6: ='Data Ocupacion'!AV45 -> 81 | Z6: ='Data Ocupacion'!AX45 -> 81 | AA6: ='Data Ocupacion'!AZ45 -> 81 | AB6: ='Data Ocupacion'!BB45 -> 41 | AC6: ='Data Ocupacion'!BD45 -> 33 | AD6: ='Data Ocupacion'!BF45 -> 29 | AE6: ='Data Ocupacion'!BH45 -> 81 | AF6: ='Data Ocupacion'!BJ45 -> 81 | AG6: ='Data Ocupacion'!BL45 -> 95
A7: Servicios PU-SA | B7: 29.11 | C7: ='Data Ocupacion'!D46 -> 0 | D7: ='Data Ocupacion'!F46 -> 0 | E7: ='Data Ocupacion'!H46 -> 0 | F7: ='Data Ocupacion'!J46 -> 0 | G7: ='Data Ocupacion'!L46 -> 0 | H7: ='Data Ocupacion'!N46 -> 0 | I7: ='Data Ocupacion'!P46 -> 0 | J7: ='Data Ocupacion'!R46 -> 0 | K7: ='Data Ocupacion'!T46 -> 0 | L7: ='Data Ocupacion'!V46 -> 0 | M7: ='Data Ocupacion'!X46 -> 0 | N7: ='Data Ocupacion'!Z46 -> 0 | O7: ='Data Ocupacion'!AB46 -> 0 | P7: ='Data Ocupacion'!AD46 -> 0 | Q7: ='Data Ocupacion'!AF46 -> 0 | R7: ='Data Ocupacion'!AH46 -> 0 | S7: ='Data Ocupacion'!AJ46 -> 0 | T7: ='Data Ocupacion'!AL46 -> 0 | U7: ='Data Ocupacion'!AN46 -> 0 | V7: ='Data Ocupacion'!AP46 -> 0 | W7: ='Data Ocupacion'!AR46 -> 0 | X7: ='Data Ocupacion'!AT46 -> 0 | Y7: ='Data Ocupacion'!AV46 -> 0 | Z7: ='Data Ocupacion'!AX46 -> 0 | AA7: ='Data Ocupacion'!AZ46 -> 0 | AB7: ='Data Ocupacion'!BB46 -> 0 | AC7: ='Data Ocupacion'!BD46 -> 0 | AD7: ='Data Ocupacion'!BF46 -> 0 | AE7: ='Data Ocupacion'!BH46 -> 0 | AF7: ='Data Ocupacion'!BJ46 -> 0 | AG7: ='Data Ocupacion'!BL46 -> 0
A8: Servicios SA-PU | B8: 29.11 | C8: ='Data Ocupacion'!D47 -> 0 | D8: ='Data Ocupacion'!F47 -> 0 | E8: ='Data Ocupacion'!H47 -> 0 | F8: ='Data Ocupacion'!J47 -> 0 | G8: ='Data Ocupacion'!L47 -> 0 | H8: ='Data Ocupacion'!N47 -> 0 | I8: ='Data Ocupacion'!P47 -> 0 | J8: ='Data Ocupacion'!R47 -> 0 | K8: ='Data Ocupacion'!T47 -> 0 | L8: ='Data Ocupacion'!V47 -> 0 | M8: ='Data Ocupacion'!X47 -> 0 | N8: ='Data Ocupacion'!Z47 -> 0 | O8: ='Data Ocupacion'!AB47 -> 0 | P8: ='Data Ocupacion'!AD47 -> 0 | Q8: ='Data Ocupacion'!AF47 -> 0 | R8: ='Data Ocupacion'!AH47 -> 0 | S8: ='Data Ocupacion'!AJ47 -> 0 | T8: ='Data Ocupacion'!AL47 -> 0 | U8: ='Data Ocupacion'!AN47 -> 0 | V8: ='Data Ocupacion'!AP47 -> 0 | W8: ='Data Ocupacion'!AR47 -> 0 | X8: ='Data Ocupacion'!AT47 -> 0 | Y8: ='Data Ocupacion'!AV47 -> 0 | Z8: ='Data Ocupacion'!AX47 -> 0 | AA8: ='Data Ocupacion'!AZ47 -> 0 | AB8: ='Data Ocupacion'!BB47 -> 0 | AC8: ='Data Ocupacion'!BD47 -> 0 | AD8: ='Data Ocupacion'!BF47 -> 0 | AE8: ='Data Ocupacion'!BH47 -> 0 | AF8: ='Data Ocupacion'!BJ47 -> 0 | AG8: ='Data Ocupacion'!BL47 -> 0
A9: Servicios PU-EB | B9: 25.4 | C9: ='Data Ocupacion'!D48 -> 0 | D9: ='Data Ocupacion'!F48 -> 0 | E9: ='Data Ocupacion'!H48 -> 0 | F9: ='Data Ocupacion'!J48 -> 0 | G9: ='Data Ocupacion'!L48 -> 0 | H9: ='Data Ocupacion'!N48 -> 0 | I9: ='Data Ocupacion'!P48 -> 0 | J9: ='Data Ocupacion'!R48 -> 0 | K9: ='Data Ocupacion'!T48 -> 0 | L9: ='Data Ocupacion'!V48 -> 0 | M9: ='Data Ocupacion'!X48 -> 0 | N9: ='Data Ocupacion'!Z48 -> 0 | O9: ='Data Ocupacion'!AB48 -> 0 | P9: ='Data Ocupacion'!AD48 -> 0 | Q9: ='Data Ocupacion'!AF48 -> 0 | R9: ='Data Ocupacion'!AH48 -> 0 | S9: ='Data Ocupacion'!AJ48 -> 0 | T9: ='Data Ocupacion'!AL48 -> 0 | U9: ='Data Ocupacion'!AN48 -> 0 | V9: ='Data Ocupacion'!AP48 -> 0 | W9: ='Data Ocupacion'!AR48 -> 0 | X9: ='Data Ocupacion'!AT48 -> 0 | Y9: ='Data Ocupacion'!AV48 -> 0 | Z9: ='Data Ocupacion'!AX48 -> 0 | AA9: ='Data Ocupacion'!AZ48 -> 0 | AB9: ='Data Ocupacion'!BB48 -> 0 | AC9: ='Data Ocupacion'!BD48 -> 0 | AD9: ='Data Ocupacion'!BF48 -> 0 | AE9: ='Data Ocupacion'!BH48 -> 0 | AF9: ='Data Ocupacion'!BJ48 -> 0 | AG9: ='Data Ocupacion'!BL48 -> 0
A10: Servicios EB-PU | B10: 25.4 | C10: ='Data Ocupacion'!D49 -> 0 | D10: ='Data Ocupacion'!F49 -> 1 | E10: ='Data Ocupacion'!H49 -> 1 | F10: ='Data Ocupacion'!J49 -> 1 | G10: ='Data Ocupacion'!L49 -> 1 | H10: ='Data Ocupacion'!N49 -> 0 | I10: ='Data Ocupacion'!P49 -> 0 | J10: ='Data Ocupacion'!R49 -> 1 | K10: ='Data Ocupacion'!T49 -> 1 | L10: ='Data Ocupacion'!V49 -> 1 | M10: ='Data Ocupacion'!X49 -> 1 | N10: ='Data Ocupacion'!Z49 -> 1 | O10: ='Data Ocupacion'!AB49 -> 0 | P10: ='Data Ocupacion'!AD49 -> 0 | Q10: ='Data Ocupacion'!AF49 -> 2 | R10: ='Data Ocupacion'!AH49 -> 1 | S10: ='Data Ocupacion'!AJ49 -> 1 | T10: ='Data Ocupacion'!AL49 -> 1 | U10: ='Data Ocupacion'!AN49 -> 1 | V10: ='Data Ocupacion'!AP49 -> 0 | W10: ='Data Ocupacion'!AR49 -> 0 | X10: ='Data Ocupacion'!AT49 -> 1 | Y10: ='Data Ocupacion'!AV49 -> 1 | Z10: ='Data Ocupacion'!AX49 -> 1 | AA10: ='Data Ocupacion'!AZ49 -> 1 | AB10: ='Data Ocupacion'!BB49 -> 1 | AC10: ='Data Ocupacion'!BD49 -> 0 | AD10: ='Data Ocupacion'!BF49 -> 0 | AE10: ='Data Ocupacion'!BH49 -> 1 | AF10: ='Data Ocupacion'!BJ49 -> 1 | AG10: ='Data Ocupacion'!BL49 -> 1
A11: Servicios MI-LI | B11: 35.73 | C11: 1
A12: Servicios LI-MI | B12: 35.73
A14: Trenes PU-LI | B14: 43.13 | C14: ='Data Ocupacion'!D54 -> 57 | D14: ='Data Ocupacion'!F54 -> 152 | E14: ='Data Ocupacion'!H54 -> 142 | F14: ='Data Ocupacion'!J54 -> 146 | G14: ='Data Ocupacion'!L54 -> 146 | H14: ='Data Ocupacion'!N54 -> 73 | I14: ='Data Ocupacion'!P54 -> 57 | J14: ='Data Ocupacion'!R54 -> 142 | K14: ='Data Ocupacion'!T54 -> 136 | L14: ='Data Ocupacion'!V54 -> 136 | M14: ='Data Ocupacion'!X54 -> 136 | N14: ='Data Ocupacion'!Z54 -> 136 | O14: ='Data Ocupacion'!AB54 -> 74 | P14: ='Data Ocupacion'!AD54 -> 57 | Q14: ='Data Ocupacion'!AF54 -> 128 | R14: ='Data Ocupacion'!AH54 -> 126 | S14: ='Data Ocupacion'!AJ54 -> 127 | T14: ='Data Ocupacion'!AL54 -> 127 | U14: ='Data Ocupacion'!AN54 -> 128 | V14: ='Data Ocupacion'!AP54 -> 74 | W14: ='Data Ocupacion'!AR54 -> 57 | X14: ='Data Ocupacion'!AT54 -> 119 | Y14: ='Data Ocupacion'!AV54 -> 119 | Z14: ='Data Ocupacion'!AX54 -> 120 | AA14: ='Data Ocupacion'!AZ54 -> 119 | AB14: ='Data Ocupacion'!BB54 -> 83 | AC14: ='Data Ocupacion'!BD54 -> 64 | AD14: ='Data Ocupacion'!BF54 -> 56 | AE14: ='Data Ocupacion'!BH54 -> 119 | AF14: ='Data Ocupacion'!BJ54 -> 118 | AG14: ='Data Ocupacion'!BL54 -> 137
A15: Trenes LI-PU | B15: 43.13 | C15: ='Data Ocupacion'!D55 -> 59 | D15: ='Data Ocupacion'!F55 -> 150 | E15: ='Data Ocupacion'!H55 -> 141 | F15: ='Data Ocupacion'!J55 -> 144 | G15: ='Data Ocupacion'!L55 -> 144 | H15: ='Data Ocupacion'!N55 -> 73 | I15: ='Data Ocupacion'!P55 -> 57 | J15: ='Data Ocupacion'!R55 -> 136 | K15: ='Data Ocupacion'!T55 -> 133 | L15: ='Data Ocupacion'!V55 -> 133 | M15: ='Data Ocupacion'!X55 -> 134 | N15: ='Data Ocupacion'!Z55 -> 134 | O15: ='Data Ocupacion'!AB55 -> 74 | P15: ='Data Ocupacion'!AD55 -> 57 | Q15: ='Data Ocupacion'!AF55 -> 125 | R15: ='Data Ocupacion'!AH55 -> 124 | S15: ='Data Ocupacion'!AJ55 -> 125 | T15: ='Data Ocupacion'!AL55 -> 124 | U15: ='Data Ocupacion'!AN55 -> 124 | V15: ='Data Ocupacion'!AP55 -> 74 | W15: ='Data Ocupacion'!AR55 -> 57 | X15: ='Data Ocupacion'!AT55 -> 117 | Y15: ='Data Ocupacion'!AV55 -> 117 | Z15: ='Data Ocupacion'!AX55 -> 117 | AA15: ='Data Ocupacion'!AZ55 -> 117 | AB15: ='Data Ocupacion'!BB55 -> 80 | AC15: ='Data Ocupacion'!BD55 -> 64 | AD15: ='Data Ocupacion'!BF55 -> 58 | AE15: ='Data Ocupacion'!BH55 -> 116 | AF15: ='Data Ocupacion'!BJ55 -> 116 | AG15: ='Data Ocupacion'!BL55 -> 130
A16: Trenes PU-SA | B16: 29.11 | C16: ='Data Ocupacion'!D56 -> 0 | D16: ='Data Ocupacion'!F56 -> 0 | E16: ='Data Ocupacion'!H56 -> 0 | F16: ='Data Ocupacion'!J56 -> 0 | G16: ='Data Ocupacion'!L56 -> 0 | H16: ='Data Ocupacion'!N56 -> 0 | I16: ='Data Ocupacion'!P56 -> 0 | J16: ='Data Ocupacion'!R56 -> 0 | K16: ='Data Ocupacion'!T56 -> 0 | L16: ='Data Ocupacion'!V56 -> 0 | M16: ='Data Ocupacion'!X56 -> 0 | N16: ='Data Ocupacion'!Z56 -> 0 | O16: ='Data Ocupacion'!AB56 -> 0 | P16: ='Data Ocupacion'!AD56 -> 0 | Q16: ='Data Ocupacion'!AF56 -> 0 | R16: ='Data Ocupacion'!AH56 -> 0 | S16: ='Data Ocupacion'!AJ56 -> 0 | T16: ='Data Ocupacion'!AL56 -> 0 | U16: ='Data Ocupacion'!AN56 -> 0 | V16: ='Data Ocupacion'!AP56 -> 0 | W16: ='Data Ocupacion'!AR56 -> 0 | X16: ='Data Ocupacion'!AT56 -> 0 | Y16: ='Data Ocupacion'!AV56 -> 0 | Z16: ='Data Ocupacion'!AX56 -> 0 | AA16: ='Data Ocupacion'!AZ56 -> 0 | AB16: ='Data Ocupacion'!BB56 -> 0 | AC16: ='Data Ocupacion'!BD56 -> 0 | AD16: ='Data Ocupacion'!BF56 -> 0 | AE16: ='Data Ocupacion'!BH56 -> 0 | AF16: ='Data Ocupacion'!BJ56 -> 0 | AG16: ='Data Ocupacion'!BL56 -> 0
A17: Trenes SA-PU | B17: 29.11 | C17: ='Data Ocupacion'!D57 -> 0 | D17: ='Data Ocupacion'!F57 -> 0 | E17: ='Data Ocupacion'!H57 -> 0 | F17: ='Data Ocupacion'!J57 -> 0 | G17: ='Data Ocupacion'!L57 -> 0 | H17: ='Data Ocupacion'!N57 -> 0 | I17: ='Data Ocupacion'!P57 -> 0 | J17: ='Data Ocupacion'!R57 -> 0 | K17: ='Data Ocupacion'!T57 -> 0 | L17: ='Data Ocupacion'!V57 -> 0 | M17: ='Data Ocupacion'!X57 -> 0 | N17: ='Data Ocupacion'!Z57 -> 0 | O17: ='Data Ocupacion'!AB57 -> 0 | P17: ='Data Ocupacion'!AD57 -> 0 | Q17: ='Data Ocupacion'!AF57 -> 0 | R17: ='Data Ocupacion'!AH57 -> 0 | S17: ='Data Ocupacion'!AJ57 -> 0 | T17: ='Data Ocupacion'!AL57 -> 0 | U17: ='Data Ocupacion'!AN57 -> 0 | V17: ='Data Ocupacion'!AP57 -> 0 | W17: ='Data Ocupacion'!AR57 -> 0 | X17: ='Data Ocupacion'!AT57 -> 0 | Y17: ='Data Ocupacion'!AV57 -> 0 | Z17: ='Data Ocupacion'!AX57 -> 0 | AA17: ='Data Ocupacion'!AZ57 -> 0 | AB17: ='Data Ocupacion'!BB57 -> 0 | AC17: ='Data Ocupacion'!BD57 -> 0 | AD17: ='Data Ocupacion'!BF57 -> 0 | AE17: ='Data Ocupacion'!BH57 -> 0 | AF17: ='Data Ocupacion'!BJ57 -> 0 | AG17: ='Data Ocupacion'!BL57 -> 0
A18: Trenes EB-PU | B18: 25.4 | C18: ='Data Ocupacion'!D59 -> 0 | D18: ='Data Ocupacion'!F59 -> 2 | E18: ='Data Ocupacion'!H59 -> 2 | F18: ='Data Ocupacion'!J59 -> 2 | G18: ='Data Ocupacion'!L59 -> 2 | H18: ='Data Ocupacion'!N59 -> 0 | I18: ='Data Ocupacion'!P59 -> 0 | J18: ='Data Ocupacion'!R59 -> 2 | K18: ='Data Ocupacion'!T59 -> 2 | L18: ='Data Ocupacion'!V59 -> 2 | M18: ='Data Ocupacion'!X59 -> 2 | N18: ='Data Ocupacion'!Z59 -> 2 | O18: ='Data Ocupacion'!AB59 -> 0 | P18: ='Data Ocupacion'!AD59 -> 0 | Q18: ='Data Ocupacion'!AF59 -> 3 | R18: ='Data Ocupacion'!AH59 -> 2 | S18: ='Data Ocupacion'!AJ59 -> 2 | T18: ='Data Ocupacion'!AL59 -> 2 | U18: ='Data Ocupacion'!AN59 -> 2 | V18: ='Data Ocupacion'!AP59 -> 0 | W18: ='Data Ocupacion'!AR59 -> 0 | X18: ='Data Ocupacion'!AT59 -> 2 | Y18: ='Data Ocupacion'!AV59 -> 2 | Z18: ='Data Ocupacion'!AX59 -> 2 | AA18: ='Data Ocupacion'!AZ59 -> 2 | AB18: ='Data Ocupacion'!BB59 -> 2 | AC18: ='Data Ocupacion'!BD59 -> 0 | AD18: ='Data Ocupacion'!BF59 -> 0 | AE18: ='Data Ocupacion'!BH59 -> 2 | AF18: ='Data Ocupacion'!BJ59 -> 2 | AG18: ='Data Ocupacion'!BL59 -> 2
A19: Trenes PU-EB | B19: 25.4 | C19: 0 | D19: 0 | E19: 0 | F19: 0 | G19: 0 | H19: 0 | I19: 0 | J19: 0 | K19: 0 | L19: 0 | M19: 0 | N19: 0 | O19: 0 | P19: 0 | Q19: 0 | R19: 0 | S19: 0 | T19: 0 | U19: 0 | V19: 0 | W19: 0 | X19: 0 | Y19: 0 | Z19: 0 | AA19: 0 | AB19: 0 | AC19: 0 | AD19: 0 | AE19: 0 | AF19: 0 | AG19: 0
A20: Trenes MI-LI | B20: 35.73 | C20: 2
A21: Trenes LI-MI | B21: 35.73
A22: Corte EB (600) | B22: -17.73 | C22: ='KM-Servicio'!P5 -> 0 | D22: ='KM-Servicio'!P13 -> 0 | E22: ='KM-Servicio'!P20 -> 0 | F22: ='KM-Servicio'!P27 -> 0 | G22: ='KM-Servicio'!P34 -> 0 | H22: ='KM-Servicio'!P41 -> 0 | I22: ='KM-Servicio'!P48 -> 0 | J22: 0 | K22: ='KM-Servicio'!P62 -> 0 | L22: ='KM-Servicio'!P69 -> 0 | M22: ='KM-Servicio'!P76 -> 0 | N22: ='KM-Servicio'!P83 -> 0 | O22: ='KM-Servicio'!P90 -> 0 | P22: ='KM-Servicio'!P97 -> 0 | Q22: ='KM-Servicio'!P104 -> 4 | R22: ='KM-Servicio'!P111 -> 0 | S22: ='KM-Servicio'!P118 -> 0 | T22: ='KM-Servicio'!P125 -> 0 | U22: ='KM-Servicio'!P132 -> 0 | V22: ='KM-Servicio'!P139 -> 0 | W22: ='KM-Servicio'!P146 -> 0 | X22: ='KM-Servicio'!P153 -> 0 | Y22: ='KM-Servicio'!P160 -> 0 | Z22: ='KM-Servicio'!P167 -> 0 | AA22: ='KM-Servicio'!P174 -> 0 | AB22: ='KM-Servicio'!P181 -> 0 | AC22: ='KM-Servicio'!P188 -> 0 | AD22: ='KM-Servicio'!P195 -> 0 | AE22: ='KM-Servicio'!P202 -> 0 | AF22: ='KM-Servicio'!P209 -> 0 | AG22: ='KM-Servicio'!P217 -> 0
A23: Acople EB (600) | B23: -17.73 | C23: ='KM-Servicio'!S7 -> 0 | D23: ='KM-Servicio'!S14 -> 1 | E23: ='KM-Servicio'!S21 -> 6 | F23: ='KM-Servicio'!S28 -> 12 | G23: ='KM-Servicio'!S35 -> 5 | H23: ='KM-Servicio'!S42 -> 0 | I23: ='KM-Servicio'!S49 -> 0 | J23: ='KM-Servicio'!S56 -> 3 | K23: ='KM-Servicio'!S63 -> 6 | L23: ='KM-Servicio'!S70 -> 5 | M23: ='KM-Servicio'!S77 -> 4 | N23: ='KM-Servicio'!S84 -> 4 | O23: ='KM-Servicio'!S91 -> 0 | P23: ='KM-Servicio'!S98 -> 0 | Q23: ='KM-Servicio'!S105 -> 1 | R23: ='KM-Servicio'!S112 -> 1 | S23: ='KM-Servicio'!S119 -> 4 | T23: ='KM-Servicio'!S126 -> 3 | U23: ='KM-Servicio'!S133 -> 1 | V23: ='KM-Servicio'!S140 -> 0 | W23: ='KM-Servicio'!S147 -> 0 | X23: ='KM-Servicio'!S154 -> 1 | Y23: ='KM-Servicio'!S161 -> 1 | Z23: ='KM-Servicio'!S168 -> 1 | AA23: ='KM-Servicio'!S175 -> 1 | AB23: ='KM-Servicio'!S182 -> 1 | AC23: ='KM-Servicio'!S189 -> 0 | AD23: ='KM-Servicio'!S196 -> 0 | AE23: ='KM-Servicio'!S203 -> 2 | AF23: ='KM-Servicio'!S210 -> 1 | AG23: ='KM-Servicio'!S217 -> 0
A24: Acople/Corte SA (600) | B24: -14.02 | C24: ='KM-Servicio'!T7 -> 0 | D24: ='KM-Servicio'!T14 -> 0 | E24: ='KM-Servicio'!T21 -> 0 | F24: ='KM-Servicio'!T28 -> 0 | G24: ='KM-Servicio'!T35 -> 0 | H24: ='KM-Servicio'!T42 -> 0 | I24: ='KM-Servicio'!T49 -> 0 | J24: ='KM-Servicio'!T56 -> 0 | K24: ='KM-Servicio'!T63 -> 0 | L24: ='KM-Servicio'!T70 -> 0 | M24: ='KM-Servicio'!T77 -> 0 | N24: ='KM-Servicio'!T84 -> 0 | O24: ='KM-Servicio'!T91 -> 0 | P24: ='KM-Servicio'!T98 -> 0 | Q24: ='KM-Servicio'!T105 -> 0 | R24: ='KM-Servicio'!T112 -> 0 | S24: ='KM-Servicio'!T119 -> 0 | T24: ='KM-Servicio'!T126 -> 0 | U24: ='KM-Servicio'!T133 -> 0 | V24: ='KM-Servicio'!T140 -> 0 | W24: ='KM-Servicio'!T147 -> 0 | X24: ='KM-Servicio'!T154 -> 0 | Y24: ='KM-Servicio'!T161 -> 0 | Z24: ='KM-Servicio'!T168 -> 0 | AA24: ='KM-Servicio'!T175 -> 0 | AB24: ='KM-Servicio'!T182 -> 0 | AC24: ='KM-Servicio'!T189 -> 0 | AD24: ='KM-Servicio'!T196 -> 0 | AE24: ='KM-Servicio'!T203 -> 0 | AF24: ='KM-Servicio'!T210 -> 0 | AG24: ='KM-Servicio'!T217 -> 0
A25: Corte EB (400) | B25: -3.71 | E25: ='KM-Servicio'!P22 -> 0 | G25: ='KM-Servicio'!P36 -> 0 | N25: ='KM-Servicio'!P85 -> 0
A26: Acople EB (600) vía 1 | B26: -25.4 | J26: 4 | O26: ='KM-Servicio'!R90 -> 0 | U26: ='KM-Servicio'!S167 -> 1 | Z26: 1 | AG26: ='KM-Servicio'!S216 -> 5
A28: Servicios | B28: =SUM(C28:AG28) -> 4555 | C28: =SUM(C5:C11) -> 112 | D28: =SUM(D5:D10) -> 164 | E28: =SUM(E5:E10) -> 164 | F28: =SUM(F5:F10) -> 164 | G28: =SUM(G5:G10) -> 164 | H28: =SUM(H5:H10) -> 143 | I28: =SUM(I5:I10) -> 111 | J28: =SUM(J5:J10) -> 163 | K28: =SUM(K5:K12) -> 164 | L28: =SUM(L5:L10) -> 164 | M28: =SUM(M5:M10) -> 164 | N28: =SUM(N5:N10) -> 164 | O28: =SUM(O5:O10) -> 143 | P28: =SUM(P5:P10) -> 111 | Q28: =SUM(Q5:Q10) -> 165 | R28: =SUM(R5:R10) -> 164 | S28: =SUM(S5:S10) -> 164 | ... AG28: =SUM(AG5:AG10) -> 191
A29: Trenes | B29: =SUM(C29:AG29) -> 6812 | C29: =SUM(C14:C20) -> 118 | D29: =SUM(D14:D19) -> 304 | E29: =SUM(E14:E19) -> 285 | F29: =SUM(F14:F19) -> 292 | G29: =SUM(G14:G19) -> 292 | H29: =SUM(H14:H19) -> 146 | I29: =SUM(I14:I19) -> 114 | J29: =SUM(J14:J19) -> 280 | K29: =SUM(K14:K21) -> 271 | L29: =SUM(L14:L19) -> 271 | M29: =SUM(M14:M19) -> 272 | N29: =SUM(N14:N19) -> 272 | O29: =SUM(O14:O19) -> 148 | P29: =SUM(P14:P19) -> 114 | Q29: =SUM(Q14:Q19) -> 256 | R29: =SUM(R14:R19) -> 252 | S29: =SUM(S14:S19) -> 254 | ... AG29: =SUM(AG14:AG19) -> 269
A30: Trenes KM | B30: =SUM(C30:AG30) -> 291260.47 | C30: =(C14*$B$14+C15*$B$15+C16*$B$16+C17*$B$17+C19*$B$19+C23*$B$23+C18*$B$18+C22*$B$22+C24*B24+C20*B20) -> 5074.54 | D30: =(D14*$B$14+D15*$B$15+D16*$B$16+D17*$B$17+D19*$B$19+D23*$B$23+D18*$B$18+D22*$B$22+D24*B24) -> 13058.33 | E30: =(E14*$B$14+E15*$B$15+E16*$B$16+E17*$B$17+E19*$B$19+E23*$B$23+E18*$B$18+E22*$B$22+E24*B24+E25*B25) -> 12150.21 | F30: =(F14*$B$14+F15*$B$15+F16*$B$16+F17*$B$17+F19*$B$19+F23*$B$23+F18*$B$18+F22*$B$22+F26*B26) -> 12345.74 | G30: =(G14*$B$14+G15*$B$15+G16*$B$16+G17*$B$17+G19*$B$19+G23*$B$23+G18*$B$18+G22*$B$22+G24*B24+G25*B25) -> 12469.85 | H30: =(H14*$B$14+H15*$B$15+H16*$B$16+H17*$B$17+H19*$B$19+H23*$B$23+H18*$B$18+H22*$B$22) -> 6296.98 | I30: =(I14*$B$14+I15*$B$15+I16*$B$16+I17*$B$17+I19*$B$19+I23*$B$23+I18*$B$18+I22*$B$22) -> 4916.82 | J30: =(J14*$B$14+J15*$B$15+J16*$B$16+J17*$B$17+J19*$B$19+J23*$B$23+J18*$B$18+J22*$B$22+J26*B26) -> 11886.15 | K30: =(K14*$B$14+K15*$B$15+K16*$B$16+K17*$B$17+K19*$B$19+K23*$B$23+K18*$B$18+K22*$B$22+K24*B24+K20*B20+K21*B21) -> 11546.39 | L30: =(L14*$B$14+L15*$B$15+L16*$B$16+L17*$B$17+L19*$B$19+L23*$B$23+L18*$B$18+L22*$B$22+L24*B24) -> 11564.12 | M30: =(M14*$B$14+M15*$B$15+M16*$B$16+M17*$B$17+M19*$B$19+M23*$B$23+M18*$B$18+M22*$B$22) -> 11624.98 | N30: =(N14*$B$14+N15*$B$15+N16*$B$16+N17*$B$17+N19*$B$19+N23*$B$23+N18*$B$18+N22*$B$22+N24*B24+N25*B25) -> 11624.98 | O30: =(O14*$B$14+O15*$B$15+O16*$B$16+O17*$B$17+O19*$B$19+O23*$B$23+O18*$B$18+O22*$B$22+O26*B26) -> 6383.24 | P30: =(P14*$B$14+P15*$B$15+P16*$B$16+P17*$B$17+P19*$B$19+P23*$B$23+P18*$B$18+P22*$B$22+P24*B24) -> 4916.82 | Q30: =(Q14*$B$14+Q15*$B$15+Q16*$B$16+Q17*$B$17+Q19*$B$19+Q23*$B$23+Q18*$B$18+Q22*$B$22+Q24*B24) -> 10899.44 | R30: =(R14*$B$14+R15*$B$15+R16*$B$16+R17*$B$17+R19*$B$19+R23*$B$23+R18*$B$18+R22*$B$22) -> 10815.57 | S30: =(S14*$B$14+S15*$B$15+S16*$B$16+S17*$B$17+S19*$B$19+S23*$B$23+S18*$B$18+S22*$B$22) -> 10848.64 | T30: =(T14*$B$14+T15*$B$15+T16*$B$16+T17*$B$17+T19*$B$19+T23*$B$23+T18*$B$18+T22*$B$22+T24*B24) -> 10823.24 | U30: =(U14*$B$14+U15*$B$15+U16*$B$16+U17*$B$17+U19*$B$19+U23*$B$23+U18*$B$18+U22*$B$22+U24*B24+U26*B26) -> 10876.43 | V30: =(V14*$B$14+V15*$B$15+V16*$B$16+V17*$B$17+V19*$B$19+V23*$B$23+V18*$B$18+V22*$B$22+V24*B24) -> 6383.24 | W30: =(W14*$B$14+W15*$B$15+W16*$B$16+W17*$B$17+W19*$B$19+W23*$B$23+W18*$B$18+W22*$B$22+W24*B24) -> 4916.82 | X30: =(X14*$B$14+X15*$B$15+X16*$B$16+X17*$B$17+X19*$B$19+X23*$B$23+X18*$B$18+X22*$B$22+X24*B24) -> 10211.75 | Y30: =(Y14*$B$14+Y15*$B$15+Y16*$B$16+Y17*$B$17+Y19*$B$19+Y23*$B$23+Y18*$B$18+Y22*$B$22+Y24*$B$24) -> 10211.75 | Z30: =(Z14*$B$14+Z15*$B$15+Z16*$B$16+Z17*$B$17+Z19*$B$19+Z23*$B$23+Z18*$B$18+Z22*$B$22+Z24*$B$24+Z26*B26) -> 10229.48 | AA30: =(AA14*$B$14+AA15*$B$15+AA16*$B$16+AA17*$B$17+AA19*$B$19+AA23*$B$23+AA18*$B$18+AA22*$B$22) -> 10211.75 | AB30: =(AB14*$B$14+AB15*$B$15+AB16*$B$16+AB17*$B$17+AB19*$B$19+AB23*$B$23+AB18*$B$18+AB22*$B$22+AB24*B24)-243.4 -> 6819.86 | AC30: =(AC14*$B$14+AC15*$B$15+AC16*$B$16+AC17*$B$17+AC19*$B$19+AC23*$B$23+AC18*$B$18+AC22*$B$22+AC24*B24) -> 5520.64 | AD30: =(AD14*$B$14+AD15*$B$15+AD16*$B$16+AD17*$B$17+AD19*$B$19+AD23*$B$23+AD18*$B$18+AD22*$B$22+AD24*B24) -> 4916.82 | AE30: =(AE14*$B$14+AE15*$B$15+AE16*$B$16+AE17*$B$17+AE19*$B$19+AE23*$B$23+AE18*$B$18+AE22*$B$22+AE24*B24) -> 10150.89 | AF30: =(AF14*$B$14+AF15*$B$15+AF16*$B$16+AF17*$B$17+AF19*$B$19+AF23*$B$23+AF18*$B$18+AF22*$B$22+AF24*B24) -> 10125.49 | AG30: =(AG14*$B$14+AG15*$B$15+AG16*$B$16+AG17*$B$17+AG19*$B$19+AG23*$B$23+AG18*$B$18+AG22*$B$22+AG24*B24+AG26*B26) -> 11439.51
A31: Servicios KM | B31: =SUM(C31:AG31) -> 196041.96 | C31: =$B$5*C5+$B$6*C6+$B$7*C7+$B$8*C8+$B$10*C10+$B$9*C9+C11*B11 -> 4823.16 | D31: =$B$5*D5+$B$6*D6+$B$7*D7+$B$8*D8+$B$10*D10+$B$9*D9 -> 7055.59 | E31: =$B$5*E5+$B$6*E6+$B$7*E7+$B$8*E8+$B$10*E10+$B$9*E9 -> 7055.59 | F31: =$B$5*F5+$B$6*F6+$B$7*F7+$B$8*F8+$B$10*F10+$B$9*F9 -> 7055.59 | G31: =$B$5*G5+$B$6*G6+$B$7*G7+$B$8*G8+$B$10*G10+$B$9*G9 -> 7055.59 | H31: =$B$5*H5+$B$6*H6+$B$7*H7+$B$8*H8+$B$10*H10+$B$9*H9 -> 6167.59 | I31: =$B$5*I5+$B$6*I6+$B$7*I7+$B$8*I8+$B$10*I10+$B$9*I9 -> 4787.43 | J31: =$B$5*J5+$B$6*J6+$B$7*J7+$B$8*J8+$B$10*J10+$B$9*J9 -> 7012.46 | K31: =$B$5*K5+$B$6*K6+$B$7*K7+$B$8*K8+$B$10*K10+$B$9*K9 -> 7055.59 | ... AG31: =$B$5*AG5+$B$6*AG6+$B$7*AG7+$B$8*AG8+$B$10*AG10+$B$9*AG9 -> 8220.1
A32: Asientos KM | B32: =SUM(C32:AG32) -> 30291089 | C32: =C30*104 -> 527752.16 | D32: =D30*104 -> 1358066.3 | E32: =E30*104 -> 1263621.8 | F32: =F30*104 -> 1283957 | G32: =G30*104 -> 1296864.4 | H32: =H30*104 -> 654885.92 | I32: =I30*104 -> 511349.28 | J32: =J30*104 -> 1236159.6 | ... AG32: =AG30*104 -> 1189709
A33: Coches KM | B33: =SUM(C33:AG33) -> 582520.94 | C33: =C30*2 -> 10149.08 | D33: =D30*2 -> 26116.66 | E33: =E30*2 -> 24300.42 | F33: =F30*2 -> 24691.48 | G33: =G30*2 -> 24939.7 | H33: =H30*2 -> 12593.96 | I33: =I30*2 -> 9833.64 | J33: =J30*2 -> 23772.3 | ... AG33: =AG30*2 -> 22879.02
A34: Capacidad Total | B34: =SUM(C34:AG34) -> 2465944 | C34: =+C29*362 -> 42716 | D34: =+D29*362 -> 110048 | E34: =+E29*362 -> 103170 | F34: =+F29*362 -> 105704 | G34: =+G29*362 -> 105704 | H34: =+H29*362 -> 52852 | I34: =+I29*362 -> 41268 | J34: =+J29*362 -> 101360 | ... AG34: =+AG29*362 -> 97378
A35: Ton Km Brutas | B35: =SUM(C35:AG35) -> 23096955 | C35: =C30*79.3 -> 402411.02 | D35: =D30*79.3 -> 1035525.6 | E35: =E30*79.3 -> 963511.65 | F35: =F30*79.3 -> 979017.18 | G35: =G30*79.3 -> 988859.1 | H35: =H30*79.3 -> 499350.51 | I35: =I30*79.3 -> 389903.83 | J35: =J30*79.3 -> 942571.69 | ... AG35: =AG30*79.3 -> 907153.14

Sheet Data Ocupacion
D1: 45292 | F1: 45293 | H1: 45294 | J1: 45295 | L1: 45296 | N1: 45297 | P1: 45298 | R1: 45299 | T1: 45300 | V1: 45301 | X1: 45302 | Z1: 45303 | AB1: 45304 | AD1: 45305 | AF1: 45306 | AH1: 45307 | AJ1: 45308 | AL1: 45309 | AN1: 45310 | AP1: 45311 | AR1: 45312 | AT1: 45313 | AV1: 45314 | AX1: 45315 | AZ1: 45316 | BB1: 45317 | BD1: 45318 | BF1: 45319 | BH1: 45320 | BJ1: 45321 | BL1: 45322
D2: S | E2: M | F2: S | G2: M | H2: S | I2: M | J2: S | K2: M | L2: S | M2: M | N2: S | O2: M | P2: S | Q2: M | R2: S | S2: M | T2: S | U2: M | V2: S | W2: M | X2: S | Y2: M | Z2: S | AA2: M | AB2: S | AC2: M | AD2: S | AE2: M | AF2: S | AG2: M | AH2: S | AI2: M | AJ2: S | AK2: M | AL2: S | AM2: M | AN2: S | AO2: M | AP2: S | AQ2: M | AR2: S | AS2: M | AT2: S | AU2: M | AV2: S | AW2: M | AX2: S | AY2: M | AZ2: S | BA2: M | BB2: S | BC2: M | BD2: S | BE2: M | BF2: S | BG2: M | BH2: S | BI2: M | BJ2: S | BK2: M | BL2: S | BM2: M
A3: Servicios PU-SA | D3: 0 | E3: 0 | F3: 0 | G3: 0 | H3: 0 | I3: 0 | J3: 0 | K3: 0 | L3: 0 | M3: 0 | N3: 0 | O3: 0 | P3: 0 | Q3: 0 | R3: 0 | S3: 0 | T3: 0 | U3: 0 | V3: 0 | W3: 0 | X3: 0 | Y3: 0 | Z3: 0 | AA3: 0 | AB3: 0 | AC3: 0 | AD3: 0 | AE3: 0 | AF3: 0 | AG3: 0 | AH3: 0 | AI3: 0 | AJ3: 0 | AK3: 0 | AL3: 0 | AM3: 0 | AN3: 0 | AO3: 0 | AP3: 0 | AQ3: 0 | AR3: 0 | AS3: 0 | AT3: 0 | AU3: 0 | AV3: 0 | AW3: 0 | AX3: 0 | AY3: 0 | AZ3: 0 | BA3: 0 | BB3: 0 | BC3: 0 | BD3: 0 | BE3: 0 | BF3: 0 | BG3: 0 | BH3: 0 | BI3: 0 | BJ3: 0 | BK3: 0 | BL3: 0 | BM3: 0
A4: Servicios PU-EB | D4: 0 | E4: 0 | F4: 0 | G4: 0 | H4: 0 | I4: 0 | J4: 0 | K4: 0 | L4: 0 | M4: 0 | N4: 0 | O4: 0 | P4: 0 | Q4: 0 | R4: 0 | S4: 0 | T4: 0 | U4: 0 | V4: 0 | W4: 0 | X4: 0 | Y4: 0 | Z4: 0 | AA4: 0 | AB4: 0 | AC4: 0 | AD4: 0 | AE4: 0 | AF4: 0 | AG4: 0 | AH4: 0 | AI4: 0 | AJ4: 0 | AK4: 0 | AL4: 0 | AM4: 0 | AN4: 0 | AO4: 0 | AP4: 0 | AQ4: 0 | AR4: 0 | AS4: 0 | AT4: 0 | AU4: 0 | AV4: 0 | AW4: 0 | AX4: 0 | AY4: 0 | AZ4: 0 | BA4: 0 | BB4: 0 | BC4: 0 | BD4: 0 | BE4: 0 | BF4: 0 | BG4: 0 | BH4: 0 | BI4: 0 | BJ4: 0 | BK4: 0 | BL4: 0 | BM4: 0
A5: Servicios PU-LI | D5: 0 | E5: 0 | F5: 0 | G5: 11 | H5: 0 | I5: 11 | J5: 0 | K5: 11 | L5: 0 | M5: 11 | N5: 0 | O5: 0 | P5: 0 | Q5: 0 | R5: 0 | S5: 11 | T5: 0 | U5: 11 | V5: 0 | W5: 11 | X5: 0 | Y5: 11 | Z5: 0 | AA5: 11 | AB5: 0 | AC5: 0 | AD5: 0 | AE5: 0 | AF5: 0 | AG5: 11 | AH5: 0 | AI5: 11 | AJ5: 0 | AK5: 11 | AL5: 0 | AM5: 11 | AN5: 0 | AO5: 11 | AP5: 0 | AQ5: 0 | AR5: 0 | AS5: 0 | AT5: 0 | AU5: 11 | AV5: 0 | AW5: 11 | AX5: 0 | AY5: 11 | AZ5: 0 | BA5: 11 | BB5: 0 | BC5: 6 | BD5: 0 | BE5: 0 | BF5: 0 | BG5: 0 | BH5: 0 | BI5: 11 | BJ5: 0 | BK5: 11 | BL5: 2 | BM5: 13
A6: Servicios SA-PU | D6: 0 | E6: 0 | F6: 0 | G6: 0 | H6: 0 | I6: 0 | J6: 0 | K6: 0 | L6: 0 | M6: 0 | N6: 0 | O6: 0 | P6: 0 | Q6: 0 | R6: 0 | S6: 0 | T6: 0 | U6: 0 | V6: 0 | W6: 0 | X6: 0 | Y6: 0 | Z6: 0 | AA6: 0 | AB6: 0 | AC6: 0 | AD6: 0 | AE6: 0 | AF6: 0 | AG6: 0 | AH6: 0 | AI6: 0 | AJ6: 0 | AK6: 0 | AL6: 0 | AM6: 0 | AN6: 0 | AO6: 0 | AP6: 0 | AQ6: 0 | AR6: 0 | AS6: 0 | AT6: 0 | AU6: 0 | AV6: 0 | AW6: 0 | AX6: 0 | AY6: 0 | AZ6: 0 | BA6: 0 | BB6: 0 | BC6: 0 | BD6: 0 | BE6: 0 | BF6: 0 | BG6: 0 | BH6: 0 | BI6: 0 | BJ6: 0 | BK6: 0 | BL6: 0 | BM6: 0
A7: Servicios EB-PU | D7: 0 | E7: 0 | F7: 0 | G7: 0 | H7: 0 | I7: 0 | J7: 0 | K7: 0 | L7: 0 | M7: 0 | N7: 0 | O7: 0 | P7: 0 | Q7: 0 | R7: 0 | S7: 0 | T7: 0 | U7: 0 | V7: 0 | W7: 0 | X7: 0 | Y7: 0 | Z7: 0 | AA7: 0 | AB7: 0 | AC7: 0 | AD7: 0 | AE7: 0 | AF7: 0 | AG7: 0 | AH7: 0 | AI7: 0 | AJ7: 0 | AK7: 0 | AL7: 0 | AM7: 0 | AN7: 0 | AO7: 0 | AP7: 0 | AQ7: 0 | AR7: 0 | AS7: 0 | AT7: 0 | AU7: 0 | AV7: 0 | AW7: 0 | AX7: 0 | AY7: 0 | AZ7: 0 | BA7: 0 | BB7: 0 | BC7: 0 | BD7: 0 | BE7: 0 | BF7: 0 | BG7: 0 | BH7: 0 | BI7: 0 | BJ7: 0 | BK7: 0 | BL7: 0 | BM7: 0
A8: Servicios LI-PU | D8: 0 | E8: 0 | F8: 0 | G8: 11 | H8: 0 | I8: 11 | J8: 0 | K8: 11 | L8: 0 | M8: 11 | N8: 0 | O8: 0 | P8: 0 | Q8: 0 | R8: 0 | S8: 11 | T8: 0 | U8: 11 | V8: 0 | W8: 11 | X8: 0 | Y8: 11 | Z8: 0 | AA8: 11 | AB8: 0 | AC8: 0 | AD8: 0 | AE8: 0 | AF8: 1 | AG8: 10 | AH8: 1 | AI8: 10 | AJ8: 1 | AK8: 10 | AL8: 1 | AM8: 10 | AN8: 1 | AO8: 10 | AP8: 0 | AQ8: 0 | AR8: 0 | AS8: 0 | AT8: 3 | AU8: 8 | AV8: 3 | AW8: 8 | AX8: 3 | AY8: 8 | AZ8: 3 | BA8: 8 | BB8: 0 | BC8: 5 | BD8: 0 | BE8: 0 | BF8: 0 | BG8: 0 | BH8: 3 | BI8: 8 | BJ8: 3 | BK8: 8 | BL8: 10 | BM8: 4
A10: Servicios PU-SA | D10: 0 | E10: 0 | F10: 0 | G10: 0 | H10: 0 | I10: 0 | J10: 0 | K10: 0 | L10: 0 | M10: 0 | N10: 0 | O10: 0 | P10: 0 | Q10: 0 | R10: 0 | S10: 0 | T10: 0 | U10: 0 | V10: 0 | W10: 0 | X10: 0 | Y10: 0 | Z10: 0 | AA10: 0 | AB10: 0 | AC10: 0 | AD10: 0 | AE10: 0 | AF10: 0 | AG10: 0 | AH10: 0 | AI10: 0 | AJ10: 0 | AK10: 0 | AL10: 0 | AM10: 0 | AN10: 0 | AO10: 0 | AP10: 0 | AQ10: 0 | AR10: 0 | AS10: 0 | AT10: 0 | AU10: 0 | AV10: 0 | AW10: 0 | AX10: 0 | AY10: 0 | AZ10: 0 | BA10: 0 | BB10: 0 | BC10: 0 | BD10: 0 | BE10: 0 | BF10: 0 | BG10: 0 | BH10: 0 | BI10: 0 | BJ10: 0 | BK10: 0 | BL10: 0 | BM10: 0
A11: Servicios PU-EB | D11: 0 | E11: 0 | F11: 0 | G11: 0 | H11: 0 | I11: 0 | J11: 0 | K11: 0 | L11: 0 | M11: 0 | N11: 0 | O11: 0 | P11: 0 | Q11: 0 | R11: 0 | S11: 0 | T11: 0 | U11: 0 | V11: 0 | W11: 0 | X11: 0 | Y11: 0 | Z11: 0 | AA11: 0 | AB11: 0 | AC11: 0 | AD11: 0 | AE11: 0 | AF11: 0 | AG11: 0 | AH11: 0 | AI11: 0 | AJ11: 0 | AK11: 0 | AL11: 0 | AM11: 0 | AN11: 0 | AO11: 0 | AP11: 0 | AQ11: 0 | AR11: 0 | AS11: 0 | AT11: 0 | AU11: 0 | AV11: 0 | AW11: 0 | AX11: 0 | AY11: 0 | AZ11: 0 | BA11: 0 | BB11: 0 | BC11: 0 | BD11: 0 | BE11: 0 | BF11: 0 | BG11: 0 | BH11: 0 | BI11: 0 | BJ11: 0 | BK11: 0 | BL11: 0 | BM11: 0
A12: Servicios PU-LI | D12: 51 | E12: 3 | F12: 12 | G12: 50 | H12: 22 | I12: 40 | J12: 18 | K12: 44 | L12: 18 | M12: 44 | N12: 67 | O12: 3 | P12: 51 | Q12: 3 | R12: 20 | S12: 42 | T12: 28 | U12: 34 | V12: 28 | W12: 34 | X12: 28 | Y12: 34 | Z12: 28 | AA12: 34 | AB12: 66 | AC12: 4 | AD12: 51 | AE12: 3 | AF12: 36 | AG12: 26 | AH12: 38 | AI12: 24 | AJ12: 37 | AK12: 25 | AL12: 37 | AM12: 25 | AN12: 36 | AO12: 26 | AP12: 68 | AQ12: 3 | AR12: 51 | AS12: 3 | AT12: 45 | AU12: 17 | AV12: 45 | AW12: 17 | AX12: 44 | AY12: 18 | AZ12: 45 | BA12: 17 | BB12: 5 | BC12: 30 | BD12: 0 | BE12: 32 | BF12: 0 | BG12: 28 | BH12: 45 | BI12: 17 | BJ12: 46 | BK12: 16 | BL12: 48 | BM12: 20
A13: Servicios SA-PU | D13: 0 | E13: 0 | F13: 0 | G13: 0 | H13: 0 | I13: 0 | J13: 0 | K13: 0 | L13: 0 | M13: 0 | N13: 0 | O13: 0 | P13: 0 | Q13: 0 | R13: 0 | S13: 0 | T13: 0 | U13: 0 | V13: 0 | W13: 0 | X13: 0 | Y13: 0 | Z13: 0 | AA13: 0 | AB13: 0 | AC13: 0 | AD13: 0 | AE13: 0 | AF13: 0 | AG13: 0 | AH13: 0 | AI13: 0 | AJ13: 0 | AK13: 0 | AL13: 0 | AM13: 0 | AN13: 0 | AO13: 0 | AP13: 0 | AQ13: 0 | AR13: 0 | AS13: 0 | AT13: 0 | AU13: 0 | AV13: 0 | AW13: 0 | AX13: 0 | AY13: 0 | AZ13: 0 | BA13: 0 | BB13: 0 | BC13: 0 | BD13: 0 | BE13: 0 | BF13: 0 | BG13: 0 | BH13: 0 | BI13: 0 | BJ13: 0 | BK13: 0 | BL13: 0 | BM13: 0
A14: Servicios EB-PU | D14: 0 | E14: 0 | F14: 0 | G14: 1 | H14: 0 | I14: 1 | J14: 0 | K14: 1 | L14: 0 | M14: 1 | N14: 0 | O14: 0 | P14: 0 | Q14: 0 | R14: 0 | S14: 1 | T14: 0 | U14: 1 | V14: 0 | W14: 1 | X14: 0 | Y14: 1 | Z14: 0 | AA14: 1 | AB14: 0 | AC14: 0 | AD14: 0 | AE14: 0 | AF14: 1 | AG14: 1 | AH14: 0 | AI14: 1 | AJ14: 0 | AK14: 1 | AL14: 0 | AM14: 1 | AN14: 0 | AO14: 1 | AP14: 0 | AQ14: 0 | AR14: 0 | AS14: 0 | AT14: 0 | AU14: 1 | AV14: 0 | AW14: 1 | AX14: 0 | AY14: 1 | AZ14: 0 | BA14: 1 | BB14: 0 | BC14: 1 | BD14: 0 | BE14: 0 | BF14: 0 | BG14: 0 | BH14: 0 | BI14: 1 | BJ14: 0 | BK14: 1 | BL14: 0 | BM14: 1
A15: Servicios LI-PU | D15: 55 | E15: 2 | F15: 12 | G15: 51 | H15: 21 | I15: 42 | J15: 18 | K15: 45 | L15: 18 | M15: 45 | N15: 73 | O15: 0 | P15: 57 | Q15: 0 | R15: 24 | S15: 39 | T15: 26 | U15: 37 | V15: 25 | W15: 38 | X15: 24 | Y15: 39 | Z15: 24 | AA15: 39 | AB15: 72 | AC15: 1 | AD15: 57 | AE15: 0 | AF15: 32 | AG15: 31 | AH15: 33 | AI15: 30 | AJ15: 32 | AK15: 31 | AL15: 33 | AM15: 30 | AN15: 33 | AO15: 30 | AP15: 74 | AQ15: 0 | AR15: 57 | AS15: 0 | AT15: 38 | AU15: 25 | AV15: 38 | AW15: 25 | AX15: 38 | AY15: 25 | AZ15: 38 | BA15: 25 | BB15: 2 | BC15: 31 | BD15: 2 | BE15: 31 | BF15: 0 | BG15: 29 | BH15: 39 | BI15: 24 | BJ15: 39 | BK15: 24 | BL15: 43 | BM15: 28
A16: Servicios MI-LI | D16: 0 | E16: 1
A18: Servicios PU-SA | D18: 0 | E18: 0 | F18: 0 | G18: 0 | H18: 0 | I18: 0 | J18: 0 | K18: 0 | L18: 0 | M18: 0 | N18: 0 | O18: 0 | P18: 0 | Q18: 0 | R18: 0 | S18: 0 | T18: 0 | U18: 0 | V18: 0 | W18: 0 | X18: 0 | Y18: 0 | Z18: 0 | AA18: 0 | AB18: 0 | AC18: 0 | AD18: 0 | AE18: 0 | AF18: 0 | AG18: 0 | AH18: 0 | AI18: 0 | AJ18: 0 | AK18: 0 | AL18: 0 | AM18: 0 | AN18: 0 | AO18: 0 | AP18: 0 | AQ18: 0 | AR18: 0 | AS18: 0 | AT18: 0 | AU18: 0 | AV18: 0 | AW18: 0 | AX18: 0 | AY18: 0 | AZ18: 0 | BA18: 0 | BB18: 0 | BC18: 0 | BD18: 0 | BE18: 0 | BF18: 0 | BG18: 0 | BH18: 0 | BI18: 0 | BJ18: 0 | BK18: 0 | BL18: 0 | BM18: 0
A19: Servicios PU-EB | D19: 0 | E19: 0 | F19: 0 | G19: 0 | H19: 0 | I19: 0 | J19: 0 | K19: 0 | L19: 0 | M19: 0 | N19: 0 | O19: 0 | P19: 0 | Q19: 0 | R19: 0 | S19: 0 | T19: 0 | U19: 0 | V19: 0 | W19: 0 | X19: 0 | Y19: 0 | Z19: 0 | AA19: 0 | AB19: 0 | AC19: 0 | AD19: 0 | AE19: 0 | AF19: 0 | AG19: 0 | AH19: 0 | AI19: 0 | AJ19: 0 | AK19: 0 | AL19: 0 | AM19: 0 | AN19: 0 | AO19: 0 | AP19: 0 | AQ19: 0 | AR19: 0 | AS19: 0 | AT19: 0 | AU19: 0 | AV19: 0 | AW19: 0 | AX19: 0 | AY19: 0 | AZ19: 0 | BA19: 0 | BB19: 0 | BC19: 0 | BD19: 0 | BE19: 0 | BF19: 0 | BG19: 0 | BH19: 0 | BI19: 0 | BJ19: 0 | BK19: 0 | BL19: 0 | BM19: 0
A20: Servicios PU-LI | D20: 0 | E20: 0 | F20: 0 | G20: 9 | H20: 0 | I20: 9 | J20: 0 | K20: 9 | L20: 0 | M20: 9 | N20: 0 | O20: 0 | P20: 0 | Q20: 0 | R20: 0 | S20: 8 | T20: 0 | U20: 9 | V20: 0 | W20: 9 | X20: 0 | Y20: 9 | Z20: 0 | AA20: 9 | AB20: 0 | AC20: 0 | AD20: 0 | AE20: 0 | AF20: 0 | AG20: 9 | AH20: 0 | AI20: 9 | AJ20: 0 | AK20: 9 | AL20: 0 | AM20: 9 | AN20: 0 | AO20: 9 | AP20: 0 | AQ20: 0 | AR20: 0 | AS20: 0 | AT20: 0 | AU20: 9 | AV20: 0 | AW20: 9 | AX20: 0 | AY20: 9 | AZ20: 0 | BA20: 9 | BB20: 0 | BC20: 3 | BD20: 0 | BE20: 0 | BF20: 0 | BG20: 0 | BH20: 0 | BI20: 9 | BJ20: 0 | BK20: 9 | BL20: 3 | BM20: 9
A21: Servicios SA-PU | D21: 0 | E21: 0 | F21: 0 | G21: 0 | H21: 0 | I21: 0 | J21: 0 | K21: 0 | L21: 0 | M21: 0 | N21: 0 | O21: 0 | P21: 0 | Q21: 0 | R21: 0 | S21: 0 | T21: 0 | U21: 0 | V21: 0 | W21: 0 | X21: 0 | Y21: 0 | Z21: 0 | AA21: 0 | AB21: 0 | AC21: 0 | AD21: 0 | AE21: 0 | AF21: 0 | AG21: 0 | AH21: 0 | AI21: 0 | AJ21: 0 | AK21: 0 | AL21: 0 | AM21: 0 | AN21: 0 | AO21: 0 | AP21: 0 | AQ21: 0 | AR21: 0 | AS21: 0 | AT21: 0 | AU21: 0 | AV21: 0 | AW21: 0 | AX21: 0 | AY21: 0 | AZ21: 0 | BA21: 0 | BB21: 0 | BC21: 0 | BD21: 0 | BE21: 0 | BF21: 0 | BG21: 0 | BH21: 0 | BI21: 0 | BJ21: 0 | BK21: 0 | BL21: 0 | BM21: 0
A22: Servicios EB-PU | D22: 0 | E22: 0 | F22: 0 | G22: 0 | H22: 0 | I22: 0 | J22: 0 | K22: 0 | L22: 0 | M22: 0 | N22: 0 | O22: 0 | P22: 0 | Q22: 0 | R22: 0 | S22: 0 | T22: 0 | U22: 0 | V22: 0 | W22: 0 | X22: 0 | Y22: 0 | Z22: 0 | AA22: 0 | AB22: 0 | AC22: 0 | AD22: 0 | AE22: 0 | AF22: 0 | AG22: 0 | AH22: 0 | AI22: 0 | AJ22: 0 | AK22: 0 | AL22: 0 | AM22: 0 | AN22: 0 | AO22: 0 | AP22: 0 | AQ22: 0 | AR22: 0 | AS22: 0 | AT22: 0 | AU22: 0 | AV22: 0 | AW22: 0 | AX22: 0 | AY22: 0 | AZ22: 0 | BA22: 0 | BB22: 0 | BC22: 0 | BD22: 0 | BE22: 0 | BF22: 0 | BG22: 0 | BH22: 0 | BI22: 0 | BJ22: 0 | BK22: 0 | BL22: 0 | BM22: 0
A23: Servicios LI-PU | D23: 0 | E23: 0 | F23: 0 | G23: 7 | H23: 0 | I23: 7 | J23: 0 | K23: 7 | L23: 0 | M23: 7 | N23: 0 | O23: 0 | P23: 0 | Q23: 0 | R23: 2 | S23: 5 | T23: 3 | U23: 4 | V23: 4 | W23: 3 | X23: 4 | Y23: 3 | Z23: 4 | AA23: 3 | AB23: 0 | AC23: 0 | AD23: 0 | AE23: 0 | AF23: 4 | AG23: 3 | AH23: 4 | AI23: 3 | AJ23: 4 | AK23: 3 | AL23: 4 | AM23: 3 | AN23: 4 | AO23: 3 | AP23: 0 | AQ23: 0 | AR23: 0 | AS23: 0 | AT23: 4 | AU23: 3 | AV23: 4 | AW23: 3 | AX23: 4 | AY23: 3 | AZ23: 4 | BA23: 3 | BB23: 0 | BC23: 3 | BD23: 0 | BE23: 0 | BF23: 0 | BG23: 0 | BH23: 4 | BI23: 3 | BJ23: 4 | BK23: 3 | BL23: 7 | BM23: 3
D26: =SUM(D3:D23) -> 106 | E26: =SUM(E3:E23) -> 6 | F26: =SUM(F3:F23) -> 24 | G26: =SUM(G3:G23) -> 140 | H26: =SUM(H3:H23) -> 43 | I26: =SUM(I3:I23) -> 121 | J26: =SUM(J3:J23) -> 36 | K26: =SUM(K3:K23) -> 128 | ... BM26: =SUM(BM3:BM23) -> 78
A32: Km Servicio
A33: PU - LI | D33: =D5+D12+D20 -> 51 | E33: =E5+E12+E20 -> 3 | F33: =F5+F12+F20 -> 12 | G33: =G5+G12+G20 -> 70 | H33: =H5+H12+H20 -> 22 | I33: =I5+I12+I20 -> 60 | J33: =J5+J12+J20 -> 18 | K33: =K5+K12+K20 -> 64 | ... BM33: =BM5+BM12+BM20 -> 42
A34: LI - PU | D34: =D8+D15+D23 -> 55 | E34: =E8+E15+E23 -> 2 | F34: =F8+F15+F23 -> 12 | G34: =G8+G15+G23 -> 69 | H34: =H8+H15+H23 -> 21 | I34: =I8+I15+I23 -> 60 | J34: =J8+J15+J23 -> 18 | K34: =K8+K15+K23 -> 63 | ... BM34: =BM8+BM15+BM23 -> 35
A35: PU - SA | D35: =D3+D10+D18 -> 0 | E35: =E3+E10+E18 -> 0 | F35: =F3+F10+F18 -> 0 | G35: =G3+G10+G18 -> 0 | H35: =H3+H10+H18 -> 0 | I35: =I3+I10+I18 -> 0 | J35: =J3+J10+J18 -> 0 | K35: =K3+K10+K18 -> 0 | ... BM35: =BM3+BM10+BM18 -> 0
A36: SA - PU | D36: =D6+D13+D21 -> 0 | E36: =E6+E13+E21 -> 0 | F36: =F6+F13+F21 -> 0 | G36: =G6+G13+G21 -> 0 | H36: =H6+H13+H21 -> 0 | I36: =I6+I13+I21 -> 0 | J36: =J6+J13+J21 -> 0 | K36: =K6+K13+K21 -> 0 | ... BD36: =BD6+BD13+BD21 -> 0 | BE36: =BE4+BE11+BE19 -> 0 | BF36: =BF6+BF13+BF21 -> 0 | BG36: =BG6+BG13+BG21 -> 0 | BH36: =BH6+BH13+BH21 -> 0 | BI36: =BI6+BI13+BI21 -> 0 | BJ36: =BJ6+BJ13+BJ21 -> 0 | BK36: =BK6+BK13+BK21 -> 0 | BL36: =BL6+BL13+BL21 -> 0 | BM36: =BM6+BM13+BM21 -> 0
A37: PU-EB | D37: =D4+D11+D19 -> 0 | E37: =E4+E11+E19 -> 0 | F37: =F4+F11+F19 -> 0 | G37: =G4+G11+G19 -> 0 | H37: =H4+H11+H19 -> 0 | I37: =I4+I11+I19 -> 0 | J37: =J4+J11+J19 -> 0 | K37: =K4+K11+K19 -> 0 | ... BM37: =BM4+BM11+BM19 -> 0
A38: EB-PU | D38: =D7+D14+D22 -> 0 | E38: =E7+E14+E22 -> 0 | F38: =F7+F14+F22 -> 0 | G38: =G7+G14+G22 -> 1 | H38: =H7+H14+H22 -> 0 | I38: =I7+I14+I22 -> 1 | J38: =J7+J14+J22 -> 0 | K38: =K7+K14+K22 -> 1 | ... BM38: =BM7+BM14+BM22 -> 1
A39: MI-LI | D39: =D16 -> 0 | E39: =E16 -> 1
A40: LI-MI
A41: total | D41: =SUM(D33:D39) -> 106 | E41: =SUM(E33:E39) -> 6 | F41: =SUM(F33:F38) -> 24 | G41: =SUM(G33:G38) -> 140 | H41: =SUM(H33:H38) -> 43 | I41: =SUM(I33:I38) -> 121 | J41: =SUM(J33:J38) -> 36 | K41: =SUM(K33:K38) -> 128 | L41: =SUM(L33:L38) -> 36 | M41: =SUM(M33:M38) -> 128 | ... BM41: =SUM(BM33:BM38) -> 78
A43: Servicios
A44: PU - LI | D44: =D5+E5+D12+E12+D20+E20 -> 54 | F44: =F5+G5+F12+G12+F20+G20 -> 82 | H44: =H5+I5+H12+I12+H20+I20 -> 82 | J44: =J5+K5+J12+K12+J20+K20 -> 82 | L44: =L5+M5+L12+M12+L20+M20 -> 82 | N44: =N5+O5+N12+O12+N20+O20 -> 70 | P44: =P5+Q5+P12+Q12+P20+Q20 -> 54 | R44: =R5+S5+R12+S12+R20+S20 -> 81 | T44: =T5+U5+T12+U12+T20+U20 -> 82 | V44: =V5+W5+V12+W12+V20+W20 -> 82 | X44: =X5+Y5+X12+Y12+X20+Y20 -> 82 | Z44: =Z5+AA5+Z12+AA12+Z20+AA20 -> 82 | AB44: =AB5+AC5+AB12+AC12+AB20+AC20 -> 70 | AD44: =AD5+AE5+AD12+AE12+AD20+AE20 -> 54 | AF44: =AF5+AG5+AF12+AG12+AF20+AG20 -> 82 | AH44: =AH5+AI5+AH12+AI12+AH20+AI20 -> 82 | AJ44: =AJ5+AK5+AJ12+AK12+AJ20+AK20 -> 82 | AL44: =AL5+AM5+AL12+AM12+AL20+AM20 -> 82 | AN44: =AN5+AO5+AN12+AO12+AN20+AO20 -> 82 | AP44: =AP5+AQ5+AP12+AQ12+AP20+AQ20 -> 71 | AR44: =AR5+AS5+AR12+AS12+AR20+AS20 -> 54 | AT44: =AT5+AU5+AT12+AU12+AT20+AU20 -> 82 | AV44: =AV5+AW5+AV12+AW12+AV20+AW20 -> 82 | AX44: =AX5+AY5+AX12+AY12+AX20+AY20 -> 82 | AZ44: =AZ5+BA5+AZ12+BA12+AZ20+BA20 -> 82 | BB44: =BB5+BC5+BB12+BC12+BB20+BC20 -> 44 | BD44: =BD5+BE5+BD12+BE12+BD20+BE20 -> 32 | BF44: =BF5+BG5+BF12+BG12+BF20+BG20 -> 28 | BH44: =BH5+BI5+BH12+BI12+BH20+BI20 -> 82 | BJ44: =BJ5+BK5+BJ12+BK12+BJ20+BK20 -> 82 | BL44: =BL5+BM5+BL12+BM12+BL20+BM20 -> 95
A45: LI - PU | D45: =D8+E8+D15+E15+D23+E23 -> 57 | F45: =F8+G8+F15+G15+F23+G23 -> 81 | H45: =H8+I8+H15+I15+H23+I23 -> 81 | J45: =J8+K8+J15+K15+J23+K23 -> 81 | L45: =L8+M8+L15+M15+L23+M23 -> 81 | N45: =N8+O8+N15+O15+N23+O23 -> 73 | P45: =P8+Q8+P15+Q15+P23+Q23 -> 57 | R45: =R8+S8+R15+S15+R23+S23 -> 81 | T45: =T8+U8+T15+U15+T23+U23 -> 81 | V45: =V8+W8+V15+W15+V23+W23 -> 81 | X45: =X8+Y8+X15+Y15+X23+Y23 -> 81 | Z45: =Z8+AA8+Z15+AA15+Z23+AA23 -> 81 | AB45: =AB8+AC8+AB15+AC15+AB23+AC23 -> 73 | AD45: =AD8+AE8+AD15+AE15+AD23+AE23 -> 57 | AF45: =AF8+AG8+AF15+AG15+AF23+AG23 -> 81 | AH45: =AH8+AI8+AH15+AI15+AH23+AI23 -> 81 | AJ45: =AJ8+AK8+AJ15+AK15+AJ23+AK23 -> 81 | AL45: =AL8+AM8+AL15+AM15+AL23+AM23 -> 81 | AN45: =AN8+AO8+AN15+AO15+AN23+AO23 -> 81 | AP45: =AP8+AQ8+AP15+AQ15+AP23+AQ23 -> 74 | AR45: =AR8+AS8+AR15+AS15+AR23+AS23 -> 57 | AT45: =AT8+AU8+AT15+AU15+AT23+AU23 -> 81 | AV45: =AV8+AW8+AV15+AW15+AV23+AW23 -> 81 | AX45: =AX8+AY8+AX15+AY15+AX23+AY23 -> 81 | AZ45: =AZ8+BA8+AZ15+BA15+AZ23+BA23 -> 81 | BB45: =BB8+BC8+BB15+BC15+BB23+BC23 -> 41 | BD45: =BD8+BE8+BD15+BE15+BD23+BE23 -> 33 | BF45: =BF8+BG8+BF15+BG15+BF23+BG23 -> 29 | BH45: =BH8+BI8+BH15+BI15+BH23+BI23 -> 81 | BJ45: =BJ8+BK8+BJ15+BK15+BJ23+BK23 -> 81 | BL45: =BL8+BM8+BL15+BM15+BL23+BM23 -> 95
A46: PU - SA | D46: =D3+E3+D10+E10+D18+E18 -> 0 | F46: =F3+G3+F10+G10+F18+G18 -> 0 | H46: =H3+I3+H10+I10+H18+I18 -> 0 | J46: =J3+K3+J10+K10+J18+K18 -> 0 | L46: =L3+M3+L10+M10+L18+M18 -> 0 | N46: =N3+O3+N10+O10+N18+O18 -> 0 | P46: =P3+Q3+P10+Q10+P18+Q18 -> 0 | R46: =R3+S3+R10+S10+R18+S18 -> 0 | T46: =T3+U3+T10+U10+T18+U18 -> 0 | V46: =V3+W3+V10+W10+V18+W18 -> 0 | X46: =X3+Y3+X10+Y10+X18+Y18 -> 0 | Z46: =Z3+AA3+Z10+AA10+Z18+AA18 -> 0 | AB46: =AB3+AC3+AB10+AC10+AB18+AC18 -> 0 | AD46: =AD3+AE3+AD10+AE10+AD18+AE18 -> 0 | AF46: =AF3+AG3+AF10+AG10+AF18+AG18 -> 0 | AH46: =AH3+AI3+AH10+AI10+AH18+AI18 -> 0 | AJ46: =AJ3+AK3+AJ10+AK10+AJ18+AK18 -> 0 | AL46: =AL3+AM3+AL10+AM10+AL18+AM18 -> 0 | AN46: =AN3+AO3+AN10+AO10+AN18+AO18 -> 0 | AP46: =AP3+AQ3+AP10+AQ10+AP18+AQ18 -> 0 | AR46: =AR3+AS3+AR10+AS10+AR18+AS18 -> 0 | AT46: =AT3+AU3+AT10+AU10+AT18+AU18 -> 0 | AV46: =AV3+AW3+AV10+AW10+AV18+AW18 -> 0 | AX46: =AX3+AY3+AX10+AY10+AX18+AY18 -> 0 | AZ46: =AZ3+BA3+AZ10+BA10+AZ18+BA18 -> 0 | BB46: =BB3+BC3+BB10+BC10+BB18+BC18 -> 0 | BD46: =BD3+BE3+BD10+BE10+BD18+BE18 -> 0 | BF46: =BF3+BG3+BF10+BG10+BF18+BG18 -> 0 | BH46: =BH3+BI3+BH10+BI10+BH18+BI18 -> 0 | BJ46: =BJ3+BK3+BJ10+BK10+BJ18+BK18 -> 0 | BL46: =BL3+BM3+BL10+BM10+BL18+BM18 -> 0
A47: SA - PU | D47: =D6+E6+D13+E13+D21+E21 -> 0 | F47: =F6+G6+F13+G13+F21+G21 -> 0 | H47: =H6+I6+H13+I13+H21+I21 -> 0 | J47: =J6+K6+J13+K13+J21+K21 -> 0 | L47: =L6+M6+L13+M13+L21+M21 -> 0 | N47: =N6+O6+N13+O13+N21+O21 -> 0 | P47: =P6+Q6+P13+Q13+P21+Q21 -> 0 | R47: =R6+S6+R13+S13+R21+S21 -> 0 | T47: =T6+U6+T13+U13+T21+U21 -> 0 | V47: =V6+W6+V13+W13+V21+W21 -> 0 | X47: =X6+Y6+X13+Y13+X21+Y21 -> 0 | Z47: =Z6+AA6+Z13+AA13+Z21+AA21 -> 0 | AB47: =AB6+AC6+AB13+AC13+AB21+AC21 -> 0 | AD47: =AD6+AE6+AD13+AE13+AD21+AE21 -> 0 | AF47: =AF6+AG6+AF13+AG13+AF21+AG21 -> 0 | AH47: =AH6+AI6+AH13+AI13+AH21+AI21 -> 0 | AJ47: =AJ6+AK6+AJ13+AK13+AJ21+AK21 -> 0 | AL47: =AL6+AM6+AL13+AM13+AL21+AM21 -> 0 | AN47: =AN6+AO6+AN13+AO13+AN21+AO21 -> 0 | AP47: =AP6+AQ6+AP13+AQ13+AP21+AQ21 -> 0 | AR47: =AR6+AS6+AR13+AS13+AR21+AS21 -> 0 | AT47: =AT6+AU6+AT13+AU13+AT21+AU21 -> 0 | AV47: =AV6+AW6+AV13+AW13+AV21+AW21 -> 0 | AX47: =AX6+AY6+AX13+AY13+AX21+AY21 -> 0 | AZ47: =AZ6+BA6+AZ13+BA13+AZ21+BA21 -> 0 | BB47: =BB6+BC6+BB13+BC13+BB21+BC21 -> 0 | BD47: =BD6+BE6+BD13+BE13+BD21+BE21 -> 0 | BF47: =BF6+BG6+BF13+BG13+BF21+BG21 -> 0 | BH47: =BH6+BI6+BH13+BI13+BH21+BI21 -> 0 | BJ47: =BJ6+BK6+BJ13+BK13+BJ21+BK21 -> 0 | BL47: =BL6+BM6+BL13+BM13+BL21+BM21 -> 0
A48: PU-EB | D48: =D4+E4+D11+E11+D19+E19 -> 0 | F48: =F4+G4+F11+G11+F19+G19 -> 0 | H48: =H4+I4+H11+I11+H19+I19 -> 0 | J48: =J4+K4+J11+K11+J19+K19 -> 0 | L48: =L4+M4+L11+M11+L19+M19 -> 0 | N48: =N4+O4+N11+O11+N19+O19 -> 0 | P48: =P4+Q4+P11+Q11+P19+Q19 -> 0 | R48: =R4+S4+R11+S11+R19+S19 -> 0 | T48: =T4+U4+T11+U11+T19+U19 -> 0 | V48: =V4+W4+V11+W11+V19+W19 -> 0 | X48: =X4+Y4+X11+Y11+X19+Y19 -> 0 | Z48: =Z4+AA4+Z11+AA11+Z19+AA19 -> 0 | AB48: =AB4+AC4+AB11+AC11+AB19+AC19 -> 0 | AD48: =AD4+AE4+AD11+AE11+AD19+AE19 -> 0 | AF48: =AF4+AG4+AF11+AG11+AF19+AG19 -> 0 | AH48: =AH4+AI4+AH11+AI11+AH19+AI19 -> 0 | AJ48: =AJ4+AK4+AJ11+AK11+AJ19+AK19 -> 0 | AL48: =AL4+AM4+AL11+AM11+AL19+AM19 -> 0 | AN48: =AN4+AO4+AN11+AO11+AN19+AO19 -> 0 | AP48: =AP4+AQ4+AP11+AQ11+AP19+AQ19 -> 0 | AR48: =AR4+AS4+AR11+AS11+AR19+AS19 -> 0 | AT48: =AT4+AU4+AT11+AU11+AT19+AU19 -> 0 | AV48: =AV4+AW4+AV11+AW11+AV19+AW19 -> 0 | AX48: =AX4+AY4+AX11+AY11+AX19+AY19 -> 0 | AZ48: =AZ4+BA4+AZ11+BA11+AZ19+BA19 -> 0 | BB48: =BB4+BC4+BB11+BC11+BB19+BC19 -> 0 | BD48: =BD4+BE4+BD11+BE11+BD19+BE19 -> 0 | BF48: =BF4+BG4+BF11+BG11+BF19+BG19 -> 0 | BH48: =BH4+BI4+BH11+BI11+BH19+BI19 -> 0 | BJ48: =BJ4+BK4+BJ11+BK11+BJ19+BK19 -> 0 | BL48: =BL4+BM4+BL11+BM11+BL19+BM19 -> 0
A49: EB-PU | D49: =D7+E7+D14+E14+D22+E22 -> 0 | F49: =F7+G7+F14+G14+F22+G22 -> 1 | H49: =H7+I7+H14+I14+H22+I22 -> 1 | J49: =J7+K7+J14+K14+J22+K22 -> 1 | L49: =L7+M7+L14+M14+L22+M22 -> 1 | N49: =N7+O7+N14+O14+N22+O22 -> 0 | P49: =P7+Q7+P14+Q14+P22+Q22 -> 0 | R49: =R7+S7+R14+S14+R22+S22 -> 1 | T49: =T7+U7+T14+U14+T22+U22 -> 1 | V49: =V7+W7+V14+W14+V22+W22 -> 1 | X49: =X7+Y7+X14+Y14+X22+Y22 -> 1 | Z49: =Z7+AA7+Z14+AA14+Z22+AA22 -> 1 | AB49: =AB7+AC7+AB14+AC14+AB22+AC22 -> 0 | AD49: =AD7+AE7+AD14+AE14+AD22+AE22 -> 0 | AF49: =AF7+AG7+AF14+AG14+AF22+AG22 -> 2 | AH49: =AH7+AI7+AH14+AI14+AH22+AI22 -> 1 | AJ49: =AJ7+AK7+AJ14+AK14+AJ22+AK22 -> 1 | AL49: =AL7+AM7+AL14+AM14+AL22+AM22 -> 1 | AN49: =AN7+AO7+AN14+AO14+AN22+AO22 -> 1 | AP49: =AP7+AQ7+AP14+AQ14+AP22+AQ22 -> 0 | AR49: =AR7+AS7+AR14+AS14+AR22+AS22 -> 0 | AT49: =AT7+AU7+AT14+AU14+AT22+AU22 -> 1 | AV49: =AV7+AW7+AV14+AW14+AV22+AW22 -> 1 | AX49: =AX7+AY7+AX14+AY14+AX22+AY22 -> 1 | AZ49: =AZ7+BA7+AZ14+BA14+AZ22+BA22 -> 1 | BB49: =BB7+BC7+BB14+BC14+BB22+BC22 -> 1 | BD49: =BD7+BE7+BD14+BE14+BD22+BE22 -> 0 | BF49: =BF7+BG7+BF14+BG14+BF22+BG22 -> 0 | BH49: =BH7+BI7+BH14+BI14+BH22+BI22 -> 1 | BJ49: =BJ7+BK7+BJ14+BK14+BJ22+BK22 -> 1 | BL49: =BL7+BM7+BL14+BM14+BL22+BM22 -> 1
A50: MI-LI | D50: =D16+E16 -> 1
A51: LI-MI
A53: Trenes
A54: PU - LI | D54: =(D5+D12+D20)+2*(E5+E12+E20) -> 57 | F54: =(F5+F12+F20)+2*(G5+G12+G20) -> 152 | H54: =(H5+H12+H20)+2*(I5+I12+I20) -> 142 | J54: =(J5+J12+J20)+2*(K5+K12+K20) -> 146 | L54: =(L5+L12+L20)+2*(M5+M12+M20) -> 146 | N54: =(N5+N12+N20)+2*(O5+O12+O20) -> 73 | P54: =(P5+P12+P20)+2*(Q5+Q12+Q20) -> 57 | R54: =(R5+R12+R20)+2*(S5+S12+S20) -> 142 | T54: =(T5+T12+T20)+2*(U5+U12+U20) -> 136 | V54: =(V5+V12+V20)+2*(W5+W12+W20) -> 136 | X54: =(X5+X12+X20)+2*(Y5+Y12+Y20) -> 136 | Z54: =(Z5+Z12+Z20)+2*(AA5+AA12+AA20) -> 136 | AB54: =(AB5+AB12+AB20)+2*(AC5+AC12+AC20) -> 74 | AD54: =(AD5+AD12+AD20)+2*(AE5+AE12+AE20) -> 57 | AF54: =(AF5+AF12+AF20)+2*(AG5+AG12+AG20) -> 128 | AH54: =(AH5+AH12+AH20)+2*(AI5+AI12+AI20) -> 126 | AJ54: =(AJ5+AJ12+AJ20)+2*(AK5+AK12+AK20) -> 127 | AL54: =(AL5+AL12+AL20)+2*(AM5+AM12+AM20) -> 127 | AN54: =(AN5+AN12+AN20)+2*(AO5+AO12+AO20) -> 128 | AP54: =(AP5+AP12+AP20)+2*(AQ5+AQ12+AQ20) -> 74 | AR54: =(AR5+AR12+AR20)+2*(AS5+AS12+AS20) -> 57 | AT54: =(AT5+AT12+AT20)+2*(AU5+AU12+AU20) -> 119 | AV54: =(AV5+AV12+AV20)+2*(AW5+AW12+AW20) -> 119 | AX54: =(AX5+AX12+AX20)+2*(AY5+AY12+AY20) -> 120 | AZ54: =(AZ5+AZ12+AZ20)+2*(BA5+BA12+BA20) -> 119 | BB54: =(BB5+BB12+BB20)+2*(BC5+BC12+BC20) -> 83 | BD54: =(BD5+BD12+BD20)+2*(BE5+BE12+BE20) -> 64 | BF54: =(BF5+BF12+BF20)+2*(BG5+BG12+BG20) -> 56 | BH54: =(BH5+BH12+BH20)+2*(BI5+BI12+BI20) -> 119 | BJ54: =(BJ5+BJ12+BJ20)+2*(BK5+BK12+BK20) -> 118 | BL54: =(BL5+BL12+BL20)+2*(BM5+BM12+BM20) -> 137
A55: LI - PU | D55: =(D8+D15+D23)+2*(E8+E15+E23) -> 59 | F55: =(F8+F15+F23)+2*(G8+G15+G23) -> 150 | H55: =(H8+H15+H23)+2*(I8+I15+I23) -> 141 | J55: =(J8+J15+J23)+2*(K8+K15+K23) -> 144 | L55: =(L8+L15+L23)+2*(M8+M15+M23) -> 144 | N55: =(N8+N15+N23)+2*(O8+O15+O23) -> 73 | P55: =(P8+P15+P23)+2*(Q8+Q15+Q23) -> 57 | R55: =(R8+R15+R23)+2*(S8+S15+S23) -> 136 | T55: =(T8+T15+T23)+2*(U8+U15+U23) -> 133 | V55: =(V8+V15+V23)+2*(W8+W15+W23) -> 133 | X55: =(X8+X15+X23)+2*(Y8+Y15+Y23) -> 134 | Z55: =(Z8+Z15+Z23)+2*(AA8+AA15+AA23) -> 134 | AB55: =(AB8+AB15+AB23)+2*(AC8+AC15+AC23) -> 74 | AD55: =(AD8+AD15+AD23)+2*(AE8+AE15+AE23) -> 57 | AF55: =(AF8+AF15+AF23)+2*(AG8+AG15+AG23) -> 125 | AH55: =(AH8+AH15+AH23)+2*(AI8+AI15+AI23) -> 124 | AJ55: =(AJ8+AJ15+AJ23)+2*(AK8+AK15+AK23) -> 125 | AL55: =(AL8+AL15+AL23)+2*(AM8+AM15+AM23) -> 124 | AN55: =(AN8+AN15+AN23)+2*(AO8+AO15+AO23) -> 124 | AP55: =(AP8+AP15+AP23)+2*(AQ8+AQ15+AQ23) -> 74 | AR55: =(AR8+AR15+AR23)+2*(AS8+AS15+AS23) -> 57 | AT55: =(AT8+AT15+AT23)+2*(AU8+AU15+AU23) -> 117 | AV55: =(AV8+AV15+AV23)+2*(AW8+AW15+AW23) -> 117 | AX55: =(AX8+AX15+AX23)+2*(AY8+AY15+AY23) -> 117 | AZ55: =(AZ8+AZ15+AZ23)+2*(BA8+BA15+BA23) -> 117 | BB55: =(BB8+BB15+BB23)+2*(BC8+BC15+BC23) -> 80 | BD55: =(BD8+BD15+BD23)+2*(BE8+BE15+BE23) -> 64 | BF55: =(BF8+BF15+BF23)+2*(BG8+BG15+BG23) -> 58 | BH55: =(BH8+BH15+BH23)+2*(BI8+BI15+BI23) -> 116 | BJ55: =(BJ8+BJ15+BJ23)+2*(BK8+BK15+BK23) -> 116 | BL55: =(BL8+BL15+BL23)+2*(BM8+BM15+BM23) -> 130
A56: PU - SA | D56: =(D3+D10+D18)+2*(E3+E10+E18) -> 0 | F56: =(F3+F10+F18)+2*(G3+G10+G18) -> 0 | H56: =(H3+H10+H18)+2*(I3+I10+I18) -> 0 | J56: =(J3+J10+J18)+2*(K3+K10+K18) -> 0 | L56: =(L3+L10+L18)+2*(M3+M10+M18) -> 0 | N56: =(N3+N10+N18)+2*(O3+O10+O18) -> 0 | P56: =(P3+P10+P18)+2*(Q3+Q10+Q18) -> 0 | R56: =(R3+R10+R18)+2*(S3+S10+S18) -> 0 | T56: =(T3+T10+T18)+2*(U3+U10+U18) -> 0 | V56: =(V3+V10+V18)+2*(W3+W10+W18) -> 0 | X56: =(X3+X10+X18)+2*(Y3+Y10+Y18) -> 0 | Z56: =(Z3+Z10+Z18)+2*(AA3+AA10+AA18) -> 0 | AB56: =(AB3+AB10+AB18)+2*(AC3+AC10+AC18) -> 0 | AD56: =(AD3+AD10+AD18)+2*(AE3+AE10+AE18) -> 0 | AF56: =(AF3+AF10+AF18)+2*(AG3+AG10+AG18) -> 0 | AH56: =(AH3+AH10+AH18)+2*(AI3+AI10+AI18) -> 0 | AJ56: =(AJ3+AJ10+AJ18)+2*(AK3+AK10+AK18) -> 0 | AL56: =(AL3+AL10+AL18)+2*(AM3+AM10+AM18) -> 0 | AN56: =(AN3+AN10+AN18)+2*(AO3+AO10+AO18) -> 0 | AP56: =(AP3+AP10+AP18)+2*(AQ3+AQ10+AQ18) -> 0 | AR56: =(AR3+AR10+AR18)+2*(AS3+AS10+AS18) -> 0 | AT56: =(AT3+AT10+AT18)+2*(AU3+AU10+AU18) -> 0 | AV56: =(AV3+AV10+AV18)+2*(AW3+AW10+AW18) -> 0 | AX56: =(AX3+AX10+AX18)+2*(AY3+AY10+AY18) -> 0 | AZ56: =(AZ3+AZ10+AZ18)+2*(BA3+BA10+BA18) -> 0 | BB56: =(BB3+BB10+BB18)+2*(BC3+BC10+BC18) -> 0 | BD56: =(BD3+BD10+BD18)+2*(BE3+BE10+BE18) -> 0 | BF56: =(BF3+BF10+BF18)+2*(BG3+BG10+BG18) -> 0 | BH56: =(BH3+BH10+BH18)+2*(BI3+BI10+BI18) -> 0 | BJ56: =(BJ3+BJ10+BJ18)+2*(BK3+BK10+BK18) -> 0 | BL56: =(BL3+BL10+BL18)+2*(BM3+BM10+BM18) -> 0
A57: SA - PU | D57: =(D6+D13+D21)+2*(E6+E13+E21) -> 0 | F57: =(F6+F13+F21)+2*(G6+G13+G21) -> 0 | H57: =(H6+H13+H21)+2*(I6+I13+I21) -> 0 | J57: =(J6+J13+J21)+2*(K6+K13+K21) -> 0 | L57: =(L6+L13+L21)+2*(M6+M13+M21) -> 0 | N57: =(N6+N13+N21)+2*(O6+O13+O21) -> 0 | P57: =(P6+P13+P21)+2*(Q6+Q13+Q21) -> 0 | R57: =(R6+R13+R21)+2*(S6+S13+S21) -> 0 | T57: =(T6+T13+T21)+2*(U6+U13+U21) -> 0 | V57: =(V6+V13+V21)+2*(W6+W13+W21) -> 0 | X57: =(X6+X13+X21)+2*(Y6+Y13+Y21) -> 0 | Z57: =(Z6+Z13+Z21)+2*(AA6+AA13+AA21) -> 0 | AB57: =(AB6+AB13+AB21)+2*(AC6+AC13+AC21) -> 0 | AD57: =(AD6+AD13+AD21)+2*(AE6+AE13+AE21) -> 0 | AF57: =(AF6+AF13+AF21)+2*(AG6+AG13+AG21) -> 0 | AH57: =(AH6+AH13+AH21)+2*(AI6+AI13+AI21) -> 0 | AJ57: =(AJ6+AJ13+AJ21)+2*(AK6+AK13+AK21) -> 0 | AL57: =(AL6+AL13+AL21)+2*(AM6+AM13+AM21) -> 0 | AN57: =(AN6+AN13+AN21)+2*(AO6+AO13+AO21) -> 0 | AP57: =(AP6+AP13+AP21)+2*(AQ6+AQ13+AQ21) -> 0 | AR57: =(AR6+AR13+AR21)+2*(AS6+AS13+AS21) -> 0 | AT57: =(AT6+AT13+AT21)+2*(AU6+AU13+AU21) -> 0 | AV57: =(AV6+AV13+AV21)+2*(AW6+AW13+AW21) -> 0 | AX57: =(AX6+AX13+AX21)+2*(AY6+AY13+AY21) -> 0 | AZ57: =(AZ6+AZ13+AZ21)+2*(BA6+BA13+BA21) -> 0 | BB57: =(BB6+BB13+BB21)+2*(BC6+BC13+BC21) -> 0 | BD57: =(BD6+BD13+BD21)+2*(BE6+BE13+BE21) -> 0 | BF57: =(BF6+BF13+BF21)+2*(BG6+BG13+BG21) -> 0 | BH57: =(BH6+BH13+BH21)+2*(BI6+BI13+BI21) -> 0 | BJ57: =(BJ6+BJ13+BJ21)+2*(BK6+BK13+BK21) -> 0 | BL57: =(BL6+BL13+BL21)+2*(BM6+BM13+BM21) -> 0
A58: PU-EB | D58: =(D4+D11+D19)+2*(E4+E11+E19) -> 0 | F58: =(F4+F11+F19)+2*(G4+G11+G19) -> 0 | H58: =(H4+H11+H19)+2*(I4+I11+I19) -> 0 | J58: =(J4+J11+J19)+2*(K4+K11+K19) -> 0 | L58: =(L4+L11+L19)+2*(M4+M11+M19) -> 0 | N58: =(N4+N11+N19)+2*(O4+O11+O19) -> 0 | P58: =(P4+P11+P19)+2*(Q4+Q11+Q19) -> 0 | R58: =(R4+R11+R19)+2*(S4+S11+S19) -> 0 | T58: =(T4+T11+T19)+2*(U4+U11+U19) -> 0 | V58: =(V4+V11+V19)+2*(W4+W11+W19) -> 0 | X58: =(X4+X11+X19)+2*(Y4+Y11+Y19) -> 0 | Z58: =(Z4+Z11+Z19)+2*(AA4+AA11+AA19) -> 0 | AB58: =(AB4+AB11+AB19)+2*(AC4+AC11+AC19) -> 0 | AD58: =(AD4+AD11+AD19)+2*(AE4+AE11+AE19) -> 0 | AF58: =(AF4+AF11+AF19)+2*(AG4+AG11+AG19) -> 0 | AH58: =(AH4+AH11+AH19)+2*(AI4+AI11+AI19) -> 0 | AJ58: =(AJ4+AJ11+AJ19)+2*(AK4+AK11+AK19) -> 0 | AL58: =(AL4+AL11+AL19)+2*(AM4+AM11+AM19) -> 0 | AN58: =(AN4+AN11+AN19)+2*(AO4+AO11+AO19) -> 0 | AP58: =(AP4+AP11+AP19)+2*(AQ4+AQ11+AQ19) -> 0 | AR58: =(AR4+AR11+AR19)+2*(AS4+AS11+AS19) -> 0 | AT58: =(AT4+AT11+AT19)+2*(AU4+AU11+AU19) -> 0 | AV58: =(AV4+AV11+AV19)+2*(AW4+AW11+AW19) -> 0 | AX58: =(AX4+AX11+AX19)+2*(AY4+AY11+AY19) -> 0 | AZ58: =(AZ4+AZ11+AZ19)+2*(BA4+BA11+BA19) -> 0 | BB58: =(BB4+BB11+BB19)+2*(BC4+BC11+BC19) -> 0 | BD58: =(BD4+BD11+BD19)+2*(BE4+BE11+BE19) -> 0 | BF58: =(BF4+BF11+BF19)+2*(BG4+BG11+BG19) -> 0 | BH58: =(BH4+BH11+BH19)+2*(BI4+BI11+BI19) -> 0 | BJ58: =(BJ4+BJ11+BJ19)+2*(BK4+BK11+BK19) -> 0 | BL58: =(BL4+BL11+BL19)+2*(BM4+BM11+BM19) -> 0
A59: EB-PU | D59: =(D7+D14+D22)+2*(E7+E14+E22) -> 0 | F59: =(F7+F14+F22)+2*(G7+G14+G22) -> 2 | H59: =(H7+H14+H22)+2*(I7+I14+I22) -> 2 | J59: =(J7+J14+J22)+2*(K7+K14+K22) -> 2 | L59: =(L7+L14+L22)+2*(M7+M14+M22) -> 2 | N59: =(N7+N14+N22)+2*(O7+O14+O22) -> 0 | P59: =(P7+P14+P22)+2*(Q7+Q14+Q22) -> 0 | R59: =(R7+R14+R22)+2*(S7+S14+S22) -> 2 | T59: =(T7+T14+T22)+2*(U7+U14+U22) -> 2 | V59: =(V7+V14+V22)+2*(W7+W14+W22) -> 2 | X59: =(X7+X14+X22)+2*(Y7+Y14+Y22) -> 2 | Z59: =(Z7+Z14+Z22)+2*(AA7+AA14+AA22) -> 2 | AB59: =(AB7+AB14+AB22)+2*(AC7+AC14+AC22) -> 0 | AD59: =(AD7+AD14+AD22)+2*(AE7+AE14+AE22) -> 0 | AF59: =(AF7+AF14+AF22)+2*(AG7+AG14+AG22) -> 3 | AH59: =(AH7+AH14+AH22)+2*(AI7+AI14+AI22) -> 2 | AJ59: =(AJ7+AJ14+AJ22)+2*(AK7+AK14+AK22) -> 2 | AL59: =(AL7+AL14+AL22)+2*(AM7+AM14+AM22) -> 2 | AN59: =(AN7+AN14+AN22)+2*(AO7+AO14+AO22) -> 2 | AP59: =(AP7+AP14+AP22)+2*(AQ7+AQ14+AQ22) -> 0 | AR59: =(AR7+AR14+AR22)+2*(AS7+AS14+AS22) -> 0 | AT59: =(AT7+AT14+AT22)+2*(AU7+AU14+AU22) -> 2 | AV59: =(AV7+AV14+AV22)+2*(AW7+AW14+AW22) -> 2 | AX59: =(AX7+AX14+AX22)+2*(AY7+AY14+AY22) -> 2 | AZ59: =(AZ7+AZ14+AZ22)+2*(BA7+BA14+BA22) -> 2 | BB59: =(BB7+BB14+BB22)+2*(BC7+BC14+BC22) -> 2 | BD59: =(BD7+BD14+BD22)+2*(BE7+BE14+BE22) -> 0 | BF59: =(BF7+BF14+BF22)+2*(BG7+BG14+BG22) -> 0 | BH59: =(BH7+BH14+BH22)+2*(BI7+BI14+BI22) -> 2 | BJ59: =(BJ7+BJ14+BJ22)+2*(BK7+BK14+BK22) -> 2 | BL59: =(BL7+BL14+BL22)+2*(BM7+BM14+BM22) -> 2
A60: MI-LI | D60: =(D16)+2*(E16) -> 2
AM71: 0 | AN71: 0 | AO71: 2 | AP71: 0 | AQ71: 0 | AR71: 10 | AT71: 0 | AU71: 0 | AV71: 48 | AW71: 0 | AX71: 0 | AY71: 43 | BA71: 0 | BB71: 0 | BC71: 3 | BD71: 0 | BE71: 0 | BF71: 7
AM72: 0 | AN72: 0 | AO72: 13 | AP72: 0 | AQ72: 0 | AR72: 4 | AT72: 0 | AU72: 0 | AV72: 20 | AW72: 0 | AX72: 1 | AY72: 28 | BA72: 0 | BB72: 0 | BC72: 9 | BD72: 0 | BE72: 0 | BF72: 3

Sheet UMR Resumen
A1: Enero 2024
A2: Fecha | B2: Odómetro | C2: Odómetro acum. | D2: Tren-Km | E2: Tren-Km Acum. | F2: UMR Diario | G2: Viajes Programados | H2: Viajes Realizados | I2: IR | J2: Indice Regularidad (QU-via 2) 7:10am a 8:10am | K2: TKB (no TKBC) | L2: Tipo Dia | M2: Comentarios
A3: 45292 | B3: ='KM-Servicio'!M12 -> 5487 | C3: =B3 -> 5487 | D3: ='KM-Servicio'!V12 -> 5074.54 | E3: =D3 -> 5074.54 | F3: ='KM-Servicio'!N12 -> 92.48296 | G3: =SUM('KM-Servicio'!B12:C12) -> 112 | H3: =SUM('KM-Servicio'!D12:E12) -> 112 | K3: ='Oferta Diaria'!C35 -> 402411.02 | L3: Dgo-Festivo
A4: 45293 | B4: ='KM-Servicio'!M19 -> 13622 | C4: =B4+C3 -> 19109 | D4: ='KM-Servicio'!V19 -> 13058.33 | E4: =D4+E3 -> 18132.87 | F4: ='KM-Servicio'!N19 -> 95.862061 | G4: =SUM('KM-Servicio'!B19:C19) -> 164 | H4: =SUM('KM-Servicio'!D19:E19) -> 164 | K4: ='Oferta Diaria'!D35 -> 1035525.6 | L4: Laboral
A5: 45294 | B5: ='KM-Servicio'!M26 -> 12824 | C5: =B5+C4 -> 31933 | D5: ='KM-Servicio'!V26 -> 12150.21 | E5: =D5+E4 -> 30283.08 | F5: ='KM-Servicio'!N26 -> 94.745867 | G5: =SUM('KM-Servicio'!B26:C26) -> 164 | H5: =SUM('KM-Servicio'!D26:E26) -> 164 | K5: ='Oferta Diaria'!E35 -> 963511.65 | L5: Laboral
A6: 45295 | B6: ='KM-Servicio'!M33 -> 12902 | C6: =B6+C5 -> 44835 | D6: ='KM-Servicio'!V33 -> 12345.74 | E6: =D6+E5 -> 42628.82 | F6: ='KM-Servicio'!N33 -> 95.688575 | G6: =SUM('KM-Servicio'!B33:C33) -> 164 | H6: =SUM('KM-Servicio'!D33:E33) -> 164 | K6: ='Oferta Diaria'!F35 -> 979017.18 | L6: Laboral
A7: 45296 | B7: ='KM-Servicio'!M40 -> 12947 | C7: =B7+C6 -> 57782 | D7: ='KM-Servicio'!V40 -> 12469.85 | E7: =D7+E6 -> 55098.67 | F7: ='KM-Servicio'!N40 -> 96.31459 | G7: =SUM('KM-Servicio'!B40:C40) -> 164 | H7: =SUM('KM-Servicio'!D40:E40) -> 164 | K7: ='Oferta Diaria'!G35 -> 988859.1 | L7: Laboral
A8: 45297 | B8: ='KM-Servicio'!M47 -> 6373 | C8: =B8+C7 -> 64155 | D8: ='KM-Servicio'!V47 -> 6296.98 | E8: =D8+E7 -> 61395.65 | F8: ='KM-Servicio'!N47 -> 98.807155 | G8: =SUM('KM-Servicio'!B47:C47) -> 143 | H8: =SUM('KM-Servicio'!D47:E47) -> 143 | K8: ='Oferta Diaria'!H35 -> 499350.51 | L8: Sábado
A9: 45298 | B9: ='KM-Servicio'!M54 -> 4982 | C9: =B9+C8 -> 69137 | D9: ='KM-Servicio'!V54 -> 4916.82 | E9: =D9+E8 -> 66312.47 | F9: ='KM-Servicio'!N54 -> 98.69169 | G9: =SUM('KM-Servicio'!B54:C54) -> 111 | H9: =SUM('KM-Servicio'!D54:E54) -> 111 | K9: ='Oferta Diaria'!I35 -> 389903.83 | L9: Dgo-Festivo
A10: 45299 | B10: ='KM-Servicio'!M61 -> 12276 | C10: =B10+C9 -> 81413 | D10: ='KM-Servicio'!V61 -> 11886.15 | E10: =D10+E9 -> 78198.62 | F10: ='KM-Servicio'!N61 -> 96.824291 | G10: =SUM('KM-Servicio'!B61:C61) -> 164 | H10: =SUM('KM-Servicio'!D61:E61) -> 163 | K10: ='Oferta Diaria'!J35 -> 942571.69 | L10: Laboral
A11: 45300 | B11: ='KM-Servicio'!M68 -> 12060 | C11: =B11+C10 -> 93473 | D11: ='KM-Servicio'!V68 -> 11546.39 | E11: =D11+E10 -> 89745.01 | F11: ='KM-Servicio'!N68 -> 95.741211 | G11: =SUM('KM-Servicio'!B68:C68) -> 164 | H11: =SUM('KM-Servicio'!D68:E68) -> 164 | K11: ='Oferta Diaria'!K35 -> 915628.73 | L11: Laboral
A12: 45301 | B12: ='KM-Servicio'!M75 -> 12051 | C12: =B12+C11 -> 105524 | D12: ='KM-Servicio'!V75 -> 11564.12 | E12: =D12+E11 -> 101309.13 | F12: ='KM-Servicio'!N75 -> 95.959837 | G12: =SUM('KM-Servicio'!B75:C75) -> 164 | H12: =SUM('KM-Servicio'!D75:E75) -> 164 | K12: ='Oferta Diaria'!L35 -> 917034.72 | L12: Laboral
A13: 45302 | B13: ='KM-Servicio'!M82 -> 12004 | C13: =B13+C12 -> 117528 | D13: ='KM-Servicio'!V82 -> 11624.98 | E13: =D13+E12 -> 112934.11 | F13: ='KM-Servicio'!N82 -> 96.842552 | G13: =SUM('KM-Servicio'!B82:C82) -> 164 | H13: =SUM('KM-Servicio'!D82:E82) -> 164 | K13: ='Oferta Diaria'!M35 -> 921860.91 | L13: Laboral
A14: 45303 | B14: ='KM-Servicio'!M89 -> 12183 | C14: =B14+C13 -> 129711 | D14: ='KM-Servicio'!V89 -> 11624.98 | E14: =D14+E13 -> 124559.09 | F14: ='KM-Servicio'!N89 -> 95.419683 | G14: =SUM('KM-Servicio'!B89:C89) -> 164 | H14: =SUM('KM-Servicio'!D89:E89) -> 164 | K14: ='Oferta Diaria'!N35 -> 921860.91 | L14: Laboral
A15: 45304 | B15: ='KM-Servicio'!M96 -> 6439 | C15: =B15+C14 -> 136150 | D15: ='KM-Servicio'!V96 -> 6383.24 | E15: =D15+E14 -> 130942.33 | F15: ='KM-Servicio'!N96 -> 99.134027 | G15: =SUM('KM-Servicio'!B96:C96) -> 143 | H15: =SUM('KM-Servicio'!D96:E96) -> 143 | K15: ='Oferta Diaria'!O35 -> 506190.93 | L15: Sábado
A16: 45305 | B16: ='KM-Servicio'!M103 -> 4950 | C16: =B16+C15 -> 141100 | D16: ='KM-Servicio'!V103 -> 4916.82 | E16: =D16+E15 -> 135859.15 | F16: ='KM-Servicio'!N103 -> 99.329697 | G16: =SUM('KM-Servicio'!B103:C103) -> 111 | H16: =SUM('KM-Servicio'!D103:E103) -> 111 | K16: ='Oferta Diaria'!P35 -> 389903.83 | L16: Dgo-Festivo
A17: 45306 | B17: ='KM-Servicio'!M110 -> 11512 | C17: =B17+C16 -> 152612 | D17: ='KM-Servicio'!V110 -> 10899.44 | E17: =D17+E16 -> 146758.59 | F17: ='KM-Servicio'!N110 -> 94.678944 | G17: =SUM('KM-Servicio'!B110:C110) -> 164 | H17: =SUM('KM-Servicio'!D110:E110) -> 165 | K17: ='Oferta Diaria'!Q35 -> 864325.59 | L17: Laboral
A18: 45307 | B18: ='KM-Servicio'!$M$117 -> 11454 | C18: =B18+C17 -> 164066 | D18: ='KM-Servicio'!$V$117 -> 10815.57 | E18: =D18+E17 -> 157574.16 | F18: ='KM-Servicio'!N117 -> 94.426139 | G18: =SUM('KM-Servicio'!B117:C117) -> 164 | H18: =SUM('KM-Servicio'!D117:E117) -> 164 | K18: ='Oferta Diaria'!R35 -> 857674.7 | L18: Laboral
A19: 45308 | B19: ='KM-Servicio'!$M$124 -> 11237 | C19: =B19+C18 -> 175303 | D19: ='KM-Servicio'!$V$124 -> 10848.64 | E19: =D19+E18 -> 168422.8 | F19: ='KM-Servicio'!N124 -> 96.543917 | G19: =SUM('KM-Servicio'!B124:C124) -> 164 | H19: =SUM('KM-Servicio'!D124:E124) -> 164 | K19: ='Oferta Diaria'!S35 -> 860297.15 | L19: Laboral
A20: 45309 | B20: ='KM-Servicio'!M131 -> 11425 | C20: =B20+C19 -> 186728 | D20: ='KM-Servicio'!$V$131 -> 10823.24 | E20: =D20+E19 -> 179246.04 | F20: ='KM-Servicio'!N131 -> 94.732954 | G20: =SUM('KM-Servicio'!B131:C131) -> 164 | H20: =SUM('KM-Servicio'!D131:E131) -> 164 | K20: ='Oferta Diaria'!T35 -> 858282.93 | L20: Laboral
A21: 45310 | B21: ='KM-Servicio'!M138 -> 11493 | C21: =B21+C20 -> 198221 | D21: ='KM-Servicio'!$V$138 -> 10876.43 | E21: =D21+E20 -> 190122.47 | F21: ='KM-Servicio'!N138 -> 94.635256 | G21: =SUM('KM-Servicio'!B138:C138) -> 164 | H21: =SUM('KM-Servicio'!D138:E138) -> 164 | K21: ='Oferta Diaria'!U35 -> 862500.9 | L21: Laboral
A22: 45311 | B22: ='KM-Servicio'!M145 -> 6533 | C22: =B22+C21 -> 204754 | D22: ='KM-Servicio'!$V$145 -> 6383.24 | E22: =D22+E21 -> 196505.71 | F22: ='KM-Servicio'!N145 -> 97.707638 | G22: =SUM('KM-Servicio'!B145:C145) -> 145 | H22: =SUM('KM-Servicio'!D145:E145) -> 145 | K22: ='Oferta Diaria'!V35 -> 506190.93 | L22: Sábado
A23: 45312 | B23: ='KM-Servicio'!M152 -> 5119 | C23: =B23+C22 -> 209873 | D23: ='KM-Servicio'!$V$152 -> 4916.82 | E23: =D23+E22 -> 201422.53 | F23: ='KM-Servicio'!N152 -> 96.0504 | G23: =SUM('KM-Servicio'!B152:C152) -> 111 | H23: =SUM('KM-Servicio'!D152:E152) -> 111 | K23: ='Oferta Diaria'!W35 -> 389903.83 | L23: Dgo-Festivo
A24: 45313 | B24: ='KM-Servicio'!M159 -> 10691 | C24: =B24+C23 -> 220564 | D24: ='KM-Servicio'!$V$159 -> 10211.75 | E24: =D24+E23 -> 211634.28 | F24: ='KM-Servicio'!N159 -> 95.517258 | G24: =SUM('KM-Servicio'!B159:C159) -> 164 | H24: =SUM('KM-Servicio'!D159:E159) -> 164 | K24: ='Oferta Diaria'!X35 -> 809791.78 | L24: Laboral
A25: 45314 | B25: ='KM-Servicio'!M166 -> 10696 | C25: =B25+C24 -> 231260 | D25: ='KM-Servicio'!$V$166 -> 10211.75 | E25: =D25+E24 -> 221846.03 | F25: ='KM-Servicio'!N166 -> 95.472607 | G25: =SUM('KM-Servicio'!B166:C166) -> 164 | H25: =SUM('KM-Servicio'!D166:E166) -> 164 | K25: ='Oferta Diaria'!Y35 -> 809791.78 | L25: Laboral
A26: 45315 | B26: ='KM-Servicio'!M173 -> 10714 | C26: =B26+C25 -> 241974 | D26: ='KM-Servicio'!$V$173 -> 10229.48 | E26: =D26+E25 -> 232075.51 | F26: ='KM-Servicio'!N173 -> 95.477693 | G26: =SUM('KM-Servicio'!B173:C173) -> 164 | H26: =SUM('KM-Servicio'!D173:E173) -> 164 | K26: ='Oferta Diaria'!Z35 -> 811197.76 | L26: Laboral
A27: 45316 | B27: ='KM-Servicio'!M180 -> 10801 | C27: =B27+C26 -> 252775 | D27: ='KM-Servicio'!$V$180 -> 10211.75 | E27: =D27+E26 -> 242287.26 | F27: ='KM-Servicio'!N180 -> 94.544487 | G27: =SUM('KM-Servicio'!B180:C180) -> 164 | H27: =SUM('KM-Servicio'!D180:E180) -> 164 | K27: ='Oferta Diaria'!AA35 -> 809791.78 | L27: Laboral
A28: 45317 | B28: ='KM-Servicio'!M187 -> 7448 | C28: =B28+C27 -> 260223 | D28: ='KM-Servicio'!$V$187 -> 6819.86 | E28: =D28+E27 -> 249107.12 | F28: ='KM-Servicio'!N187 -> 91.566327 | G28: =SUM('KM-Servicio'!B187:C187) -> 164 | H28: =SUM('KM-Servicio'!D187:E187) -> 86 | K28: ='Oferta Diaria'!AB35 -> 540814.9 | L28: Laboral
A29: 45318 | B29: ='KM-Servicio'!M194 -> 5603 | C29: =B29+C28 -> 265826 | D29: ='KM-Servicio'!$V$194 -> 5520.64 | E29: =D29+E28 -> 254627.76 | F29: ='KM-Servicio'!N194 -> 98.530073 | G29: =SUM('KM-Servicio'!B194:C194) -> 70 | H29: =SUM('KM-Servicio'!D194:E194) -> 65 | K29: ='Oferta Diaria'!AC35 -> 437786.75 | L29: Sábado
A30: 45319 | B30: ='KM-Servicio'!M201 -> 5100 | C30: =B30+C29 -> 270926 | D30: ='KM-Servicio'!$V$201 -> 4916.82 | E30: =D30+E29 -> 259544.58 | F30: ='KM-Servicio'!N201 -> 96.408235 | G30: =SUM('KM-Servicio'!B201:C201) -> 57 | H30: =SUM('KM-Servicio'!D201:E201) -> 57 | K30: ='Oferta Diaria'!AD35 -> 389903.83 | L30: Dgo-Festivo
A31: 45320 | B31: ='KM-Servicio'!M208 -> 10686 | C31: =B31+C30 -> 281612 | D31: ='KM-Servicio'!$V$208 -> 10150.89 | E31: =D31+E30 -> 269695.47 | F31: ='KM-Servicio'!N208 -> 94.99242 | G31: =SUM('KM-Servicio'!B208:C208) -> 164 | H31: =SUM('KM-Servicio'!D208:E208) -> 164 | K31: ='Oferta Diaria'!AE35 -> 804965.58 | L31: Laboral
A32: 45321 | B32: ='KM-Servicio'!M215 -> 10755 | C32: =B32+C31 -> 292367 | D32: ='KM-Servicio'!$V$215 -> 10125.49 | E32: =D32+E31 -> 279820.96 | F32: ='KM-Servicio'!N215 -> 94.146815 | G32: =SUM('KM-Servicio'!B215:C215) -> 164 | H32: =SUM('KM-Servicio'!D215:E215) -> 164 | K32: ='Oferta Diaria'!AF35 -> 802951.36 | L32: Laboral
A33: 45322 | B33: ='KM-Servicio'!M222 -> 12043 | C33: =B33+C32 -> 304410 | D33: ='KM-Servicio'!$V$222 -> 11439.51 | E33: =D33+E32 -> 291260.47 | F33: ='KM-Servicio'!N222 -> 94.988873 | G33: =SUM('KM-Servicio'!B222:C222) -> 193 | H33: =SUM('KM-Servicio'!D222:E222) -> 191 | K33: ='Oferta Diaria'!AG35 -> 907153.14 | L33: Laboral
A34: TOTAL | B34: =SUM(B3:B33) -> 304410 | C34: =SUM(C3:C33) -> 5010831 | D34: =SUM(D3:D33) -> 291260.47 | E34: =SUM(E3:E33) -> 4804425.3 | F34: =AVERAGE(F3:F33) -> 95.879491 | G34: =SUM(G3:G33) -> 4640 | H34: =SUM(H3:H33) -> 4555 | I34: =SUM(I3:I32) -> 0 | J34: =SUM(J3:J32) -> 0 | K34: =SUM(K3:K33) -> 23096955

Sheet RESUMEN
A3: VARIABLES OPERACIONALES
A4: VARIABLE | B4: Promedio diario | C4: Total | D4: Programado
A5: Nº trenes | B5: =C5/30 -> 227.06667 | C5: ='KM-Servicio'!I242 -> 6812 | D5: ='KM-Servicio'!C237 -> 6858
A6: Nº servicios | B6: =C6/30 -> 151.83333 | C6: ='KM-Servicio'!J235 -> 4555 | D6: ='KM-Servicio'!D235 -> 4640
A7: Tren-km | B7: =C7/30 -> 9766.297 | C7: ='KM-Servicio'!L235 -> 292988.91 | D7: ='KM-Servicio'!F235 -> 295008.35
A8: Km-serv | B8: =C8/30 -> 6534.732 | C8: ='KM-Servicio'!K235 -> 196041.96 | D8: ='KM-Servicio'!E235 -> 199725.74
A9: Asientos km | B9: =C9/30 -> 1015694.9 | C9: ='KM-Servicio'!M235 -> 30470847 | D9: ='KM-Servicio'!G235 -> 30680868
A10: UMR %
A11: Energía kwh | B11: =C11/30 -> 40531.733 | C11: 1215952 | D11: -
A12: Pax
A13: TIEMPO DE VIAJE (PU-LI)
